Timestamp,Actual_Load,Predicted_Load,Residual,Baseline_Pred
2024-10-28 01:59:07.768,0.07100000000000001,0.054645114,-0.016354886353015907,0.026
2024-10-28 02:09:07.220,0.026,0.05235128,0.026351281046867372,0.062
2024-10-28 02:19:07.796,0.07100000000000001,0.055154894,-0.015845106452703484,0.034
2024-10-28 02:29:08.476,0.06,0.05222256,-0.007777438908815382,0.096
2024-10-28 02:39:06.679,0.062,0.06216101,0.00016100975871086165,0.06
2024-10-28 02:49:08.175,0.026,0.064938754,0.0389387538433075,0.097
2024-10-28 02:59:07.278,0.062,0.05522823,-0.006771770387887954,0.026
2024-10-28 03:09:08.413,0.054,0.059719644,0.005719644486904145,0.07100000000000001
2024-10-28 03:19:07.364,0.063,0.054698862,-0.008301137864589692,0.026
2024-10-28 03:29:07.196,0.07,0.059165705,-0.010834295004606254,0.07100000000000001
2024-10-28 03:39:06.916,0.063,0.053787153,-0.009212846785783768,0.06
2024-10-28 03:49:08.331,0.043,0.058352895,0.015352895081043247,0.062
2024-10-28 03:59:09.721,0.062,0.051668942,-0.010331058025360107,0.026
2024-10-28 04:09:07.625,0.026,0.058468927,0.03246892669796944,0.062
2024-10-28 04:19:07.124,0.063,0.05420885,-0.008791151374578476,0.054
2024-10-28 04:29:08.821,0.06,0.058457617,-0.0015423832833766915,0.063
2024-10-28 04:39:07.029,0.063,0.06131015,-0.0016898502707481389,0.07
2024-10-28 04:49:06.669,0.025,0.05286725,0.027867248654365538,0.063
2024-10-28 04:59:09.256,0.07100000000000001,0.04555805,-0.02544194972515107,0.043
2024-10-28 05:09:08.839,0.025,0.044128656,0.0191286563873291,0.062
2024-10-28 05:19:08.338,0.062,0.053794023,-0.008205977350473403,0.026
2024-10-28 05:29:08.193,0.06,0.052614804,-0.00738519564270973,0.063
2024-10-28 05:39:10.377,0.069,0.06200113,-0.0069988685250282345,0.06
2024-10-28 05:49:07.845,0.025,0.052819833,0.027819833159446715,0.063
2024-10-28 05:59:07.716,0.034,0.053747647,0.01974764651060104,0.025
2024-10-28 06:09:07.294,0.025,0.05634055,0.03134054914116859,0.07100000000000001
2024-10-28 06:19:06.954,0.025,0.056689374,0.03168937414884567,0.025
2024-10-28 06:29:07.732,0.025,0.056689374,0.03168937414884567,0.062
2024-10-28 06:39:07.426,0.058,0.056689374,-0.0013106258511543303,0.06
2024-10-28 06:49:07.326,0.062,0.06557486,0.0035748620629310612,0.069
2024-10-28 06:59:07.015,0.066,0.05568364,-0.010316361099481586,0.025
2024-10-28 07:09:08.207,0.038,0.06923795,0.03123794746398926,0.034
2024-10-28 07:19:07.119,0.038,0.06866451,0.030664513528347016,0.025
2024-10-28 07:29:07.289,0.038,0.06844991,0.030449907004833222,0.025
2024-10-28 07:39:08.159,0.079,0.068486646,-0.010513354182243348,0.025
2024-10-28 07:49:08.847,0.07,0.06854636,-0.0014536377787590093,0.058
2024-10-28 07:59:07.179,0.038,0.07476985,0.036769847095012666,0.062
2024-10-28 08:09:06.912,0.079,0.07162791,-0.007372092545032502,0.066
2024-10-28 08:19:07.839,0.07,0.07430711,0.004307106435298913,0.038
2024-10-28 08:29:07.864,0.106,0.07554988,-0.03045012181997299,0.038
2024-10-28 08:39:07.971,0.105,0.08613169,-0.018868308067321773,0.038
2024-10-28 08:49:07.892,0.104,0.086888775,-0.017111224770545955,0.079
2024-10-28 08:59:06.862,0.127,0.08795432,-0.0390456799864769,0.07
2024-10-28 09:09:07.075,0.08600000000000001,0.10034475,0.014344747304916375,0.038
2024-10-28 09:19:07.536,0.116,0.089662574,-0.026337425768375403,0.079
2024-10-28 09:29:07.472,0.107,0.10042109,-0.006578906595706938,0.07
2024-10-28 09:39:08.956,0.118,0.11573072,-0.002269282221794122,0.106
2024-10-28 09:49:07.112,0.095,0.111102715,0.016102715134620665,0.105
2024-10-28 09:59:07.894,0.08600000000000001,0.10161209,0.015612091064453118,0.104
2024-10-28 10:09:08.535,0.118,0.09855789,-0.01944211053848266,0.127
2024-10-28 10:19:09.288,0.08600000000000001,0.10769798,0.021697978615760796,0.08600000000000001
2024-10-28 10:29:07.571,0.116,0.09932948,-0.016670520961284643,0.116
2024-10-28 10:39:07.398,0.093,0.107163265,0.014163265347480775,0.107
2024-10-28 10:49:14.452,0.08600000000000001,0.10312534,0.017125341236591332,0.118
2024-10-28 10:59:07.105,0.094,0.09869977,0.004699770867824554,0.095
2024-10-28 11:09:08.031,0.095,0.10132671,0.0063267114758491505,0.08600000000000001
2024-10-28 11:19:07.595,0.118,0.099774465,-0.018225535035133356,0.118
2024-10-28 11:29:06.986,0.085,0.1060007,0.021000699102878564,0.08600000000000001
2024-10-28 11:39:08.058,0.119,0.09966957,-0.019330431759357447,0.116
2024-10-28 11:49:08.144,0.08600000000000001,0.10598769,0.019987690389156335,0.093
2024-10-28 11:59:07.049,0.125,0.09773166,-0.027268342673778534,0.08600000000000001
2024-10-28 12:09:07.324,0.085,0.10500431,0.02000431060791015,0.094
2024-10-28 12:19:08.085,0.085,0.09243899,0.00743898838758468,0.095
2024-10-28 12:29:07.968,0.085,0.09784849,0.012848489880561823,0.118
2024-10-28 12:39:07.927,0.08700000000000001,0.09663234,0.009632339060306541,0.085
2024-10-28 12:49:10.735,0.146,0.09322348,-0.052776517629623404,0.119
2024-10-28 12:59:07.471,0.085,0.102754705,0.01775470465421676,0.08600000000000001
2024-10-28 13:09:07.313,0.133,0.09657139,-0.036428606688976295,0.125
2024-10-28 13:19:07.379,0.069,0.1142869,0.045286899566650385,0.085
2024-10-28 13:29:08.973,0.101,0.08893397,-0.012066032946109778,0.085
2024-10-28 13:39:07.195,0.077,0.08981011,0.01281011062860489,0.085
2024-10-28 13:49:08.403,0.079,0.084280364,0.005280364215373992,0.08700000000000001
2024-10-28 13:59:10.034,0.069,0.088853724,0.019853724300861353,0.146
2024-10-28 14:09:06.907,0.038,0.09023354,0.052233542025089265,0.085
2024-10-28 14:19:07.469,0.101,0.08533559,-0.015664410054683692,0.133
2024-10-28 14:29:07.819,0.046,0.0915507,0.04555070036649704,0.069
2024-10-28 14:39:07.964,0.119,0.08872883,-0.03027116978168487,0.101
2024-10-28 14:49:09.122,0.08600000000000001,0.10445902,0.018459017515182488,0.077
2024-10-28 14:59:07.733,0.126,0.096821345,-0.029178654611110688,0.079
2024-10-28 15:09:15.688,0.054,0.10206414,0.048064140141010285,0.069
2024-10-28 15:19:07.742,0.085,0.08356277,-0.0014372310042381348,0.038
2024-10-28 15:29:07.766,0.094,0.08885085,-0.005149151623249054,0.101
2024-10-28 15:39:07.302,0.054,0.088206224,0.0342062241435051,0.046
2024-10-28 15:49:16.628,0.118,0.09404571,-0.023954286456108087,0.119
2024-10-28 15:59:07.219,0.059,0.10454142,0.045541420936584476,0.08600000000000001
2024-10-28 16:09:06.741,0.082,0.09511344,0.013113441348075863,0.126
2024-10-28 16:19:07.670,0.091,0.09425496,0.003254963099956515,0.054
2024-10-28 16:29:07.108,0.051,0.0908319,0.03983189815282822,0.085
2024-10-28 16:39:06.831,0.054,0.08984387,0.03584386920928955,0.094
2024-10-28 16:49:07.424,0.127,0.09283324,-0.034166756689548494,0.054
2024-10-28 16:59:07.279,0.082,0.10343424,0.021434242308139798,0.118
2024-10-28 17:09:07.598,0.093,0.085585,-0.0074150018692016595,0.059
2024-10-28 17:19:07.740,0.105,0.091313474,-0.013686526119709011,0.082
2024-10-28 17:29:07.992,0.104,0.08836408,-0.015635920405387874,0.091
2024-10-28 17:39:06.751,0.09,0.08495586,-0.005044136345386502,0.051
2024-10-28 17:49:08.947,0.073,0.07598113,0.0029811326861381576,0.054
2024-10-28 17:59:07.573,0.095,0.08576792,-0.009232082664966584,0.127
2024-10-28 18:09:06.912,0.085,0.082319915,-0.0026800847053527893,0.082
2024-10-28 18:19:07.982,0.079,0.10167288,0.022672880351543426,0.093
2024-10-28 18:29:07.131,0.149,0.102972426,-0.04602757447957992,0.105
2024-10-28 18:39:07.264,0.124,0.16132556,0.03732555902004242,0.104
2024-10-28 18:49:07.743,0.105,0.14324072,0.038240720033645634,0.09
2024-10-28 18:59:07.491,0.145,0.16052404,0.015524040460586558,0.073
2024-10-28 19:09:07.671,0.137,0.15116048,0.014160478591918935,0.095
2024-10-28 19:19:08.599,0.138,0.14611588,0.00811588418483733,0.085
2024-10-28 19:29:07.784,0.112,0.14350827,0.03150827038288116,0.079
2024-10-28 19:50:02.168,0.165,0.15752976,-0.0074702435731887895,0.149
2024-10-28 19:59:07.423,0.112,0.1520837,0.04008369493484497,0.124
2024-10-28 20:09:08.118,0.137,0.15628503,0.019285032629966725,0.105
2024-10-28 20:19:09.981,0.147,0.15182412,0.004824116706848153,0.145
2024-10-28 20:29:08.371,0.16,0.1430264,-0.016973603367805484,0.137
2024-10-28 20:39:07.185,0.092,0.12052356,0.02852355706691742,0.138
2024-10-28 20:49:07.298,0.159,0.12533252,-0.03366748058795929,0.112
2024-10-28 20:59:08.220,0.193,0.11915663,-0.07384337115287781,0.165
2024-10-28 21:09:07.402,0.195,0.18610072,-0.008899278640747077,0.112
2024-10-28 21:19:06.903,0.159,0.1842648,0.02526479399204254,0.137
2024-10-28 21:29:07.810,0.2,0.19077778,-0.00922222137451173,0.147
2024-10-28 21:39:08.107,0.201,0.18852705,-0.012472952365875256,0.16
2024-10-28 21:49:08.110,0.166,0.18583794,0.019837939381599418,0.092
2024-10-28 21:59:06.981,0.175,0.19184163,0.016841632127761852,0.159
2024-10-28 22:09:07.320,0.19,0.1916077,0.0016076987981796242,0.193
2024-10-28 22:19:07.083,0.228,0.15701574,-0.07098425912857056,0.195
2024-10-28 22:29:09.073,0.061,0.14572202,0.08472201669216156,0.159
2024-10-28 22:39:06.964,0.064,0.05582715,-0.008172851741313936,0.2
2024-10-28 22:49:06.885,0.035,0.05264211,0.01764211073517799,0.201
2024-10-28 22:59:07.351,0.096,0.058779046,-0.037220954060554506,0.166
2024-10-28 23:09:07.188,0.034,0.048546527,0.014546526581048963,0.175
2024-10-28 23:19:07.293,0.097,0.058754925,-0.03824507531523705,0.19
2024-10-28 23:29:09.555,0.026,0.05615157,0.03015156888961792,0.228
2024-10-28 23:39:10.728,0.06,0.05894526,-0.0010547390580177285,0.061
2024-10-28 23:49:07.236,0.061,0.06380723,0.0028072267174720777,0.064
2024-10-28 23:59:07.025,0.035,0.05062453,0.015624530762434002,0.035
2024-10-29 00:09:06.877,0.026,0.055644877,0.029644877254962922,0.096
2024-10-29 00:19:07.324,0.07,0.055545878,-0.014454122334718711,0.034
2024-10-29 00:29:07.522,0.061,0.059439834,-0.0015601657927036272,0.097
2024-10-29 00:39:06.973,0.026,0.053933434,0.027933434188365937,0.026
2024-10-29 00:49:06.693,0.025,0.05484261,0.029842609912157057,0.06
2024-10-29 00:59:07.017,0.061,0.055587422,-0.005412577897310256,0.061
2024-10-29 01:09:07.198,0.061,0.061320856,0.00032085621356964245,0.035
2024-10-29 01:19:07.496,0.061,0.053421047,-0.0075789534151554094,0.026
2024-10-29 01:29:09.457,0.034,0.04957261,0.015572609364986417,0.07
2024-10-29 01:39:07.243,0.034,0.05591584,0.021915839970111844,0.061
2024-10-29 01:49:06.895,0.068,0.048248507,-0.019751492917537694,0.026
2024-10-29 01:59:08.286,0.059,0.04988768,-0.009112320482730862,0.025
2024-10-29 02:09:10.477,0.026,0.056738503,0.03073850327730179,0.061
2024-10-29 02:19:07.088,0.025,0.054639984,0.029639983922243117,0.061
2024-10-29 02:29:07.638,0.061,0.054553866,-0.0064461336135864244,0.061
2024-10-29 02:39:07.547,0.059,0.050123956,-0.008876043945550915,0.034
2024-10-29 02:49:07.175,0.096,0.057406183,-0.03859381666779518,0.034
2024-10-29 02:59:09.837,0.025,0.049816195,0.024816194921731947,0.068
2024-10-29 03:09:07.000,0.07100000000000001,0.054222364,-0.016777636021375664,0.059
2024-10-29 03:19:07.838,0.068,0.051709913,-0.016290087282657628,0.026
2024-10-29 03:29:10.810,0.097,0.051158346,-0.0458416537642479,0.025
2024-10-29 03:39:07.494,0.034,0.05871519,0.024715190738439557,0.061
2024-10-29 03:49:07.542,0.097,0.055369705,-0.04163029503822327,0.059
2024-10-29 03:59:07.257,0.034,0.058763113,0.02476311287283897,0.096
2024-10-29 04:09:07.385,0.097,0.0553696,-0.041630399346351626,0.025
2024-10-29 04:19:06.822,0.06,0.05855774,-0.0014422586560249306,0.07100000000000001
2024-10-29 04:29:07.306,0.062,0.057109967,-0.00489003312587738,0.068
2024-10-29 04:39:07.067,0.025,0.05755775,0.03255775049328804,0.097
2024-10-29 04:49:06.941,0.097,0.055339873,-0.04166012716293335,0.034
2024-10-29 04:59:07.192,0.06,0.0654291,0.005429098904132845,0.097
2024-10-29 05:09:06.947,0.105,0.057809856,-0.047190144211053844,0.034
2024-10-29 05:19:09.348,0.025,0.06544507,0.040445072948932646,0.097
2024-10-29 05:29:07.445,0.061,0.054970354,-0.0060296461582183825,0.06
2024-10-29 05:39:07.613,0.059,0.052041315,-0.006958685457706448,0.062
2024-10-29 05:49:07.319,0.095,0.05976209,-0.03523790955543518,0.025
2024-10-29 05:59:07.906,0.025,0.052963346,0.02796334624290466,0.097
2024-10-29 06:09:06.689,0.069,0.058109436,-0.010890563815832144,0.06
2024-10-29 06:19:07.548,0.058,0.062463112,0.004463112175464627,0.105
2024-10-29 06:29:06.934,0.101,0.06494486,-0.036055136680603034,0.025
2024-10-29 06:39:07.416,0.052,0.065016195,0.013016195178031924,0.061
2024-10-29 06:49:06.585,0.058,0.05843789,0.0004378913044929475,0.059
2024-10-29 06:59:07.367,0.08,0.07729279,-0.0027072075009346025,0.095
2024-10-29 07:19:11.855,0.123,0.08062773,-0.04237226802110672,0.025
2024-10-29 07:29:07.249,0.081,0.11533057,0.03433056944608688,0.069
2024-10-29 07:39:06.784,0.091,0.08813214,-0.0028678569793701147,0.058
2024-10-29 07:49:06.905,0.092,0.101124056,0.009124055683612825,0.101
2024-10-29 07:59:08.650,0.113,0.10056568,-0.012434320628643039,0.052
2024-10-29 08:09:07.995,0.101,0.11664293,0.015642929613590234,0.058
2024-10-29 08:19:08.155,0.092,0.111278996,0.019278995871543886,0.08
2024-10-29 08:29:07.247,0.146,0.11034049,-0.03565950906276702,0.123
2024-10-29 08:39:07.742,0.151,0.13284284,-0.01815716123580932,0.081
2024-10-29 08:49:07.630,0.129,0.12954752,0.0005475214719772303,0.091
2024-10-29 08:59:07.602,0.124,0.11449906,-0.009500937700271606,0.092
2024-10-29 09:09:07.137,0.094,0.11700593,0.023005929350852966,0.113
2024-10-29 09:19:07.972,0.154,0.11574417,-0.03825582647323608,0.101
2024-10-29 09:29:07.590,0.117,0.13364492,0.016644923567771905,0.092
2024-10-29 09:39:07.540,0.149,0.13807191,-0.010928090453147882,0.146
2024-10-29 09:49:07.356,0.125,0.1291565,0.0041565001010894775,0.151
2024-10-29 09:59:07.161,0.14,0.13512398,-0.004876016974449171,0.129
2024-10-29 10:09:07.810,0.108,0.12840256,0.020402560949325563,0.124
2024-10-29 10:19:08.428,0.108,0.122014835,0.014014835476875306,0.094
2024-10-29 10:29:07.201,0.139,0.1428748,0.0038748071193694944,0.154
2024-10-29 10:39:06.824,0.106,0.1262188,0.02021879577636719,0.117
2024-10-29 10:49:07.248,0.146,0.13507766,-0.010922344684600821,0.149
2024-10-29 10:59:06.990,0.096,0.12757817,0.03157816910743713,0.125
2024-10-29 11:09:25.281,0.116,0.11550205,-0.0004979479908943235,0.14
2024-10-29 11:19:07.669,0.093,0.12291638,0.02991637808084488,0.108
2024-10-29 11:29:15.740,0.085,0.11763953,0.03263952672481536,0.108
2024-10-29 11:39:07.578,0.117,0.114776045,-0.002223954916000373,0.139
2024-10-29 11:49:07.217,0.085,0.11878022,0.033780218064785,0.106
2024-10-29 11:59:09.802,0.116,0.111409195,-0.004590805232524878,0.146
2024-10-29 12:09:07.626,0.093,0.117188625,0.024188625037670136,0.096
2024-10-29 12:19:06.956,0.137,0.11360538,-0.023394619941711436,0.116
2024-10-29 12:29:07.663,0.092,0.11609231,0.02409230935573578,0.093
2024-10-29 12:39:06.803,0.084,0.105531715,0.021531714856624598,0.085
2024-10-29 12:49:08.035,0.084,0.10445711,0.020457110166549677,0.117
2024-10-29 12:59:08.235,0.112,0.104303375,-0.007696625113487246,0.085
2024-10-29 13:09:07.611,0.123,0.12970689,0.006706889390945436,0.116
2024-10-29 13:19:08.370,0.06,0.10931198,0.04931198298931122,0.093
2024-10-29 13:29:08.572,0.131,0.10119736,-0.02980263805389405,0.137
2024-10-29 13:39:11.256,0.091,0.10248262,0.011482616901397708,0.092
2024-10-29 13:49:08.293,0.103,0.1024093,-0.0005906968116760197,0.084
2024-10-29 13:59:08.088,0.092,0.10444538,0.012445382952690126,0.084
2024-10-29 14:09:07.231,0.123,0.10630815,-0.016691852688789366,0.112
2024-10-29 14:19:07.617,0.091,0.113131575,0.0221315752863884,0.123
2024-10-29 14:29:07.138,0.091,0.10227525,0.011275252342224124,0.06
2024-10-29 14:39:06.868,0.13,0.1026819,-0.027318102419376378,0.131
2024-10-29 14:49:07.346,0.091,0.1047129,0.013712903499603274,0.091
2024-10-29 14:59:08.227,0.123,0.1034868,-0.019513201296329497,0.103
2024-10-29 15:09:08.040,0.07,0.10456684,0.03456684231758117,0.092
2024-10-29 15:19:07.597,0.139,0.10426899,-0.03473100954294206,0.123
2024-10-29 15:29:09.611,0.085,0.126608,0.04160799920558929,0.091
2024-10-29 15:39:08.325,0.14,0.124018796,-0.015981204211711897,0.091
2024-10-29 15:49:07.348,0.121,0.12622441,0.005224413514137272,0.13
2024-10-29 15:59:07.839,0.117,0.13654552,0.019545524001121514,0.091
2024-10-29 16:09:07.138,0.109,0.13779268,0.0287926766872406,0.123
2024-10-29 16:19:07.246,0.126,0.14004293,0.014042930841445922,0.07
2024-10-29 16:29:07.871,0.097,0.13864163,0.041641625642776486,0.139
2024-10-29 16:39:08.158,0.109,0.12632155,0.01732155418395996,0.085
2024-10-29 16:49:08.111,0.189,0.1412542,-0.047745798468589784,0.14
2024-10-29 16:59:07.623,0.18,0.20293686,0.022936857938766486,0.121
2024-10-29 17:09:07.616,0.218,0.19372588,-0.024274116039276122,0.117
2024-10-29 17:19:10.868,0.178,0.17870504,0.0007050366401672448,0.109
2024-10-29 17:29:07.803,0.178,0.19041294,0.012412938594818124,0.126
2024-10-29 17:39:07.313,0.165,0.18831202,0.023312023878097526,0.097
2024-10-29 17:49:07.520,0.228,0.18721408,-0.04078592348098756,0.109
2024-10-29 17:59:07.286,0.201,0.17925842,-0.021741578936576855,0.189
2024-10-29 18:09:07.283,0.235,0.18906982,-0.04593017756938933,0.18
2024-10-29 18:29:08.438,0.252,0.21846941,-0.03353058886528015,0.178
2024-10-29 18:39:07.751,0.136,0.20385014,0.0678501352071762,0.178
2024-10-29 18:49:07.046,0.227,0.1630565,-0.06394350719451905,0.165
2024-10-29 18:59:07.918,0.168,0.21082497,0.04282496643066405,0.228
2024-10-29 19:09:07.041,0.209,0.20698412,-0.0020158823728561315,0.201
2024-10-29 19:19:07.973,0.2,0.19556077,-0.004439231753349315,0.235
2024-10-29 19:29:08.735,0.191,0.20298755,0.011987551689147946,0.186
2024-10-29 19:39:07.478,0.165,0.19566941,0.03066941261291503,0.252
2024-10-29 19:49:11.915,0.2,0.20476231,0.004762309789657582,0.136
2024-10-29 19:59:07.614,0.2,0.20485763,0.004857632517814625,0.227
2024-10-29 20:09:07.550,0.201,0.2014263,0.0004262974262237429,0.168
2024-10-29 20:19:07.724,0.21,0.1940002,-0.015999800562858574,0.209
2024-10-29 20:29:06.802,0.196,0.19287242,-0.003127580046653755,0.2
2024-10-29 20:39:06.520,0.156,0.2005196,0.04451960647106171,0.191
2024-10-29 20:49:07.192,0.122,0.12448449,0.002484486877918246,0.165
2024-10-29 20:59:07.187,0.213,0.13286398,-0.08013601648807525,0.2
2024-10-29 21:09:07.284,0.2,0.20140389,0.001403886079788197,0.2
2024-10-29 21:19:07.516,0.234,0.2018101,-0.032189893364906325,0.201
2024-10-29 21:29:06.845,0.209,0.18238236,-0.026617639899253837,0.21
2024-10-29 21:39:07.681,0.199,0.18715365,-0.011846347689628611,0.196
2024-10-29 21:49:07.369,0.165,0.18648641,0.02148640811443328,0.156
2024-10-29 21:59:06.767,0.235,0.19796565,-0.03703434824943541,0.122
2024-10-29 22:09:07.135,0.191,0.17597292,-0.01502707636356354,0.213
2024-10-29 22:19:06.802,0.123,0.16448945,0.041489448070526125,0.2
2024-10-29 22:29:08.202,0.113,0.11340775,0.00040775340795516646,0.234
2024-10-29 22:39:07.495,0.158,0.10993589,-0.04806411284208298,0.209
2024-10-29 22:49:07.311,0.027,0.09637062,0.06937062251567841,0.199
2024-10-29 22:59:06.667,0.064,0.060408216,-0.0035917840301990522,0.165
2024-10-29 23:09:07.259,0.07100000000000001,0.055818222,-0.015181777536869057,0.235
2024-10-29 23:19:07.236,0.099,0.052642114,-0.04635788553953171,0.191
2024-10-29 23:29:07.347,0.062,0.056718633,-0.005281367421150207,0.123
2024-10-29 23:39:06.898,0.062,0.052238367,-0.00976163250207901,0.113
2024-10-29 23:49:07.382,0.026,0.05542388,0.029423881858587266,0.158
2024-10-29 23:59:08.382,0.106,0.058795374,-0.04720462611317634,0.027
2024-10-30 00:09:07.894,0.061,0.06390965,0.0029096498489379896,0.064
2024-10-30 00:19:07.282,0.098,0.054259837,-0.04374016332626343,0.07100000000000001
2024-10-30 00:29:07.780,0.026,0.063153915,0.03715391510725022,0.099
2024-10-30 00:39:07.204,0.064,0.060960494,-0.003039506018161775,0.062
2024-10-30 00:49:07.630,0.069,0.05930526,-0.009694738179445272,0.062
2024-10-30 00:59:06.787,0.097,0.05434831,-0.04265169140696526,0.026
2024-10-30 01:09:09.345,0.061,0.05831498,-0.0026850209236145006,0.106
2024-10-30 01:19:07.382,0.062,0.051350717,-0.010649283498525619,0.061
2024-10-30 01:29:07.287,0.026,0.059826773,0.03382677266001702,0.098
2024-10-30 01:39:06.910,0.07100000000000001,0.05566962,-0.015330379366874702,0.026
2024-10-30 01:49:07.789,0.06,0.049705703,-0.01029429718852043,0.064
2024-10-30 01:59:07.288,0.106,0.06277542,-0.04322458183765411,0.069
2024-10-30 02:09:07.032,0.061,0.06530421,0.004304212272167207,0.097
2024-10-30 02:19:07.560,0.099,0.060121063,-0.0388789368569851,0.061
2024-10-30 02:29:07.386,0.026,0.060633477,0.03463347682356835,0.062
2024-10-30 02:39:07.420,0.063,0.05601801,-0.006981990218162537,0.026
2024-10-30 02:49:06.494,0.026,0.060140476,0.0341404756307602,0.07100000000000001
2024-10-30 02:59:07.392,0.063,0.055376988,-0.007623012095689774,0.06
2024-10-30 03:09:07.174,0.07,0.065267175,-0.004732824563980109,0.106
2024-10-30 03:19:07.186,0.098,0.05819301,-0.03980699065327645,0.061
2024-10-30 03:29:06.721,0.035,0.06575205,0.0307520517706871,0.099
2024-10-30 03:39:09.977,0.07200000000000001,0.05678974,-0.015210259079933175,0.026
2024-10-30 03:49:06.704,0.026,0.054149862,0.02814986237883568,0.063
2024-10-30 03:59:09.092,0.097,0.05552252,-0.04147747990489006,0.026
2024-10-30 04:09:07.909,0.06,0.05896511,-0.0010348907113075234,0.063
2024-10-30 04:19:07.703,0.098,0.061963566,-0.03603643435239792,0.07
2024-10-30 04:29:06.923,0.061,0.06542154,0.004421536564826967,0.098
2024-10-30 04:39:06.685,0.063,0.05409483,-0.0089051713347435,0.035
2024-10-30 04:49:06.684,0.026,0.05255587,0.0265558702647686,0.07200000000000001
2024-10-30 04:59:07.479,0.035,0.05552252,0.020522520095109936,0.026
2024-10-30 05:09:06.684,0.06,0.05626644,-0.0037335617840290047,0.097
2024-10-30 05:19:07.742,0.069,0.0624329,-0.006567099928855902,0.06
2024-10-30 05:29:06.764,0.06,0.057879522,-0.00212047755718231,0.098
2024-10-30 05:39:07.827,0.069,0.054289296,-0.014710703730583197,0.061
2024-10-30 05:49:06.707,0.025,0.057081692,0.03208169192075729,0.063
2024-10-30 05:59:07.161,0.025,0.05510084,0.03010083958506584,0.026
2024-10-30 06:09:58.353,0.025,0.056835666,0.03183566629886627,0.035
2024-10-30 06:19:07.674,0.058,0.05689554,-0.001104460835456851,0.06
2024-10-30 06:29:06.608,0.121,0.06734551,-0.053654492557048794,0.069
2024-10-30 06:39:09.940,0.058,0.07425435,0.0162543488740921,0.06
2024-10-30 06:49:07.345,0.093,0.06072084,-0.032279161393642425,0.069
2024-10-30 06:59:07.188,0.025,0.058675878,0.03367587774991989,0.025
2024-10-30 07:09:06.861,0.092,0.059795626,-0.032204374492168425,0.025
2024-10-30 07:19:07.306,0.024,0.057586692,0.03358669227361679,0.025
2024-10-30 07:29:08.031,0.097,0.061008584,-0.03599141624569893,0.058
2024-10-30 07:39:07.112,0.056,0.068649024,0.01264902377128601,0.121
2024-10-30 07:49:07.763,0.057,0.07694667,0.019946668326854704,0.058
2024-10-30 07:59:06.605,0.056,0.07737933,0.02137933099269867,0.093
2024-10-30 08:09:07.474,0.055,0.066402294,0.011402293741703033,0.025
2024-10-30 08:19:07.235,0.08700000000000001,0.0734975,-0.013502503454685219,0.092
2024-10-30 08:29:08.178,0.118,0.06196184,-0.0560381591618061,0.024
2024-10-30 08:39:07.818,0.104,0.10321549,-0.0007845067381858778,0.097
2024-10-30 08:49:07.407,0.109,0.091318764,-0.0176812362074852,0.056
2024-10-30 08:59:07.525,0.121,0.09725028,-0.023749717235565182,0.057
2024-10-30 09:09:13.279,0.124,0.10153093,-0.022469068109989165,0.056
2024-10-30 09:19:07.492,0.123,0.10274689,-0.020253111004829405,0.055
2024-10-30 09:29:07.298,0.108,0.10295252,-0.005047482430934905,0.08700000000000001
2024-10-30 09:39:07.976,0.139,0.13056643,-0.008433566927909864,0.118
2024-10-30 09:49:10.577,0.106,0.12301402,0.01701401793956757,0.104
2024-10-30 09:59:07.235,0.108,0.12435996,0.01635995787382126,0.109
2024-10-30 10:09:06.725,0.149,0.1294824,-0.019517596602439874,0.121
2024-10-30 10:19:06.800,0.107,0.11887839,0.011878386914730074,0.124
2024-10-30 10:29:07.029,0.112,0.12796837,0.015968370914459226,0.123
2024-10-30 10:39:06.701,0.091,0.0949511,0.003951100647449496,0.108
2024-10-30 10:49:11.451,0.08600000000000001,0.09240343,0.006403426766395562,0.139
2024-10-30 10:59:08.736,0.134,0.10048898,-0.03351101690530778,0.106
2024-10-30 11:09:10.248,0.08600000000000001,0.10363389,0.017633888065814965,0.108
2024-10-30 11:19:07.665,0.117,0.099241406,-0.01775859427452088,0.149
2024-10-30 11:29:07.223,0.095,0.10888891,0.013888909220695494,0.107
2024-10-30 11:39:07.649,0.131,0.10034155,-0.030658448994159704,0.112
2024-10-30 11:49:07.849,0.08600000000000001,0.10412016,0.018120157659053795,0.091
2024-10-30 11:59:07.236,0.082,0.09773166,0.015731657326221463,0.08600000000000001
2024-10-30 12:09:08.696,0.121,0.09798007,-0.023019932866096493,0.134
2024-10-30 12:19:08.353,0.088,0.111559875,0.02355987530946732,0.08600000000000001
2024-10-30 12:29:07.377,0.111,0.0973236,-0.013676403522491457,0.117
2024-10-30 12:39:07.479,0.078,0.10950717,0.03150717329978943,0.095
2024-10-30 12:49:07.626,0.117,0.09766378,-0.019336217463016517,0.131
2024-10-30 12:59:07.380,0.085,0.112251714,0.027251713871955865,0.08600000000000001
2024-10-30 13:09:07.214,0.085,0.09752649,0.012526490688323969,0.082
2024-10-30 13:19:07.333,0.125,0.09615621,-0.028843790292739868,0.121
2024-10-30 13:29:06.786,0.085,0.102446884,0.017446883916854852,0.088
2024-10-30 13:39:08.485,0.116,0.097033024,-0.01896697616577149,0.111
2024-10-30 13:49:07.098,0.093,0.104818,0.01181800138950348,0.078
2024-10-30 13:59:06.886,0.117,0.10126686,-0.015733139038085944,0.117
2024-10-30 14:09:08.706,0.085,0.10455913,0.019559130966663354,0.085
2024-10-30 14:19:07.719,0.094,0.09651747,0.002517473459243774,0.085
2024-10-30 14:29:09.033,0.118,0.09861172,-0.019388280093669885,0.125
2024-10-30 14:39:07.399,0.08700000000000001,0.10462776,0.017627758264541618,0.085
2024-10-30 14:49:07.229,0.141,0.092737414,-0.04826258605718611,0.116
2024-10-30 14:59:07.879,0.127,0.10109298,-0.025907020688056948,0.093
2024-10-30 15:09:17.320,0.149,0.1513744,0.0023743996620178287,0.117
2024-10-30 15:19:07.332,0.142,0.15151274,0.009512742042541517,0.085
2024-10-30 15:29:07.195,0.175,0.15436774,-0.02063225507736205,0.094
2024-10-30 15:39:07.973,0.137,0.14765416,0.010654160857200612,0.118
2024-10-30 15:49:07.331,0.128,0.14161143,0.013611427068710324,0.08700000000000001
2024-10-30 15:59:07.508,0.149,0.14818509,-0.000814910769462579,0.141
2024-10-30 16:09:07.125,0.172,0.15169668,-0.020303318023681627,0.127
2024-10-30 16:19:06.848,0.176,0.14688848,-0.029111520409584035,0.149
2024-10-30 16:29:07.151,0.152,0.1478772,-0.004122798562049862,0.142
2024-10-30 16:39:07.130,0.108,0.15148464,0.04348463845252991,0.175
2024-10-30 16:49:07.723,0.25,0.15586196,-0.09413804113864899,0.137
2024-10-30 16:59:08.670,0.213,0.200366,-0.01263399469852447,0.128
2024-10-30 17:09:07.083,0.213,0.20686083,-0.0061391745805740305,0.149
2024-10-30 17:19:07.966,0.181,0.206286,0.025285998225212103,0.172
2024-10-30 17:29:07.935,0.218,0.21025077,-0.007749234914779662,0.176
2024-10-30 17:39:07.905,0.221,0.20257927,-0.018420725226402285,0.152
2024-10-30 17:49:07.434,0.246,0.20297228,-0.04302772200107574,0.108
2024-10-30 17:59:08.949,0.18,0.19831647,0.018316469788551337,0.25
2024-10-30 18:09:07.147,0.233,0.20959255,-0.023407449007034314,0.213
2024-10-30 18:19:08.740,0.226,0.22837348,0.0023734828233718808,0.213
2024-10-30 18:29:06.685,0.259,0.22201777,-0.03698223495483399,0.181
2024-10-30 18:39:06.899,0.195,0.23083782,0.03583782196044921,0.218
2024-10-30 18:49:08.302,0.179,0.19375923,0.014759232759475716,0.221
2024-10-30 18:59:08.325,0.172,0.19613352,0.024133524179458632,0.246
2024-10-30 19:09:07.384,0.212,0.18805063,-0.023949372291564935,0.18
2024-10-30 19:19:09.486,0.161,0.18514392,0.024143917798995967,0.233
2024-10-30 19:29:07.088,0.199,0.17839175,-0.020608245372772227,0.226
2024-10-30 19:39:06.866,0.197,0.16326992,-0.03373007786273957,0.259
2024-10-30 19:49:07.272,0.231,0.22377974,-0.007220262050628673,0.195
2024-10-30 19:59:07.261,0.204,0.20763291,0.003632914185524,0.179
2024-10-30 20:09:06.984,0.262,0.22044012,-0.04155988049507142,0.172
2024-10-30 20:19:08.436,0.153,0.22030124,0.06730124068260193,0.212
2024-10-30 20:29:07.563,0.154,0.17763753,0.023637532353401186,0.161
2024-10-30 20:39:07.766,0.155,0.17411704,0.019117043614387513,0.199
2024-10-30 20:49:08.139,0.129,0.1799918,0.05099179661273956,0.197
2024-10-30 20:59:06.815,0.172,0.18134895,0.00934894967079164,0.231
2024-10-30 21:09:09.002,0.131,0.20500524,0.07400524342060089,0.204
2024-10-30 21:19:06.927,0.183,0.17791262,-0.00508737730979919,0.262
2024-10-30 21:29:08.103,0.15,0.17175236,0.02175236344337464,0.153
2024-10-30 21:39:06.768,0.185,0.14533512,-0.0396648770570755,0.154
2024-10-30 21:49:07.370,0.116,0.13532256,0.01932255589962005,0.155
2024-10-30 21:59:07.481,0.153,0.15585445,0.002854448676109317,0.129
2024-10-30 22:09:07.252,0.117,0.1451093,0.02810929584503173,0.172
2024-10-30 22:19:07.871,0.165,0.121792965,-0.0432070353627205,0.131
2024-10-30 22:29:06.706,0.08,0.10015533,0.020155331194400786,0.183
2024-10-30 22:39:07.403,0.075,0.07217123,-0.002828766405582425,0.15
2024-10-30 22:49:07.346,0.029,0.059526857,0.03052685698866844,0.185
2024-10-30 22:59:07.037,0.029,0.06564294,0.036642938017845156,0.116
2024-10-30 23:09:07.415,0.029,0.06564294,0.036642938017845156,0.153
2024-10-30 23:19:07.436,0.063,0.06389781,0.0008978108763694759,0.117
2024-10-30 23:29:07.559,0.064,0.07102457,0.007024566888809203,0.165
2024-10-30 23:39:12.549,0.064,0.061012033,-0.0029879666268825544,0.08
2024-10-30 23:49:07.202,0.038,0.060869947,0.022869947075843812,0.075
2024-10-30 23:59:08.281,0.029,0.052088704,0.02308870396018028,0.029
2024-10-31 00:09:08.936,0.101,0.060891356,-0.040108643680810935,0.029
2024-10-31 00:19:06.926,0.062,0.067521684,0.005521683871746064,0.029
2024-10-31 00:29:07.436,0.106,0.06445176,-0.041548238456249234,0.063
2024-10-31 00:39:07.007,0.028,0.06623201,0.03823201072216034,0.064
2024-10-31 00:49:06.825,0.073,0.05934456,-0.013655440092086787,0.064
2024-10-31 00:59:08.391,0.028,0.058046825,0.030046825230121612,0.038
2024-10-31 01:09:07.094,0.061,0.059660923,-0.0013390772640705095,0.029
2024-10-31 01:19:07.391,0.062,0.07133918,0.009339182555675507,0.101
2024-10-31 01:29:06.807,0.07100000000000001,0.0658258,-0.005174202382564552,0.062
2024-10-31 01:39:08.105,0.028,0.06745649,0.03945649129152298,0.106
2024-10-31 01:49:06.751,0.028,0.06092078,0.03292077866196633,0.028
2024-10-31 01:59:06.902,0.028,0.06085355,0.032853548347949985,0.073
2024-10-31 02:09:07.208,0.062,0.06064149,-0.0013585100769996639,0.028
2024-10-31 02:19:07.317,0.097,0.071016386,-0.02598361384868622,0.061
2024-10-31 02:29:06.920,0.062,0.06735327,0.0053532709479331975,0.062
2024-10-31 02:39:06.851,0.098,0.061522715,-0.036477285206317905,0.07100000000000001
2024-10-31 02:49:06.764,0.028,0.066113286,0.03811328572034836,0.028
2024-10-31 02:59:06.826,0.063,0.05919282,-0.003807178616523743,0.028
2024-10-31 03:09:07.606,0.028,0.05684826,0.02884826150536537,0.028
2024-10-31 03:19:06.944,0.028,0.05956252,0.03156251919269562,0.062
2024-10-31 03:29:07.983,0.062,0.059254643,-0.0027453574240207668,0.097
2024-10-31 03:39:06.559,0.062,0.06475485,0.0027548511624336247,0.062
2024-10-31 03:49:07.147,0.028,0.06916774,0.04116774064302445,0.098
2024-10-31 03:59:07.863,0.028,0.060749028,0.03274902787804604,0.028
2024-10-31 04:09:06.656,0.063,0.0607511,-0.00224890086054802,0.063
2024-10-31 04:19:07.257,0.062,0.06363436,0.0016343583464622502,0.028
2024-10-31 04:29:07.870,0.097,0.0700785,-0.02692150038480759,0.028
2024-10-31 04:39:09.591,0.062,0.06802315,0.006023152649402619,0.062
2024-10-31 04:49:08.000,0.062,0.06403884,0.002038842916488648,0.062
2024-10-31 04:59:07.582,0.037,0.060479354,0.02347935411334038,0.028
2024-10-31 05:09:08.092,0.028,0.055470005,0.02747000467777252,0.028
2024-10-31 05:19:09.096,0.037,0.059121385,0.022121385216712953,0.063
2024-10-31 05:29:08.200,0.061,0.055470005,-0.005529995322227477,0.062
2024-10-31 05:39:06.733,0.094,0.07540728,-0.018592718482017517,0.097
2024-10-31 05:49:08.361,0.061,0.06059577,-0.00040423056483268605,0.062
2024-10-31 05:59:06.387,0.096,0.065795965,-0.03020403450727463,0.062
2024-10-31 06:09:07.785,0.028,0.06664054,0.03864054095745087,0.037
2024-10-31 06:19:06.840,0.028,0.0631656,0.03516559761762619,0.028
2024-10-31 06:29:07.220,0.028,0.0624043,0.034404301017522815,0.037
2024-10-31 06:39:07.081,0.06,0.06266869,0.0026686885952949546,0.061
2024-10-31 06:49:07.051,0.06,0.06909273,0.009092728197574618,0.094
2024-10-31 06:59:07.023,0.124,0.07042817,-0.05357182973623276,0.061
2024-10-31 07:09:07.168,0.115,0.12740052,0.012400517463684077,0.096
2024-10-31 07:19:08.230,0.081,0.13087717,0.04987716698646545,0.028
2024-10-31 07:29:08.910,0.113,0.103710674,-0.009289326250553134,0.028
2024-10-31 07:39:07.221,0.081,0.12877817,0.04777817451953888,0.028
2024-10-31 07:49:10.465,0.132,0.10352528,-0.028474719047546393,0.06
2024-10-31 07:59:08.331,0.132,0.12808256,-0.003917441487312323,0.06
2024-10-31 08:09:06.931,0.12,0.13880517,0.01880516588687897,0.124
2024-10-31 08:19:07.767,0.113,0.14078295,0.027782952308654782,0.115
2024-10-31 08:29:06.860,0.113,0.14221716,0.02921715927124023,0.081
2024-10-31 08:39:07.673,0.152,0.13834575,-0.013654251813888546,0.113
2024-10-31 08:49:07.137,0.134,0.13380168,-0.00019831621646881903,0.081
2024-10-31 08:59:07.199,0.151,0.14103629,-0.009963713049888606,0.132
2024-10-31 09:09:08.470,0.115,0.12390516,0.00890515953302383,0.132
2024-10-31 09:19:11.006,0.167,0.12900195,-0.03799805474281312,0.12
2024-10-31 09:29:07.318,0.172,0.14424142,-0.027758577585220323,0.113
2024-10-31 09:39:08.254,0.135,0.14629377,0.011293774247169486,0.113
2024-10-31 09:49:07.079,0.18,0.1474768,-0.032523192763328546,0.152
2024-10-31 09:59:08.264,0.137,0.14226398,0.005263978719711293,0.134
2024-10-31 10:09:07.062,0.179,0.14655669,-0.03244330966472625,0.151
2024-10-31 10:19:08.194,0.144,0.1373472,-0.006652793526649464,0.115
2024-10-31 10:29:08.512,0.115,0.14689958,0.031899580955505366,0.167
2024-10-31 10:39:08.409,0.148,0.13726152,-0.010738475203514092,0.172
2024-10-31 10:49:07.763,0.132,0.12310505,-0.008894950866699225,0.135
2024-10-31 10:59:07.011,0.172,0.1510822,-0.020917797207832323,0.18
2024-10-31 11:09:08.117,0.13,0.14602683,0.016026834845542903,0.137
2024-10-31 11:19:10.246,0.204,0.1556046,-0.04839539909362792,0.179
2024-10-31 11:29:09.061,0.144,0.1543527,0.010352694749832164,0.144
2024-10-31 11:39:07.288,0.152,0.1581896,0.00618959474563599,0.115
2024-10-31 11:49:07.600,0.138,0.15363416,0.015634160757064808,0.148
2024-10-31 11:59:07.577,0.129,0.15341927,0.02441927111148834,0.132
2024-10-31 12:09:07.005,0.177,0.15415141,-0.02284859013557433,0.172
2024-10-31 12:19:09.295,0.128,0.14360002,0.015600016832351682,0.13
2024-10-31 12:29:06.719,0.161,0.15455364,-0.006446363091468815,0.204
2024-10-31 12:39:06.868,0.136,0.14313073,0.0071307345628738306,0.144
2024-10-31 12:49:07.034,0.161,0.15030396,-0.010696040153503422,0.152
2024-10-31 12:59:08.468,0.127,0.14310384,0.016103837966918944,0.138
2024-10-31 13:09:07.355,0.176,0.15545337,-0.02054663097858428,0.129
2024-10-31 13:19:08.126,0.116,0.14387651,0.027876507878303522,0.177
2024-10-31 13:29:08.428,0.111,0.15270908,0.04170908176898956,0.128
2024-10-31 13:39:07.279,0.08700000000000001,0.14030261,0.0533026133775711,0.161
2024-10-31 13:49:07.902,0.097,0.12118314,0.02418314206600189,0.136
2024-10-31 13:59:07.344,0.136,0.1481171,0.012117095232009878,0.161
2024-10-31 14:09:07.518,0.109,0.15205333,0.04305332636833191,0.127
2024-10-31 14:19:08.555,0.162,0.1586825,-0.003317504644393926,0.176
2024-10-31 14:29:08.253,0.138,0.14304538,0.005045380711555469,0.116
2024-10-31 14:39:07.280,0.139,0.14840128,0.009401275277137744,0.111
2024-10-31 14:49:08.776,0.13,0.14938419,0.01938418567180633,0.08700000000000001
2024-10-31 14:59:06.995,0.169,0.15232623,-0.016673773765563976,0.097
2024-10-31 15:09:07.277,0.129,0.14420891,0.015208908081054684,0.136
2024-10-31 15:19:07.297,0.161,0.1546968,-0.006303192734718327,0.109
2024-10-31 15:29:07.129,0.105,0.14237982,0.03737982034683228,0.162
2024-10-31 15:39:09.250,0.128,0.15166336,0.023663362979888913,0.138
2024-10-31 15:49:07.124,0.128,0.15420797,0.026207974672317502,0.139
2024-10-31 15:59:07.354,0.104,0.1541666,0.050166594147682195,0.13
2024-10-31 16:09:07.893,0.128,0.15298384,0.024983844280242917,0.169
2024-10-31 16:19:06.833,0.112,0.1553464,0.043346393585205076,0.129
2024-10-31 16:29:07.001,0.121,0.14077185,0.019771850943565372,0.161
2024-10-31 16:39:08.418,0.111,0.13630268,0.025302679777145384,0.105
2024-10-31 16:49:07.382,0.153,0.13871293,-0.014287072300910947,0.128
2024-10-31 16:59:07.812,0.08,0.12311629,0.04311629205942154,0.128
2024-10-31 17:09:10.496,0.145,0.11596363,-0.029036369621753683,0.104
2024-10-31 17:19:06.985,0.121,0.12363748,0.0026374825239181554,0.128
2024-10-31 17:29:12.759,0.121,0.13386108,0.01286107981204987,0.112
2024-10-31 17:39:07.458,0.088,0.13556343,0.04756343317031861,0.121
2024-10-31 17:49:07.153,0.147,0.11450623,-0.03249377024173736,0.111
2024-10-31 17:59:06.734,0.114,0.11954517,0.005545169174671169,0.153
2024-10-31 18:09:06.745,0.133,0.12616155,-0.006838454484939582,0.08
2024-10-31 18:19:06.690,0.124,0.14533237,0.02133236622810364,0.145
2024-10-31 18:29:07.106,0.133,0.151399,0.018399001479148858,0.121
2024-10-31 18:39:07.631,0.152,0.14496021,-0.007039790272712704,0.121
2024-10-31 18:49:06.521,0.14,0.14743741,0.007437408566474901,0.088
2024-10-31 18:59:07.779,0.112,0.15898499,0.046984988927841184,0.147
2024-10-31 19:09:07.315,0.145,0.1577922,0.012792195677757273,0.114
2024-10-31 19:19:07.894,0.145,0.15356545,0.008565451502799998,0.133
2024-10-31 19:29:07.851,0.139,0.14456666,0.00556665515899657,0.124
2024-10-31 19:39:08.281,0.155,0.14808635,-0.006913645863533019,0.133
2024-10-31 19:49:08.130,0.146,0.14396286,-0.002037139892578116,0.152
2024-10-31 19:59:07.247,0.113,0.14815646,0.03515646409988403,0.14
2024-10-31 20:09:07.106,0.112,0.15422575,0.04222575175762176,0.112
2024-10-31 20:19:07.757,0.148,0.15672016,0.008720161437988289,0.145
2024-10-31 20:29:07.605,0.149,0.14825301,-0.0007469912767410214,0.145
2024-10-31 20:39:06.876,0.114,0.14789599,0.03389599180221557,0.139
2024-10-31 20:49:07.810,0.124,0.1567514,0.03275139427185059,0.155
2024-10-31 20:59:08.090,0.143,0.15425308,0.011253080487251294,0.146
2024-10-31 21:09:08.258,0.157,0.14857033,-0.008429671049118043,0.113
2024-10-31 21:19:08.335,0.114,0.13995926,0.025959260821342464,0.112
2024-10-31 21:29:07.186,0.168,0.15617587,-0.011824133276939403,0.148
2024-10-31 21:39:06.904,0.147,0.19744942,0.050449415922164925,0.149
2024-10-31 21:49:06.585,0.203,0.14764625,-0.055353751659393324,0.114
2024-10-31 21:59:06.936,0.166,0.1895942,0.023594194293022147,0.124
2024-10-31 22:09:07.116,0.102,0.1454668,0.04346680450439454,0.143
2024-10-31 22:19:07.511,0.159,0.12976108,-0.029238915085792544,0.157
2024-10-31 22:29:07.473,0.065,0.1668481,0.10184809327125549,0.114
2024-10-31 22:39:07.181,0.065,0.06583883,0.0008388286828994729,0.168
2024-10-31 22:49:07.330,0.031,0.05914157,0.02814156883955002,0.147
2024-10-31 22:59:08.474,0.031,0.065702826,0.03470282578468323,0.203
2024-10-31 23:09:07.785,0.075,0.06573587,-0.009264130890369413,0.166
2024-10-31 23:19:07.843,0.065,0.060574926,-0.004425073564052584,0.102
2024-10-31 23:29:08.615,0.04,0.063210145,0.023210144639015197,0.159
2024-10-31 23:39:07.652,0.066,0.06597761,-2.2389352321627864e-05,0.065
2024-10-31 23:49:08.167,0.083,0.06370182,-0.01929817664623261,0.065
2024-10-31 23:59:10.616,0.064,0.055229086,-0.00877091357111931,0.031
2024-11-01 00:09:07.650,0.109,0.06895274,-0.040047260761260986,0.031
2024-11-01 00:19:06.611,0.03,0.07370732,0.04370731979608536,0.075
2024-11-01 00:29:07.699,0.066,0.059370793,-0.006629206597805026,0.065
2024-11-01 00:39:08.245,0.058,0.060865086,0.0028650855720043153,0.04
2024-11-01 00:49:07.372,0.102,0.05653725,-0.04546275180578231,0.066
2024-11-01 00:59:07.249,0.065,0.06816224,0.00316224008798599,0.083
2024-11-01 01:09:06.849,0.065,0.05921868,-0.005781321376562121,0.064
2024-11-01 01:19:06.855,0.029,0.06500995,0.0360099515914917,0.109
2024-11-01 01:29:06.974,0.029,0.060739864,0.03173986366391182,0.03
2024-11-01 01:39:07.308,0.063,0.060772836,-0.0022271637916564946,0.066
2024-11-01 01:49:07.204,0.063,0.06382966,0.0008296604156494136,0.058
2024-11-01 01:59:07.144,0.029,0.06352352,0.03452352350950241,0.102
2024-11-01 02:09:08.280,0.029,0.0666719,0.03767190045118332,0.065
2024-11-01 02:19:06.639,0.038,0.06668618,0.028686183214187623,0.065
2024-11-01 02:29:07.115,0.063,0.056622423,-0.006377576768398285,0.029
2024-11-01 02:39:06.704,0.07200000000000001,0.068947785,-0.003052215397357949,0.029
2024-11-01 02:49:07.194,0.029,0.062556215,0.03355621463060379,0.063
2024-11-01 02:59:07.763,0.029,0.059927993,0.03092799252271652,0.063
2024-11-01 03:09:07.630,0.029,0.061281227,0.032281226575374605,0.029
2024-11-01 03:19:07.099,0.063,0.0601977,-0.002802300184965134,0.029
2024-11-01 03:29:07.094,0.063,0.070362836,0.007362836122512817,0.038
2024-11-01 03:39:07.417,0.1,0.06296908,-0.03703091889619828,0.063
2024-11-01 03:49:09.672,0.029,0.0701688,0.04116880065202713,0.07200000000000001
2024-11-01 03:59:07.913,0.065,0.060129233,-0.004870767295360567,0.029
2024-11-01 04:09:06.818,0.029,0.061503712,0.032503712087869646,0.029
2024-11-01 04:19:09.822,0.1,0.060104422,-0.03989557772874833,0.029
2024-11-01 04:29:07.129,0.064,0.069978386,0.0059783861637115465,0.063
2024-11-01 04:39:06.858,0.066,0.057551462,-0.008448537796735767,0.063
2024-11-01 04:49:07.165,0.029,0.065906376,0.03690637564659119,0.1
2024-11-01 04:59:07.603,0.029,0.060006183,0.031006182640790938,0.029
2024-11-01 05:09:07.001,0.063,0.06038943,-0.0026105706691741948,0.065
2024-11-01 05:19:06.945,0.063,0.06890878,0.005908780813217163,0.029
2024-11-01 05:29:07.450,0.064,0.06345818,-0.0005418180823326124,0.1
2024-11-01 05:39:07.614,0.029,0.0584135,0.02941350182890892,0.064
2024-11-01 05:49:07.794,0.029,0.06641213,0.037412128508090975,0.066
2024-11-01 05:59:07.813,0.065,0.0609376,-0.004062401652336123,0.029
2024-11-01 06:09:06.804,0.062,0.06582871,0.003828710794448853,0.029
2024-11-01 06:19:06.862,0.063,0.06764091,0.004640908062458038,0.063
2024-11-01 06:29:06.673,0.106,0.065408684,-0.040591315686702725,0.063
2024-11-01 06:39:07.546,0.07,0.09854333,0.028543331027030938,0.064
2024-11-01 06:49:06.906,0.137,0.08782546,-0.049174537777900706,0.029
2024-11-01 06:59:07.860,0.128,0.09924273,-0.028757268071174624,0.029
2024-11-01 07:09:07.354,0.145,0.11068687,-0.03431313157081603,0.065
2024-11-01 07:19:07.433,0.068,0.10202496,0.03402495753765106,0.062
2024-11-01 07:29:07.641,0.067,0.09048247,0.023482473373413082,0.063
2024-11-01 07:39:07.569,0.1,0.099005245,-0.0009947553277015742,0.106
2024-11-01 07:49:08.917,0.133,0.11509021,-0.017909786283969886,0.07
2024-11-01 07:59:07.209,0.1,0.11471309,0.014713087677955622,0.137
2024-11-01 08:09:07.734,0.127,0.11987389,-0.007126111209392549,0.128
2024-11-01 08:19:07.881,0.129,0.12328682,-0.005713179051876072,0.145
2024-11-01 08:29:07.464,0.104,0.11855959,0.0145595914721489,0.068
2024-11-01 08:39:07.005,0.155,0.11621916,-0.038780837059020995,0.067
2024-11-01 08:49:06.802,0.173,0.13239644,-0.04060355532169341,0.1
2024-11-01 08:59:07.139,0.141,0.13991693,-0.0010830733776092394,0.133
2024-11-01 09:09:07.641,0.194,0.1550677,-0.03893230283260346,0.1
2024-11-01 09:19:07.887,0.203,0.15520877,-0.04779123353958131,0.127
2024-11-01 09:29:07.661,0.157,0.1612658,0.00426580536365509,0.129
2024-11-01 09:39:07.129,0.196,0.15942042,-0.0365795842409134,0.104
2024-11-01 09:49:07.121,0.177,0.15962477,-0.017375229716300955,0.155
2024-11-01 09:59:06.618,0.163,0.16640611,0.003406109929084772,0.173
2024-11-01 10:09:07.070,0.155,0.16014375,0.005143747925758363,0.141
2024-11-01 10:19:08.471,0.163,0.15798607,-0.005013925313949591,0.194
2024-11-01 10:29:07.759,0.193,0.16300917,-0.029990833282470708,0.203
2024-11-01 10:39:08.051,0.154,0.15037288,-0.0036271222829818706,0.157
2024-11-01 10:49:07.405,0.184,0.15751354,-0.026486456036567685,0.196
2024-11-01 10:59:07.013,0.131,0.15205322,0.021053222060203547,0.177
2024-11-01 11:09:06.672,0.131,0.15443812,0.023438123106956477,0.163
2024-11-01 11:19:07.865,0.139,0.15563849,0.016638486146926867,0.155
2024-11-01 11:29:07.818,0.131,0.15343119,0.022431192040443415,0.163
2024-11-01 11:39:09.938,0.162,0.15581371,-0.006186291098594671,0.193
2024-11-01 11:49:08.677,0.13,0.14520417,0.015204171538352962,0.154
2024-11-01 11:59:08.074,0.162,0.15595266,-0.006047337770462041,0.184
2024-11-01 12:09:07.654,0.138,0.14711761,0.009117614746093738,0.131
2024-11-01 12:19:07.196,0.131,0.15233319,0.021333185076713557,0.131
2024-11-01 12:29:07.257,0.131,0.15371637,0.02271637046337127,0.139
2024-11-01 12:39:06.825,0.14,0.15450506,0.014505059123039232,0.131
2024-11-01 12:49:07.627,0.131,0.15286365,0.02186365151405334,0.162
2024-11-01 12:59:11.651,0.139,0.15147938,0.012479378342628467,0.13
2024-11-01 13:09:12.361,0.162,0.15048382,-0.011516183137893682,0.162
2024-11-01 13:19:07.428,0.139,0.14471827,0.0057182744741439695,0.138
2024-11-01 13:29:08.652,0.132,0.15035404,0.018354042649269098,0.131
2024-11-01 13:39:08.007,0.158,0.15106227,-0.006937734961509706,0.131
2024-11-01 13:49:07.004,0.17,0.15153186,-0.018468139767646802,0.14
2024-11-01 13:59:07.186,0.128,0.14512707,0.017127072930335996,0.131
2024-11-01 14:09:07.475,0.161,0.15607074,-0.0049292609691619915,0.139
2024-11-01 14:19:06.915,0.123,0.14369626,0.02069626343250275,0.162
2024-11-01 14:29:07.216,0.161,0.15296985,-0.008030147910118107,0.139
2024-11-01 14:39:07.154,0.136,0.14415395,0.008153952598571768,0.132
2024-11-01 14:49:07.950,0.129,0.15052949,0.021529488921165463,0.158
2024-11-01 14:59:06.978,0.096,0.15424854,0.058248535633087156,0.17
2024-11-01 15:09:07.088,0.147,0.14135855,-0.005641445636749259,0.128
2024-11-01 15:19:07.700,0.116,0.12641336,0.01041336023807525,0.161
2024-11-01 15:29:09.250,0.124,0.13891852,0.014918519020080567,0.123
2024-11-01 15:39:06.947,0.083,0.13674997,0.053749967932701107,0.161
2024-11-01 15:49:06.950,0.199,0.11516094,-0.08383905792236329,0.136
2024-11-01 15:59:07.149,0.114,0.14998342,0.03598342096805572,0.129
2024-11-01 16:09:06.994,0.114,0.13698153,0.0229815319776535,0.096
2024-11-01 16:19:06.483,0.117,0.13827524,0.021275235891342156,0.147
2024-11-01 16:29:07.849,0.146,0.13300976,-0.012990238428115836,0.116
2024-11-01 16:39:07.329,0.123,0.12423623,0.0012362335324287432,0.124
2024-11-01 16:49:07.233,0.174,0.13032325,-0.04367675387859343,0.083
2024-11-01 16:59:06.768,0.111,0.12659162,0.015591622829437254,0.199
2024-11-01 17:09:06.892,0.143,0.15769519,0.014695189118385327,0.114
2024-11-01 17:19:06.628,0.142,0.15054339,0.008543391704559339,0.114
2024-11-01 17:29:07.632,0.176,0.15354887,-0.022451133489608754,0.117
2024-11-01 17:39:07.521,0.11,0.14503387,0.03503386616706848,0.146
2024-11-01 17:49:07.376,0.152,0.1558934,0.0038934003114700355,0.123
2024-11-01 17:59:09.121,0.144,0.14722027,0.0032202688455581774,0.174
2024-11-01 18:09:10.274,0.197,0.15019307,-0.04680693459510804,0.111
2024-11-01 18:19:07.301,0.127,0.17516935,0.04816934871673584,0.143
2024-11-01 18:29:07.010,0.157,0.17568196,0.018681963562965392,0.142
2024-11-01 18:39:06.567,0.122,0.17055279,0.04855279016494751,0.176
2024-11-01 18:49:06.907,0.189,0.18269512,-0.006304879426956178,0.11
2024-11-01 18:59:07.448,0.165,0.1656565,0.0006565070152282637,0.152
2024-11-01 19:09:06.909,0.163,0.16557853,0.0025785292387008607,0.144
2024-11-01 19:19:07.350,0.137,0.16346575,0.026465753197669972,0.197
2024-11-01 19:29:07.069,0.223,0.17232925,-0.05067075300216675,0.127
2024-11-01 19:39:06.692,0.162,0.15843083,-0.003569170355796819,0.157
2024-11-01 19:49:07.705,0.191,0.16600797,-0.02499203419685364,0.122
2024-11-01 19:59:08.211,0.162,0.15567943,-0.006320565462112432,0.189
2024-11-01 20:09:08.479,0.172,0.16258949,-0.009410509586334215,0.165
2024-11-01 20:19:07.000,0.146,0.16461918,0.01861917757987977,0.163
2024-11-01 20:29:08.181,0.221,0.1463834,-0.07461659526824951,0.137
2024-11-01 20:39:07.016,0.141,0.13543478,-0.005565223455429064,0.223
2024-11-01 20:49:07.564,0.161,0.14006875,-0.020931245446205143,0.162
2024-11-01 20:59:07.159,0.108,0.13656475,0.028564746499061586,0.191
2024-11-01 21:09:06.936,0.177,0.15042165,-0.0265783507823944,0.162
2024-11-01 21:19:07.160,0.179,0.13766848,-0.04133152449131011,0.172
2024-11-01 21:29:07.938,0.108,0.13981122,0.03181121778488159,0.146
2024-11-01 21:39:07.410,0.107,0.15234041,0.04534041213989258,0.221
2024-11-01 21:49:07.579,0.106,0.1514847,0.045484698057174686,0.141
2024-11-01 21:59:07.066,0.14,0.15333557,0.013335571289062487,0.161
2024-11-01 22:09:06.725,0.116,0.15476489,0.03876489067077636,0.108
2024-11-01 22:19:07.171,0.117,0.11729784,0.0002978430986404351,0.177
2024-11-01 22:29:06.601,0.082,0.11211566,0.030115658819675442,0.179
2024-11-01 22:39:07.461,0.091,0.09905052,0.00805052185058594,0.108
2024-11-01 22:49:07.282,0.117,0.101427816,-0.015572184145450599,0.107
2024-11-01 22:59:07.568,0.069,0.12223646,0.053236460447311396,0.106
2024-11-01 23:09:07.453,0.061,0.0571528,-0.003847199738025664,0.14
2024-11-01 23:19:06.626,0.062,0.053760853,-0.008239147335290908,0.116
2024-11-01 23:29:08.709,0.026,0.061853494,0.03585349449515343,0.117
2024-11-01 23:39:07.060,0.105,0.059727855,-0.04527214497327804,0.082
2024-11-01 23:49:09.731,0.06,0.05650184,-0.0034981606900691964,0.091
2024-11-01 23:59:07.360,0.106,0.05672661,-0.0492733915746212,0.117
2024-11-02 00:09:50.668,0.025,0.064545855,0.03954585492610931,0.069
2024-11-02 00:19:06.728,0.063,0.061069056,-0.001930943608283997,0.061
2024-11-02 00:29:11.988,0.06,0.05072817,-0.009271831661462782,0.062
2024-11-02 00:39:12.249,0.097,0.062312678,-0.03468732249736786,0.026
2024-11-02 00:49:06.859,0.06,0.058092427,-0.001907573491334913,0.105
2024-11-02 00:59:10.844,0.034,0.053964783,0.01996478250622749,0.06
2024-11-02 01:09:07.466,0.025,0.06258225,0.03758224695920944,0.106
2024-11-02 01:19:06.797,0.034,0.0554578,0.02145780062675476,0.025
2024-11-02 01:29:07.667,0.06,0.05660324,-0.003396758288145063,0.063
2024-11-02 01:39:08.063,0.069,0.062726706,-0.0062732937335968075,0.06
2024-11-02 01:49:06.947,0.034,0.051789854,0.01778985372185707,0.097
2024-11-02 01:59:08.750,0.034,0.049640194,0.015640193581581113,0.06
2024-11-02 02:09:08.425,0.026,0.05551558,0.029515579879283906,0.034
2024-11-02 02:19:07.710,0.068,0.054574497,-0.013425502955913549,0.025
2024-11-02 02:29:08.311,0.095,0.05069686,-0.04430313900113106,0.034
2024-11-02 02:39:07.676,0.034,0.050281525,0.016281524658203123,0.06
2024-11-02 02:49:06.700,0.09,0.055872027,-0.03412797316908836,0.069
2024-11-02 02:59:07.343,0.034,0.04768654,0.013686539590358732,0.034
2024-11-02 03:09:07.210,0.095,0.05643074,-0.038569261580705644,0.034
2024-11-02 03:19:07.724,0.068,0.05204156,-0.015958439588546758,0.026
2024-11-02 03:29:07.536,0.061,0.054125547,-0.0068744525909423815,0.068
2024-11-02 03:39:07.604,0.025,0.051968757,0.026968757063150404,0.095
2024-11-02 03:49:06.863,0.025,0.05469924,0.029699238389730452,0.034
2024-11-02 03:59:06.812,0.059,0.056000877,-0.00299912282824516,0.09
2024-11-02 04:09:07.645,0.059,0.06564737,0.006647371113300327,0.034
2024-11-02 04:19:07.322,0.06,0.06492513,0.004925126731395724,0.095
2024-11-02 04:29:06.992,0.025,0.05313191,0.028131908178329466,0.068
2024-11-02 04:39:06.585,0.06,0.061543237,0.0015432374179363273,0.061
2024-11-02 04:49:07.195,0.025,0.055044822,0.03004482239484787,0.025
2024-11-02 04:59:06.906,0.025,0.054810513,0.02981051281094551,0.025
2024-11-02 05:09:07.240,0.059,0.054524712,-0.004475287735462186,0.059
2024-11-02 05:19:08.505,0.096,0.065148406,-0.030851594269275667,0.059
2024-11-02 05:29:09.093,0.068,0.051502388,-0.016497612029314046,0.06
2024-11-02 05:39:11.201,0.096,0.051734746,-0.04426525449752808,0.025
2024-11-02 05:49:07.005,0.034,0.051951457,0.017951456815004346,0.06
2024-11-02 05:59:06.978,0.061,0.055682693,-0.005317307323217391,0.025
2024-11-02 06:09:07.104,0.034,0.055801384,0.0218013841509819,0.025
2024-11-02 06:19:07.008,0.095,0.058802348,-0.036197652369737626,0.059
2024-11-02 06:29:07.379,0.059,0.05648308,-0.0025169212520122497,0.096
2024-11-02 06:39:07.167,0.085,0.061712056,-0.023287943601608282,0.068
2024-11-02 06:49:07.441,0.082,0.10916546,0.02716545987129211,0.096
2024-11-02 06:59:07.249,0.097,0.097769484,0.0007694839239120455,0.034
2024-11-02 07:09:07.302,0.13,0.12864481,-0.0013551908731460616,0.061
2024-11-02 07:19:07.863,0.129,0.13688456,0.00788455522060394,0.034
2024-11-02 07:29:06.794,0.104,0.13265169,0.028651686668396,0.095
2024-11-02 07:39:07.192,0.095,0.13131234,0.03631234049797058,0.059
2024-11-02 07:49:07.744,0.17,0.13003653,-0.03996346712112428,0.085
2024-11-02 07:59:07.409,0.127,0.14138214,0.014382142901420591,0.082
2024-11-02 08:09:07.354,0.16,0.15000361,-0.009996387958526615,0.097
2024-11-02 08:19:06.960,0.095,0.14413838,0.049138380885124205,0.13
2024-11-02 08:29:06.954,0.188,0.13909401,-0.04890599000453949,0.129
2024-11-02 08:39:06.526,0.131,0.15202484,0.021024835348129267,0.104
2024-11-02 08:49:07.198,0.157,0.15096737,-0.006032625555992127,0.095
2024-11-02 08:59:07.475,0.134,0.14549445,0.01149444615840911,0.17
2024-11-02 09:09:07.349,0.124,0.15185395,0.02785394883155823,0.127
2024-11-02 09:19:07.262,0.125,0.15700634,0.032006338238716125,0.16
2024-11-02 09:29:06.924,0.125,0.15413374,0.029133737087249756,0.095
2024-11-02 09:39:06.790,0.156,0.15692918,0.0009291800260543825,0.188
2024-11-02 09:49:06.872,0.129,0.14536084,0.016360842347145077,0.131
2024-11-02 09:59:07.565,0.111,0.14104322,0.030043215990066527,0.157
2024-11-02 10:09:07.276,0.118,0.1432302,0.02523019981384278,0.134
2024-11-02 10:19:07.074,0.077,0.13870613,0.06170613276958466,0.124
2024-11-02 10:29:06.578,0.11,0.11740821,0.007408208549022674,0.125
2024-11-02 10:39:08.052,0.111,0.14213642,0.031136424779891966,0.125
2024-11-02 10:49:07.814,0.111,0.141259,0.030258999705314635,0.156
2024-11-02 10:59:09.933,0.118,0.13900852,0.021008522033691412,0.129
2024-11-02 11:09:06.990,0.141,0.14047801,-0.0005219850540160997,0.111
2024-11-02 11:19:06.988,0.08600000000000001,0.12637925,0.04037925148010253,0.118
2024-11-02 11:29:07.794,0.109,0.12094076,0.011940759778022766,0.077
2024-11-02 11:39:06.848,0.117,0.1410687,0.024068696975708,0.11
2024-11-02 11:49:07.533,0.125,0.13633487,0.011334866285324097,0.111
2024-11-02 11:59:07.373,0.137,0.15395759,0.016957590460777272,0.111
2024-11-02 12:09:07.203,0.092,0.14803565,0.05603564548492432,0.118
2024-11-02 12:19:06.710,0.14,0.13287023,-0.0071297729015350475,0.141
2024-11-02 12:29:07.397,0.078,0.12786046,0.049860456705093384,0.08600000000000001
2024-11-02 12:39:06.710,0.109,0.1163907,0.0073906976580619815,0.109
2024-11-02 12:49:07.418,0.109,0.14014338,0.03114337956905365,0.117
2024-11-02 12:59:07.176,0.141,0.14040099,-0.0005990091562270983,0.125
2024-11-02 13:09:07.119,0.08600000000000001,0.12512974,0.039129744410514825,0.137
2024-11-02 13:19:07.101,0.125,0.12134703,-0.0036529675126075745,0.092
2024-11-02 13:29:06.647,0.07200000000000001,0.115282424,0.04328242379426955,0.14
2024-11-02 13:39:07.665,0.082,0.10636836,0.024368362903594967,0.078
2024-11-02 13:49:07.581,0.121,0.11598256,-0.005017437696456906,0.109
2024-11-02 13:59:07.142,0.081,0.1348044,0.05380439782142639,0.109
2024-11-02 14:09:08.884,0.123,0.11535771,-0.007642288088798521,0.141
2024-11-02 14:19:06.604,0.113,0.13418618,0.021186178445816037,0.08600000000000001
2024-11-02 14:29:07.479,0.141,0.13761085,-0.003389147281646715,0.125
2024-11-02 14:39:07.649,0.097,0.13119039,0.03419038939476013,0.07200000000000001
2024-11-02 14:49:08.371,0.162,0.14559048,-0.01640951585769654,0.082
2024-11-02 14:59:07.625,0.095,0.14000453,0.045004530549049376,0.121
2024-11-02 15:09:07.732,0.095,0.13696712,0.04196712255477905,0.081
2024-11-02 15:19:07.445,0.122,0.1354695,0.01346949625015259,0.123
2024-11-02 15:29:07.396,0.13,0.13304025,0.003040249347686763,0.113
2024-11-02 15:39:06.669,0.138,0.14918262,0.011182617664337147,0.141
2024-11-02 15:49:09.299,0.111,0.14233868,0.03133867824077606,0.097
2024-11-02 15:59:06.870,0.146,0.13768688,-0.008313121557235709,0.162
2024-11-02 16:09:07.034,0.079,0.119303085,0.04030308490991592,0.095
2024-11-02 16:19:07.742,0.145,0.11117857,-0.03382143050432204,0.095
2024-11-02 16:29:07.600,0.115,0.120566614,0.005566613972187037,0.122
2024-11-02 16:39:06.709,0.079,0.12879896,0.049798961639404296,0.13
2024-11-02 16:49:06.439,0.12,0.11065407,-0.009345929026603694,0.138
2024-11-02 16:59:06.606,0.112,0.13042414,0.018424141883850095,0.111
2024-11-02 17:09:17.214,0.121,0.12994683,0.008946827888488773,0.146
2024-11-02 17:19:07.270,0.111,0.1278184,0.016818405628204344,0.079
2024-11-02 17:29:07.502,0.154,0.13242343,-0.02157656931877136,0.145
2024-11-02 17:39:06.953,0.079,0.11594835,0.036948349237442016,0.115
2024-11-02 17:49:06.984,0.154,0.10972267,-0.04427733355760574,0.079
2024-11-02 17:59:06.763,0.111,0.116225824,0.005225823760032652,0.12
2024-11-02 18:09:06.563,0.112,0.12942366,0.01742366302013397,0.112
2024-11-02 18:19:07.399,0.079,0.12708355,0.04808355486392975,0.121
2024-11-02 18:29:07.354,0.112,0.107672654,-0.004327345907688143,0.111
2024-11-02 18:39:07.468,0.112,0.13277124,0.020771238684654234,0.154
2024-11-02 18:49:06.856,0.088,0.12903151,0.04103150916099549,0.079
2024-11-02 18:59:06.606,0.113,0.108636074,-0.004363926231861118,0.154
2024-11-02 19:09:06.749,0.067,0.11467611,0.04767611044645309,0.111
2024-11-02 19:19:06.967,0.093,0.05727277,-0.035727230489254,0.112
2024-11-02 19:29:07.008,0.025,0.054195818,0.029195817559957503,0.079
2024-11-02 19:39:08.153,0.068,0.06280585,-0.005194153666496282,0.112
2024-11-02 19:49:06.980,0.058,0.05457251,-0.003427488535642627,0.112
2024-11-02 19:59:06.951,0.068,0.064665854,-0.0033341460227966357,0.088
2024-11-02 20:09:06.492,0.058,0.053070184,-0.004929816156625751,0.113
2024-11-02 20:19:07.425,0.068,0.05715275,-0.01084724816679955,0.067
2024-11-02 20:29:06.361,0.025,0.053385463,0.02838546261191368,0.093
2024-11-02 20:39:07.421,0.067,0.054980747,-0.012019252598285679,0.025
2024-11-02 20:49:07.512,0.059,0.047559585,-0.011440414577722546,0.068
2024-11-02 20:59:07.032,0.033,0.05123334,0.01823334005475044,0.058
2024-11-02 21:09:06.782,0.025,0.05430063,0.02930062860250473,0.068
2024-11-02 21:19:06.892,0.068,0.055012126,-0.012987874478101735,0.058
2024-11-02 21:29:07.241,0.059,0.046923745,-0.012076254576444623,0.068
2024-11-02 21:39:07.228,0.034,0.047615904,0.013615904361009595,0.025
2024-11-02 21:49:07.173,0.025,0.053284332,0.028284332156181334,0.067
2024-11-02 21:59:06.985,0.059,0.05342789,-0.005572110056877133,0.059
2024-11-02 22:09:06.750,0.096,0.053865194,-0.04213480567932129,0.033
2024-11-02 22:19:07.362,0.06,0.04187893,-0.018121068775653837,0.025
2024-11-02 22:29:06.569,0.062,0.04970554,-0.012294461101293563,0.068
2024-11-02 22:39:07.532,0.025,0.045737714,0.020737713575363158,0.059
2024-11-02 22:49:06.714,0.097,0.052619677,-0.04438032296299935,0.034
2024-11-02 22:59:06.986,0.06,0.04979145,-0.010208548456430433,0.025
2024-11-02 23:09:06.502,0.063,0.04951761,-0.013482390820980072,0.059
2024-11-02 23:19:06.611,0.025,0.049907353,0.02490735277533531,0.096
2024-11-02 23:29:07.856,0.063,0.052747667,-0.010252333164215088,0.06
2024-11-02 23:39:07.363,0.059,0.055214323,-0.00378567689657211,0.062
2024-11-02 23:49:07.027,0.06,0.053712644,-0.006287356317043302,0.025
2024-11-02 23:59:06.966,0.026,0.04784827,0.02184826934337616,0.097
2024-11-03 00:09:07.318,0.034,0.054690015,0.02069001457095146,0.06
2024-11-03 00:19:07.135,0.059,0.048650734,-0.010349265873432156,0.063
2024-11-03 00:29:07.020,0.025,0.061319713,0.03631971254944801,0.025
2024-11-03 00:39:07.340,0.06,0.05331647,-0.006683529764413831,0.063
2024-11-03 00:49:07.361,0.025,0.056055836,0.031055836379528044,0.059
2024-11-03 00:59:06.784,0.025,0.05329166,0.02829165980219841,0.06
2024-11-03 01:09:07.256,0.025,0.05336891,0.028368911147117613,0.026
2024-11-03 01:10:10.106,0.025,0.0544474,0.02944740131497383,0.034
2024-11-03 01:19:06.671,0.061,0.05342332,-0.007576680988073348,0.059
2024-11-03 01:19:06.884,0.059,0.060413457,0.0014134574532508881,0.025
2024-11-03 01:29:07.327,0.06,0.0559202,-0.00407980144023895,0.06
2024-11-03 01:29:07.396,0.025,0.060439937,0.03543993681669235,0.025
2024-11-03 01:39:07.388,0.06,0.05333095,-0.00666904956102371,0.025
2024-11-03 01:39:08.319,0.025,0.0521562,0.027156198769807814,0.025
2024-11-03 01:49:06.837,0.025,0.053325772,0.028325772285461424,0.025
2024-11-03 01:49:06.934,0.025,0.053397134,0.02839713394641876,0.061
2024-11-03 01:59:06.741,0.025,0.053403687,0.028403686732053755,0.059
2024-11-03 01:59:07.157,0.059,0.053410284,-0.005589715778827664,0.06
2024-11-03 02:09:06.996,0.06,0.061964344,0.001964344233274462,0.025
2024-11-03 02:19:07.280,0.06,0.055361666,-0.004638334214687345,0.06
2024-11-03 02:29:06.547,0.034,0.052481588,0.018481587976217267,0.025
2024-11-03 02:39:06.767,0.025,0.047862995,0.022862995415925978,0.025
2024-11-03 02:49:06.798,0.025,0.053685434,0.02868543416261673,0.025
2024-11-03 02:59:06.855,0.06,0.05181968,-0.00818032160401344,0.025
2024-11-03 03:09:07.581,0.06,0.061506737,0.0015067370235919975,0.059
2024-11-03 03:19:08.121,0.025,0.05688463,0.031884631514549254,0.06
2024-11-03 03:29:06.889,0.025,0.052253187,0.02725318670272827,0.06
2024-11-03 03:39:07.169,0.034,0.051963396,0.017963396370410917,0.034
2024-11-03 03:49:06.707,0.025,0.051880334,0.026880333572626113,0.025
2024-11-03 03:59:06.873,0.069,0.051956914,-0.01704308563470841,0.025
2024-11-03 04:09:07.172,0.06,0.05675212,-0.003247880786657331,0.06
2024-11-03 04:19:06.849,0.07,0.059304163,-0.01069583714008332,0.06
2024-11-03 04:29:06.928,0.025,0.051168084,0.026168084144592284,0.025
2024-11-03 04:39:07.270,0.034,0.051925436,0.01792543566226959,0.025
2024-11-03 04:49:06.959,0.025,0.05191602,0.026916021853685378,0.034
2024-11-03 04:59:07.121,0.069,0.051956914,-0.01704308563470841,0.025
2024-11-03 05:09:07.023,0.088,0.051077973,-0.036922026902437205,0.069
2024-11-03 05:19:07.236,0.034,0.04670617,0.012706169843673704,0.06
2024-11-03 05:29:07.420,0.063,0.051696397,-0.011303602635860444,0.07
2024-11-03 05:39:06.945,0.025,0.05646526,0.0314652606844902,0.025
2024-11-03 05:49:06.821,0.063,0.051803514,-0.01119648563861847,0.034
2024-11-03 05:59:07.075,0.06,0.056456234,-0.003543765693902967,0.025
2024-11-03 06:09:07.014,0.097,0.06401339,-0.03298660826683045,0.069
2024-11-03 06:19:07.076,0.06,0.06317877,0.0031787702441215537,0.088
2024-11-03 06:29:07.654,0.062,0.05713216,-0.004867841571569442,0.034
2024-11-03 06:39:06.896,0.025,0.061500676,0.036500675976276396,0.063
2024-11-03 06:49:07.891,0.062,0.05663102,-0.005368978798389434,0.025
2024-11-03 06:59:07.496,0.06,0.061984297,0.001984296888113024,0.063
2024-11-03 07:09:06.853,0.096,0.066798754,-0.029201245963573458,0.06
2024-11-03 07:19:07.489,0.06,0.05884261,-0.0011573894321918465,0.097
2024-11-03 07:29:07.289,0.061,0.061891485,0.0008914850056171431,0.06
2024-11-03 07:39:06.962,0.025,0.066135414,0.04113541394472122,0.062
2024-11-03 07:49:07.105,0.025,0.060612645,0.035612645000219344,0.025
2024-11-03 07:59:08.345,0.025,0.061635036,0.03663503602147102,0.062
2024-11-03 08:09:08.415,0.068,0.062377773,-0.00562222677469254,0.06
2024-11-03 08:19:08.013,0.025,0.06401003,0.03901003152132034,0.096
2024-11-03 08:29:06.530,0.067,0.06259066,-0.004409341335296635,0.06
2024-11-03 08:39:07.191,0.094,0.06411871,-0.02988128685951233,0.061
2024-11-03 08:49:07.483,0.068,0.06274632,-0.005253676354885106,0.025
2024-11-03 08:59:08.069,0.059,0.060182717,0.0011827166974544556,0.025
2024-11-03 09:09:07.017,0.033,0.060531016,0.027531016439199446,0.025
2024-11-03 09:19:07.322,0.092,0.062197793,-0.029802206724882124,0.068
2024-11-03 09:29:07.375,0.067,0.057991803,-0.009008197307586674,0.025
2024-11-03 09:39:07.206,0.024,0.06037811,0.03637810817360878,0.067
2024-11-03 09:49:06.860,0.041,0.060748156,0.019748156160116194,0.094
2024-11-03 09:59:06.723,0.057,0.06761204,0.010612037062644956,0.068
2024-11-03 10:09:06.862,0.1,0.073556125,-0.026443874835968023,0.059
2024-11-03 10:19:08.180,0.024,0.06337978,0.03937977945804596,0.033
2024-11-03 10:29:06.727,0.098,0.06206341,-0.035936589121818546,0.092
2024-11-03 10:39:06.803,0.057,0.06480359,0.007803592860698698,0.067
2024-11-03 10:49:06.510,0.032,0.06727443,0.03527442890405655,0.024
2024-11-03 10:59:06.908,0.024,0.061911777,0.03791177666187286,0.041
2024-11-03 11:09:06.805,0.064,0.06243804,-0.0015619590282440199,0.057
2024-11-03 11:19:07.327,0.089,0.0637429,-0.02525710159540176,0.1
2024-11-03 11:29:07.362,0.032,0.05487101,0.02287101152539253,0.024
2024-11-03 11:39:06.802,0.056,0.07204816,0.016048157453536986,0.098
2024-11-03 11:49:07.003,0.064,0.07010224,0.006102237164974211,0.057
2024-11-03 11:59:07.201,0.056,0.062428646,0.006428645789623259,0.032
2024-11-03 12:09:06.998,0.059,0.06528156,0.0062815625071525605,0.024
2024-11-03 12:19:08.619,0.055,0.064211115,0.00921111524105072,0.064
2024-11-03 12:29:07.137,0.096,0.071703434,-0.024296566009521486,0.089
2024-11-03 12:39:07.476,0.024,0.05592178,0.03192178180813789,0.032
2024-11-03 12:49:07.280,0.105,0.062324222,-0.04267577782273292,0.056
2024-11-03 12:59:06.749,0.056,0.06593254,0.009932542085647582,0.064
2024-11-03 13:09:07.304,0.064,0.07089054,0.00689053839445114,0.056
2024-11-03 13:19:07.984,0.024,0.063081175,0.039081175088882446,0.059
2024-11-03 13:29:06.865,0.056,0.056178313,0.00017831274867057684,0.055
2024-11-03 13:39:07.034,0.088,0.07093931,-0.01706069010496139,0.096
2024-11-03 13:49:06.485,0.024,0.05494806,0.03094806170463562,0.024
2024-11-03 13:59:07.082,0.096,0.07170047,-0.024299531340599062,0.105
2024-11-03 14:09:06.780,0.056,0.059025817,0.0030258166193962086,0.056
2024-11-03 14:19:06.854,0.024,0.0776904,0.053690400183200836,0.064
2024-11-03 14:29:07.175,0.056,0.061858103,0.005858102679252623,0.024
2024-11-03 14:39:08.001,0.056,0.06711805,0.011118048667907714,0.056
2024-11-03 14:49:08.129,0.098,0.07093931,-0.0270606901049614,0.088
2024-11-03 14:59:06.697,0.024,0.06344995,0.03944994902610779,0.024
2024-11-03 15:09:07.500,0.088,0.06375627,-0.02424372780323028,0.096
2024-11-03 15:19:07.530,0.056,0.0549988,-0.0010011998414993298,0.056
2024-11-03 15:29:08.068,0.024,0.06826722,0.04426721876859665,0.024
2024-11-03 15:39:06.967,0.024,0.06282842,0.0388284215927124,0.056
2024-11-03 15:49:06.926,0.056,0.06197902,0.0059790181517601,0.056
2024-11-03 15:59:07.011,0.099,0.0699516,-0.029048398673534398,0.098
2024-11-03 16:09:06.986,0.024,0.061937533,0.03793753331899643,0.024
2024-11-03 16:19:07.559,0.065,0.061641138,-0.003358861953020098,0.088
2024-11-03 16:29:06.992,0.056,0.061115004,0.0051150041222572315,0.056
2024-11-03 16:39:06.702,0.098,0.06737875,-0.030621248066425327,0.024
2024-11-03 16:49:07.590,0.024,0.060266692,0.03626669219136238,0.024
2024-11-03 16:59:07.217,0.065,0.060436033,-0.004563967287540438,0.056
2024-11-03 17:09:07.496,0.057,0.05975235,0.0027523488104343394,0.099
2024-11-03 17:19:07.339,0.065,0.06479598,-0.00020402163267135842,0.024
2024-11-03 17:29:06.443,0.024,0.056901336,0.03290133571624756,0.065
2024-11-03 17:39:06.658,0.032,0.0603237,0.028323700308799743,0.056
2024-11-03 17:49:07.254,0.099,0.062632635,-0.03636736476421357,0.098
2024-11-03 17:59:06.738,0.065,0.062416904,-0.0025830963253974937,0.024
2024-11-03 18:09:06.816,0.057,0.054491635,-0.002508364588022234,0.065
2024-11-03 18:19:07.364,0.059,0.058891725,-0.00010827520489692377,0.057
2024-11-03 18:29:06.696,0.057,0.05694085,-5.915012955665794e-05,0.065
2024-11-03 18:39:06.662,0.065,0.059928622,-0.00507137790322304,0.024
2024-11-03 18:49:07.539,0.09,0.057269175,-0.03273082539439201,0.032
2024-11-03 18:59:06.496,0.032,0.048416153,0.016416152596473693,0.099
2024-11-03 19:09:06.434,0.066,0.052856483,-0.013143517434597018,0.065
2024-11-03 19:19:12.330,0.065,0.050336637,-0.014663363397121432,0.057
2024-11-03 19:29:07.108,0.089,0.05007432,-0.03892567971348762,0.059
2024-11-03 19:39:07.219,0.057,0.042070866,-0.014929134368896486,0.057
2024-11-03 19:49:07.930,0.024,0.05761609,0.03361608853936195,0.065
2024-11-03 19:59:06.923,0.051,0.05337618,0.002376179188489917,0.09
2024-11-03 20:09:07.223,0.033,0.050181635,0.017181634724140166,0.032
2024-11-03 20:19:08.099,0.057,0.045816325,-0.0111836753487587,0.066
2024-11-03 20:29:07.121,0.057,0.06284462,0.005844619154930113,0.065
2024-11-03 20:39:08.230,0.066,0.05777951,-0.008220490425825122,0.089
2024-11-03 20:49:07.050,0.024,0.047154557,0.023154556959867477,0.057
2024-11-03 20:59:07.437,0.033,0.052063756,0.01906375569105148,0.024
2024-11-03 21:09:06.713,0.057,0.053437036,-0.0035629644691944143,0.051
2024-11-03 21:19:06.722,0.066,0.06138463,-0.0046153705418109925,0.033
2024-11-03 21:29:06.772,0.058,0.049558584,-0.008441416352987292,0.057
2024-11-03 21:39:06.632,0.033,0.053041518,0.020041517734527586,0.057
2024-11-03 21:49:07.009,0.024,0.051670585,0.027670584827661514,0.066
2024-11-03 21:59:07.052,0.033,0.0516031,0.018603101193904875,0.024
2024-11-03 22:09:07.036,0.058,0.05165889,-0.006341108858585361,0.033
2024-11-03 22:19:06.934,0.067,0.06101775,-0.005982248306274418,0.057
2024-11-03 22:29:07.272,0.058,0.049078017,-0.008921982526779178,0.066
2024-11-03 22:39:06.625,0.033,0.054951046,0.021951045662164687,0.058
2024-11-03 22:49:07.158,0.025,0.05162093,0.026620930433273314,0.033
2024-11-03 22:59:06.885,0.033,0.049865067,0.01686506700515747,0.024
2024-11-03 23:09:06.974,0.033,0.050791375,0.017791375339031218,0.033
2024-11-03 23:19:07.613,0.067,0.04330851,-0.023691488623619084,0.058
2024-11-03 23:29:07.056,0.059,0.048178352,-0.01082164758443832,0.067
2024-11-03 23:39:08.012,0.06,0.052333098,-0.00766690209507942,0.058
2024-11-03 23:49:07.243,0.025,0.048768457,0.023768457025289534,0.033
2024-11-03 23:59:07.244,0.025,0.04977785,0.02477785050868988,0.025
2024-11-04 00:09:07.992,0.025,0.05132016,0.026320161670446394,0.033
2024-11-04 00:19:06.881,0.067,0.05131562,-0.015684379458427433,0.033
2024-11-04 00:29:06.691,0.058,0.0496499,-0.008350098311901095,0.067
2024-11-04 00:39:06.855,0.062,0.06161047,-0.00038952854275703386,0.059
2024-11-04 00:49:07.028,0.025,0.046749815,0.021749815344810484,0.06
2024-11-04 00:59:10.594,0.025,0.051175084,0.026175083965063094,0.025
2024-11-04 01:09:07.067,0.025,0.051208653,0.026208652555942534,0.025
2024-11-04 01:19:08.254,0.025,0.051165514,0.026165513694286345,0.025
2024-11-04 01:29:07.049,0.094,0.051174253,-0.04282574677467346,0.067
2024-11-04 01:39:06.959,0.059,0.04744275,-0.011557250857353207,0.058
2024-11-04 01:49:07.803,0.105,0.059432644,-0.045567355602979656,0.062
2024-11-04 01:59:07.244,0.025,0.05507416,0.030074159055948256,0.025
2024-11-04 02:09:06.767,0.097,0.051587947,-0.04541205328702927,0.025
2024-11-04 02:19:07.547,0.025,0.055741426,0.030741425603628157,0.025
2024-11-04 02:29:07.395,0.07,0.051654745,-0.018345255106687552,0.025
2024-11-04 02:39:07.956,0.025,0.05638962,0.03138961866497993,0.094
2024-11-04 02:49:06.968,0.07,0.05384477,-0.016155231446027762,0.059
2024-11-04 02:59:07.393,0.025,0.056436256,0.03143625557422638,0.105
2024-11-04 03:09:13.857,0.106,0.054041427,-0.05195857337117195,0.025
2024-11-04 03:19:06.920,0.037,0.067059964,0.0300599639415741,0.097
2024-11-04 03:29:06.727,0.062,0.04558846,-0.016411540180444717,0.025
2024-11-04 03:39:07.723,0.025,0.054202553,0.029202552884817122,0.07
2024-11-04 03:49:07.025,0.062,0.05488625,-0.0071137483119964595,0.025
2024-11-04 03:59:06.803,0.025,0.05840597,0.03340596929192543,0.07
2024-11-04 04:09:06.716,0.097,0.054164477,-0.04283552330732346,0.025
2024-11-04 04:19:07.020,0.059,0.05871537,-0.0002846304476261108,0.106
2024-11-04 04:29:08.741,0.025,0.06478535,0.03978534638881683,0.037
2024-11-04 04:39:06.644,0.025,0.0540231,0.029023098200559615,0.062
2024-11-04 04:49:07.376,0.025,0.054164477,0.029164476692676543,0.025
2024-11-04 04:59:09.130,0.025,0.054164477,0.029164476692676543,0.062
2024-11-04 05:09:08.579,0.025,0.05378761,0.02878761142492294,0.025
2024-11-04 05:19:06.740,0.059,0.053664453,-0.005335546672344205,0.097
2024-11-04 05:29:08.160,0.068,0.06438122,-0.0036187805533409168,0.059
2024-11-04 05:39:07.671,0.033,0.053167872,0.020167872130870818,0.025
2024-11-04 05:49:06.732,0.024,0.053226434,0.02922643369436264,0.025
2024-11-04 05:59:06.580,0.033,0.05352319,0.020523190319538115,0.025
2024-11-04 06:09:07.350,0.024,0.05644942,0.03244942075014114,0.025
2024-11-04 06:19:08.688,0.033,0.056527235,0.023527234613895415,0.025
2024-11-04 06:29:07.936,0.058,0.057958107,-4.189255833626088e-05,0.059
2024-11-04 06:39:08.359,0.058,0.06732719,0.009327186465263364,0.068
2024-11-04 06:49:09.644,0.024,0.0673734,0.043373402416706085,0.033
2024-11-04 06:59:06.819,0.059,0.056556597,-0.002443402647972104,0.024
2024-11-04 07:09:07.811,0.024,0.06780822,0.04380821830034256,0.033
2024-11-04 07:19:07.780,0.059,0.0596103,0.0006102997660636933,0.024
2024-11-04 07:29:06.954,0.024,0.06991992,0.045919921457767486,0.033
2024-11-04 07:39:06.874,0.1,0.058719672,-0.041280327737331396,0.058
2024-11-04 07:49:08.268,0.057,0.06701257,0.010012570798397062,0.058
2024-11-04 07:59:07.919,0.058,0.070851244,0.012851244032382962,0.024
2024-11-04 08:09:07.210,0.032,0.06830839,0.03630839067697525,0.059
2024-11-04 08:19:07.099,0.058,0.06302245,0.00502244961261749,0.024
2024-11-04 08:29:07.309,0.033,0.067839004,0.03483900409936905,0.059
2024-11-04 08:39:07.560,0.057,0.062635645,0.005635645270347593,0.024
2024-11-04 08:49:06.869,0.065,0.06828279,0.0032827904820442178,0.1
2024-11-04 08:59:07.345,0.089,0.06180898,-0.02719101899862289,0.057
2024-11-04 09:09:07.013,0.024,0.058269307,0.034269307017326354,0.058
2024-11-04 09:19:16.281,0.056,0.061187323,0.005187323182821273,0.032
2024-11-04 09:29:08.040,0.024,0.07316827,0.04916827028989792,0.058
2024-11-04 09:39:08.321,0.056,0.06298975,0.006989749014377593,0.033
2024-11-04 09:49:08.121,0.056,0.07429732,0.01829731637239456,0.057
2024-11-04 09:59:08.394,0.055,0.07478523,0.019785232543945312,0.065
2024-11-04 10:09:07.267,0.063,0.07386485,0.010864847421646118,0.089
2024-11-04 10:19:07.325,0.023,0.06459799,0.04159798663854599,0.024
2024-11-04 10:29:07.440,0.024,0.064232334,0.04023233449459076,0.056
2024-11-04 10:39:06.938,0.024,0.06098565,0.03698565086722374,0.024
2024-11-04 10:49:07.265,0.024,0.06462281,0.04062281197309494,0.056
2024-11-04 10:59:08.584,0.056,0.06355765,0.007557647168636321,0.056
2024-11-04 11:09:07.599,0.088,0.07108402,-0.01691597747802734,0.055
2024-11-04 11:19:06.708,0.055,0.057172865,0.0021728646755218503,0.063
2024-11-04 11:29:07.824,0.056,0.072031215,0.01603121483325958,0.023
2024-11-04 11:39:07.873,0.032,0.06596103,0.03396103310585022,0.024
2024-11-04 11:49:07.525,0.056,0.06262817,0.0066281723380088794,0.024
2024-11-04 11:59:06.876,0.032,0.06880372,0.03680372017621994,0.024
2024-11-04 12:09:07.840,0.056,0.06361894,0.007618943095207213,0.056
2024-11-04 12:19:07.371,0.064,0.07014387,0.006143871009349822,0.088
2024-11-04 12:29:08.384,0.024,0.062399298,0.03839929795265198,0.055
2024-11-04 12:39:06.907,0.096,0.063532166,-0.03246783381700516,0.056
2024-11-04 12:49:10.417,0.055,0.056025505,0.0010255050659179685,0.032
2024-11-04 12:59:07.220,0.096,0.07004183,-0.025958172142505648,0.056
2024-11-04 13:09:08.853,0.024,0.056025505,0.03202550506591797,0.032
2024-11-04 13:19:08.722,0.064,0.06187613,-0.0021238706409931196,0.056
2024-11-04 13:29:07.128,0.024,0.06203499,0.03803499063849449,0.064
2024-11-04 13:39:07.416,0.056,0.060302977,0.004302976518869399,0.024
2024-11-04 13:59:08.691,0.097,0.0726516,-0.024348397672176364,0.096
2024-11-04 14:09:07.127,0.024,0.0656195,0.04161949849128723,0.055
2024-11-04 14:19:07.301,0.064,0.07228003,0.008280026972293852,0.096
2024-11-04 14:29:07.674,0.024,0.060702126,0.0367021264731884,0.024
2024-11-04 14:39:07.029,0.064,0.064351715,0.00035171514749526844,0.064
2024-11-04 14:49:07.532,0.024,0.06306193,0.03906193023920059,0.024
2024-11-04 14:59:07.239,0.097,0.06203342,-0.03496658143401146,0.056
2024-11-04 15:09:08.500,0.056,0.06644961,0.010449612379074096,0.097
2024-11-04 15:19:07.421,0.032,0.07023275,0.03823274898529053,0.024
2024-11-04 15:29:06.911,0.024,0.06264372,0.03864372169971466,0.064
2024-11-04 15:39:07.369,0.04,0.05978786,0.01978785827755928,0.024
2024-11-04 15:49:07.743,0.024,0.059190582,0.03519058248400688,0.064
2024-11-04 15:59:07.945,0.032,0.059702225,0.027702225029468536,0.024
2024-11-04 16:09:06.941,0.056,0.062379654,0.006379654496908187,0.097
2024-11-04 16:19:07.244,0.073,0.070242375,-0.0027576248645782425,0.056
2024-11-04 16:29:07.568,0.024,0.059141506,0.035141505509614944,0.032
2024-11-04 16:39:07.615,0.032,0.059775796,0.02777579578757286,0.024
2024-11-04 16:49:09.559,0.024,0.06083091,0.03683090975880623,0.04
2024-11-04 16:59:06.994,0.032,0.06085898,0.02885897982120514,0.024
2024-11-04 17:09:07.659,0.033,0.060049634,0.027049634426832198,0.032
2024-11-04 17:19:07.164,0.075,0.07289357,-0.00210643261671066,0.056
2024-11-04 17:29:07.757,0.067,0.08012991,0.013129906535148617,0.073
2024-11-04 17:39:08.232,0.043,0.08753883,0.04453883093595505,0.024
2024-11-04 17:49:07.133,0.034,0.07911336,0.04511335676908493,0.032
2024-11-04 17:59:06.623,0.034,0.07732768,0.04332768356800079,0.024
2024-11-04 18:09:07.389,0.034,0.07673787,0.04273787325620651,0.032
2024-11-04 18:19:07.687,0.034,0.076241806,0.042241806149482725,0.033
2024-11-04 18:29:07.085,0.034,0.07814585,0.04414584672451019,0.075
2024-11-04 18:39:07.177,0.075,0.07814585,0.0031458467245101956,0.067
2024-11-04 18:49:08.032,0.066,0.08077019,0.01477018707990646,0.043
2024-11-04 18:59:07.277,0.034,0.087499894,0.05349989420175552,0.034
2024-11-04 19:09:07.760,0.034,0.071153134,0.03715313410758972,0.034
2024-11-04 19:19:07.442,0.034,0.07159602,0.03759601897001266,0.034
2024-11-04 19:29:07.484,0.034,0.07109207,0.03709206914901733,0.034
2024-11-04 19:39:09.438,0.034,0.06579024,0.03179024344682693,0.034
2024-11-04 19:49:07.029,0.034,0.073423475,0.03942347502708435,0.075
2024-11-04 19:59:06.577,0.066,0.07348143,0.007481433093547818,0.066
2024-11-04 20:09:09.820,0.084,0.079084456,-0.004915544033050542,0.034
2024-11-04 20:19:07.101,0.066,0.06871884,0.002718843162059781,0.034
2024-11-04 20:29:07.621,0.043,0.078956015,0.035956015408039096,0.034
2024-11-04 20:39:07.449,0.034,0.06953488,0.03553488290309906,0.034
2024-11-04 20:49:07.289,0.043,0.06773225,0.024732252180576328,0.034
2024-11-04 20:59:07.204,0.068,0.06419482,-0.003805179178714757,0.034
2024-11-04 21:09:07.758,0.033,0.076957695,0.04395769518613815,0.066
2024-11-04 21:19:07.385,0.057,0.051690638,-0.005309361934661867,0.084
2024-11-04 21:29:08.737,0.057,0.06063359,0.003633588582277296,0.066
2024-11-04 21:39:06.977,0.1,0.059884734,-0.04011526554822922,0.043
2024-11-04 21:49:07.430,0.024,0.04825451,0.024254508525133132,0.034
2024-11-04 21:59:07.351,0.093,0.04987974,-0.04312025907635689,0.043
2024-11-04 22:09:07.555,0.058,0.043675236,-0.014324763596057895,0.068
2024-11-04 22:19:06.458,0.06,0.05908261,-0.0009173913300037362,0.033
2024-11-04 22:29:07.572,0.024,0.052534644,0.028534643560647964,0.057
2024-11-04 22:39:07.347,0.06,0.049531665,-0.010468335300683973,0.057
2024-11-04 22:49:09.888,0.028,0.055259984,0.027259983986616134,0.1
2024-11-04 22:59:07.110,0.069,0.051840927,-0.017159072548151022,0.024
2024-11-04 23:09:07.450,0.024,0.05015813,0.026158128142356872,0.093
2024-11-04 23:19:07.259,0.103,0.053013727,-0.04998627293109893,0.058
2024-11-04 23:29:07.126,0.059,0.049787264,-0.009212735682725903,0.06
2024-11-04 23:39:08.495,0.033,0.062129058,0.029129057943820952,0.024
2024-11-04 23:49:08.725,0.033,0.05126953,0.01826953125,0.06
2024-11-04 23:59:08.054,0.024,0.044128615,0.020128615409135818,0.028
2024-11-05 00:09:07.114,0.024,0.053095195,0.029095195442438125,0.069
2024-11-05 00:19:07.022,0.024,0.053129595,0.029129594773054122,0.024
2024-11-05 00:29:07.556,0.059,0.052842896,-0.006157103568315503,0.103
2024-11-05 00:39:08.173,0.059,0.06147951,0.0024795088768005402,0.059
2024-11-05 00:49:07.080,0.059,0.06358262,0.004582621514797214,0.033
2024-11-05 00:59:32.434,0.024,0.06368735,0.03968734687566757,0.033
2024-11-05 01:09:07.479,0.024,0.053251598,0.02925159803032875,0.024
2024-11-05 01:19:07.493,0.024,0.053321674,0.029321674466133117,0.024
2024-11-05 01:29:20.413,0.033,0.053321674,0.020321674466133116,0.024
2024-11-05 01:39:07.474,0.033,0.05231693,0.019316930145025252,0.059
2024-11-05 01:49:07.255,0.068,0.047441337,-0.020558662742376332,0.059
2024-11-05 01:59:06.832,0.058,0.05772505,-0.0002749504446983367,0.059
2024-11-05 02:09:07.465,0.103,0.06436068,-0.038639321804046625,0.024
2024-11-05 02:19:08.148,0.024,0.05714443,0.03314442953467369,0.024
2024-11-05 02:29:07.162,0.06,0.053639818,-0.006360182017087934,0.024
2024-11-05 02:39:07.527,0.024,0.05803165,0.03403164839744568,0.033
2024-11-05 02:49:08.895,0.061,0.053658146,-0.0073418535888195025,0.033
2024-11-05 02:59:07.417,0.024,0.057999633,0.033999633252620697,0.068
2024-11-05 03:09:07.983,0.024,0.054003764,0.030003763943910598,0.058
2024-11-05 03:19:07.015,0.059,0.05924329,0.00024329161643982244,0.103
2024-11-05 03:29:06.876,0.068,0.064732976,-0.003267023742198949,0.024
2024-11-05 03:39:06.907,0.033,0.05416179,0.02116179075837135,0.06
2024-11-05 03:49:07.069,0.024,0.053023577,0.029023576736450195,0.024
2024-11-05 03:59:08.038,0.033,0.054034803,0.021034803062677382,0.061
2024-11-05 04:09:07.160,0.024,0.05300525,0.029005248308181762,0.024
2024-11-05 04:19:08.039,0.06,0.054034803,-0.005965196937322614,0.024
2024-11-05 04:29:08.198,0.024,0.06123399,0.037233989894390106,0.059
2024-11-05 04:39:07.280,0.06,0.055095714,-0.00490428641438484,0.068
2024-11-05 04:49:08.405,0.058,0.058489826,0.000489825576543805,0.033
2024-11-05 04:59:07.513,0.066,0.064787075,-0.0012129250764846833,0.024
2024-11-05 05:09:06.861,0.024,0.05326972,0.029269721567630767,0.033
2024-11-05 05:19:07.251,0.024,0.053711742,0.029711742162704467,0.024
2024-11-05 05:29:06.927,0.077,0.054094497,-0.022905502885580062,0.06
2024-11-05 05:39:07.464,0.067,0.08270197,0.01570197361707687,0.024
2024-11-05 05:49:07.002,0.074,0.08319256,0.009192557096481327,0.06
2024-11-05 05:59:07.401,0.07,0.08437521,0.014375210106372827,0.058
2024-11-05 06:09:08.333,0.1,0.09088795,-0.009112051129341131,0.066
2024-11-05 06:19:08.451,0.098,0.100004196,0.0020041961669921837,0.024
2024-11-05 06:29:06.777,0.131,0.106310144,-0.024689855933189397,0.024
2024-11-05 06:39:07.781,0.097,0.10194216,0.004942159235477445,0.077
2024-11-05 06:49:07.469,0.08,0.10931811,0.029318107366561888,0.067
2024-11-05 06:59:07.140,0.152,0.10170372,-0.0502962816953659,0.074
2024-11-05 07:10:38.076,0.169,0.12263352,-0.046366483211517345,0.07
2024-11-05 07:19:08.252,0.162,0.15082875,-0.011171251058578496,0.1
2024-11-05 07:29:07.115,0.153,0.15157515,-0.0014248518943786592,0.098
2024-11-05 07:39:07.628,0.136,0.15610698,0.02010697865486144,0.131
2024-11-05 07:49:07.193,0.16,0.15218359,-0.007816407680511478,0.097
2024-11-05 07:59:07.360,0.135,0.1461823,0.011182298660278311,0.08
2024-11-05 08:09:06.856,0.129,0.15365617,0.02465616977214813,0.152
2024-11-05 08:19:07.044,0.133,0.15215068,0.01915067565441131,0.169
2024-11-05 08:29:08.749,0.142,0.15258898,0.010588978409767164,0.162
2024-11-05 08:39:09.309,0.197,0.16095419,-0.03604580771923066,0.153
2024-11-05 08:49:07.388,0.144,0.15819778,0.01419777548313142,0.136
2024-11-05 08:59:07.121,0.145,0.15517461,0.010174612998962412,0.16
2024-11-05 09:09:07.348,0.13,0.14933904,0.019339035153388973,0.135
2024-11-05 09:19:07.733,0.13,0.15446982,0.02446981787681579,0.129
2024-11-05 09:29:07.418,0.172,0.15683198,-0.015168020248413072,0.133
2024-11-05 09:39:07.060,0.129,0.15035656,0.02135656094551086,0.142
2024-11-05 09:49:06.951,0.171,0.15657865,-0.014421354889869703,0.197
2024-11-05 09:59:07.870,0.154,0.15161778,-0.002382219672203062,0.144
2024-11-05 10:09:07.013,0.128,0.1540915,0.02609150719642639,0.145
2024-11-05 10:19:07.600,0.161,0.15580435,-0.005195649027824406,0.13
2024-11-05 10:29:06.891,0.142,0.14494741,0.00294740962982179,0.13
2024-11-05 10:39:07.501,0.178,0.15817596,-0.019824039816856376,0.172
2024-11-05 10:49:07.622,0.206,0.14366987,-0.062330126523971546,0.129
2024-11-05 10:59:06.912,0.157,0.20588988,0.048889880657196044,0.171
2024-11-05 11:09:07.018,0.206,0.15037844,-0.055621564149856556,0.154
2024-11-05 11:19:06.894,0.213,0.20969298,-0.0033070151805877634,0.128
2024-11-05 11:29:07.905,0.206,0.2019234,-0.004076599836349476,0.161
2024-11-05 11:39:07.407,0.171,0.20743328,0.03643328332901,0.142
2024-11-05 11:49:07.390,0.274,0.21036457,-0.06363543474674227,0.178
2024-11-05 11:59:06.926,0.095,0.22486958,0.12986957907676697,0.206
2024-11-05 12:09:07.546,0.16,0.13826764,-0.021732363700866703,0.157
2024-11-05 12:19:07.306,0.099,0.13802563,0.039025626540184016,0.206
2024-11-05 12:29:14.158,0.129,0.14940596,0.020405956268310543,0.213
2024-11-05 12:39:07.259,0.096,0.15436423,0.05836422824859619,0.206
2024-11-05 12:49:07.181,0.121,0.1393255,0.018325499534606937,0.171
2024-11-05 12:59:07.246,0.139,0.13524622,-0.003753782749176038,0.274
2024-11-05 13:09:07.404,0.136,0.13755876,0.0015587582588195703,0.095
2024-11-05 13:19:07.366,0.162,0.14864881,-0.013351186633110051,0.16
2024-11-05 13:29:08.580,0.096,0.1427174,0.04671740615367889,0.099
2024-11-05 13:39:07.230,0.16,0.13880613,-0.021193865537643436,0.129
2024-11-05 13:49:07.981,0.095,0.13861872,0.043618722558021544,0.096
2024-11-05 13:59:09.713,0.168,0.13818865,-0.029811354756355296,0.121
2024-11-05 14:09:06.791,0.126,0.14388563,0.01788562738895416,0.139
2024-11-05 14:19:06.933,0.095,0.15360542,0.058605416417121886,0.136
2024-11-05 14:29:06.893,0.126,0.13715935,0.011159347534179687,0.162
2024-11-05 14:39:07.118,0.126,0.15463635,0.028636353254318236,0.096
2024-11-05 14:49:06.795,0.134,0.15214714,0.018147144079208366,0.16
2024-11-05 14:59:06.942,0.126,0.14779834,0.02179834449291229,0.095
2024-11-05 15:09:07.922,0.159,0.1536197,-0.005380293369293215,0.168
2024-11-05 15:19:06.959,0.095,0.13803978,0.043039782643318175,0.126
2024-11-05 15:29:06.638,0.128,0.14043884,0.012438839793205259,0.095
2024-11-05 15:39:07.668,0.135,0.14820622,0.013206219077110282,0.126
2024-11-05 15:49:07.725,0.159,0.14768358,-0.011316424250602725,0.126
2024-11-05 15:59:07.398,0.179,0.13678883,-0.04221116983890533,0.134
2024-11-05 16:09:07.022,0.202,0.20855321,0.006553209900856005,0.126
2024-11-05 16:19:07.135,0.2,0.20628554,0.006285536289215077,0.159
2024-11-05 16:29:06.859,0.148,0.20779054,0.059790538668632515,0.095
2024-11-05 16:39:07.832,0.171,0.15404654,-0.016953464508056654,0.128
2024-11-05 16:49:07.433,0.205,0.20960145,0.0046014469861984375,0.135
2024-11-05 16:59:09.767,0.203,0.20215657,-0.000843426465988173,0.159
2024-11-05 17:09:09.061,0.221,0.20385277,-0.017147227287292482,0.179
2024-11-05 17:19:07.182,0.24,0.20276569,-0.03723431169986724,0.202
2024-11-05 17:29:08.091,0.132,0.21275373,0.08075372803211212,0.2
2024-11-05 17:39:06.760,0.0,0.18547559,0.18547558784484863,0.148
2024-11-05 17:59:07.859,0.141,0.15659466,0.01559466385841371,0.205
2024-11-05 18:09:07.007,0.157,0.16019437,0.0031943671703338616,0.203
2024-11-05 18:19:08.802,0.122,0.17960218,0.05760217595100403,0.221
2024-11-05 18:29:07.076,0.122,0.18608575,0.06408574569225312,0.24
2024-11-05 18:39:07.041,0.244,0.18625224,-0.05774776363372802,0.132
2024-11-05 18:49:07.455,0.195,0.19544937,0.00044936716556548406,0.0
2024-11-05 18:59:07.350,0.257,0.1982146,-0.05878539454936982,0.149
2024-11-05 19:09:07.696,0.241,0.20984574,-0.031154263377189628,0.141
2024-11-05 19:19:07.460,0.231,0.17980666,-0.05119333541393281,0.157
2024-11-05 19:29:06.944,0.16,0.1752615,0.01526149749755859,0.122
2024-11-05 19:39:08.798,0.154,0.19135006,0.037350057721138,0.122
2024-11-05 19:49:07.385,0.091,0.14218448,0.05118448102474213,0.244
2024-11-05 19:59:07.359,0.172,0.11975119,-0.052248807370662675,0.195
2024-11-05 20:09:07.955,0.126,0.12090652,-0.005093483090400697,0.257
2024-11-05 20:19:07.765,0.172,0.13480596,-0.03719403755664824,0.241
2024-11-05 20:29:07.115,0.108,0.121842235,0.013842235326766969,0.231
2024-11-05 20:39:07.449,0.153,0.15927717,0.006277170896530154,0.16
2024-11-05 20:49:06.799,0.108,0.14351259,0.03551259171962738,0.154
2024-11-05 20:59:07.130,0.154,0.1564714,0.0024714014530181905,0.091
2024-11-05 21:09:07.254,0.131,0.14080516,0.009805155038833613,0.172
2024-11-05 21:19:09.228,0.188,0.1371926,-0.050807393074035645,0.126
2024-11-05 21:29:08.509,0.115,0.11997814,0.004978137314319606,0.172
2024-11-05 21:39:07.647,0.07,0.11058036,0.04058036237955093,0.108
2024-11-05 21:49:07.213,0.025,0.050957523,0.02595752328634262,0.153
2024-11-05 21:59:07.299,0.07200000000000001,0.061100103,-0.010899897038936623,0.108
2024-11-05 22:09:07.683,0.025,0.050763316,0.025763316452503203,0.154
2024-11-05 22:19:06.809,0.107,0.05944718,-0.04755281952023506,0.131
2024-11-05 22:29:06.917,0.061,0.063977234,0.0029772340655326857,0.188
2024-11-05 22:39:06.825,0.105,0.06457578,-0.040424223542213436,0.115
2024-11-05 22:49:07.705,0.025,0.055405647,0.030405646562576293,0.07
2024-11-05 22:59:06.969,0.07100000000000001,0.05393211,-0.017067888289690025,0.025
2024-11-05 23:09:07.001,0.025,0.045167394,0.02016739398241043,0.07200000000000001
2024-11-05 23:19:49.566,0.106,0.055160932,-0.050839067757129666,0.025
2024-11-05 23:29:07.320,0.059,0.051151745,-0.007848254978656766,0.107
2024-11-05 23:39:07.882,0.107,0.06052453,-0.04647546929121017,0.061
2024-11-05 23:49:07.352,0.06,0.06393672,0.003936717808246615,0.105
2024-11-05 23:59:07.195,0.063,0.05084862,-0.012151381850242615,0.025
2024-11-06 00:09:06.698,0.025,0.050972745,0.025972744822502135,0.07100000000000001
2024-11-06 00:19:10.250,0.061,0.055578496,-0.00542150369286537,0.025
2024-11-06 00:29:06.821,0.025,0.050213717,0.02521371692419052,0.106
2024-11-06 00:39:07.514,0.024,0.05460139,0.030601389914751052,0.059
2024-11-06 00:49:06.894,0.058,0.060433567,0.0024335665702819795,0.107
2024-11-06 00:59:07.926,0.057,0.070591174,0.01359117406606674,0.06
2024-11-06 01:09:07.008,0.058,0.06543753,0.007437532961368558,0.063
2024-11-06 01:19:07.574,0.024,0.055155557,0.03115555664896965,0.025
2024-11-06 01:29:07.003,0.033,0.055196468,0.022196467787027357,0.061
2024-11-06 01:39:07.312,0.024,0.055404127,0.03140412664413452,0.025
2024-11-06 01:49:07.352,0.033,0.05377286,0.020772859275341032,0.024
2024-11-06 01:59:07.183,0.024,0.055342726,0.03134272640943527,0.058
2024-11-06 02:09:06.825,0.091,0.054152153,-0.036847846567630765,0.057
2024-11-06 02:19:07.251,0.066,0.046534788,-0.019465212136507037,0.058
2024-11-06 02:29:07.082,0.091,0.05271084,-0.03828916138410568,0.024
2024-11-06 02:39:06.980,0.084,0.046562523,-0.03743747735023499,0.033
2024-11-06 02:49:06.979,0.091,0.05058984,-0.04041015914082527,0.024
2024-11-06 02:59:07.491,0.024,0.04656014,0.022560138463974,0.033
2024-11-06 03:09:06.930,0.091,0.05440132,-0.03659868052601814,0.024
2024-11-06 03:19:07.230,0.024,0.048363373,0.024363372683525085,0.091
2024-11-06 03:29:07.121,0.09,0.05441006,-0.03558994099497795,0.066
2024-11-06 03:39:08.765,0.065,0.056443274,-0.00855672597885132,0.091
2024-11-06 03:49:08.556,0.057,0.060163714,0.0031637139916419962,0.084
2024-11-06 03:59:07.333,0.065,0.06903522,0.004035217165946958,0.091
2024-11-06 04:09:07.243,0.057,0.052959375,-0.004040624916553499,0.024
2024-11-06 04:19:07.757,0.024,0.059417862,0.03541786244511604,0.091
2024-11-06 04:29:07.422,0.024,0.05612597,0.03212596869468689,0.024
2024-11-06 04:39:07.040,0.024,0.05606609,0.03206608837842941,0.09
2024-11-06 04:49:06.670,0.024,0.057496138,0.03349613791704178,0.065
2024-11-06 04:59:07.076,0.055,0.057037897,0.002037897408008575,0.057
2024-11-06 05:09:10.001,0.055,0.06354986,0.008549861311912536,0.065
2024-11-06 05:19:07.448,0.111,0.06368581,-0.047314187943935396,0.057
2024-11-06 05:29:06.900,0.032,0.07305907,0.041059067130088805,0.024
2024-11-06 05:39:07.798,0.055,0.056540754,0.0015407536923885343,0.024
2024-11-06 05:49:07.506,0.032,0.060061388,0.028061387717723846,0.024
2024-11-06 05:59:07.525,0.055,0.056684103,0.0016841028630733487,0.024
2024-11-06 06:09:08.247,0.07,0.06590776,-0.004092238545417792,0.055
2024-11-06 06:19:07.572,0.055,0.061869383,0.006869382858276367,0.055
2024-11-06 06:29:07.248,0.057,0.06793108,0.010931078374385832,0.111
2024-11-06 06:39:07.573,0.1,0.06153429,-0.038465710729360586,0.032
2024-11-06 06:49:07.259,0.058,0.06371994,0.005719943165779111,0.055
2024-11-06 06:59:07.831,0.074,0.059061963,-0.01493803688883781,0.032
2024-11-06 07:09:07.393,0.07100000000000001,0.059934948,-0.011065052360296257,0.055
2024-11-06 07:19:08.169,0.054,0.079894505,0.025894505441188813,0.07
2024-11-06 07:29:07.327,0.119,0.08410142,-0.03489857637882232,0.055
2024-11-06 07:39:07.477,0.119,0.100720994,-0.018279005825519556,0.057
2024-11-06 07:49:08.309,0.13,0.10050132,-0.02949867874383927,0.1
2024-11-06 07:59:07.046,0.117,0.13409938,0.01709937918186187,0.058
2024-11-06 08:09:07.462,0.081,0.10963228,0.02863228344917297,0.074
2024-11-06 08:19:08.204,0.134,0.08413249,-0.04986750745773316,0.07100000000000001
2024-11-06 08:29:12.908,0.092,0.09869399,0.006693989217281343,0.054
2024-11-06 08:39:06.862,0.085,0.09559398,0.010593981444835657,0.119
2024-11-06 08:49:08.495,0.124,0.10109685,-0.022903146386146545,0.119
2024-11-06 08:59:07.301,0.102,0.11195525,0.009955247819423682,0.13
2024-11-06 09:09:07.269,0.123,0.12415751,0.001157510697841646,0.117
2024-11-06 09:19:07.227,0.092,0.111648664,0.01964866387844086,0.081
2024-11-06 09:29:07.752,0.114,0.100524604,-0.013475395679473881,0.134
2024-11-06 09:39:08.531,0.083,0.112540975,0.029540975213050838,0.092
2024-11-06 09:49:09.738,0.078,0.09725879,0.0192587913274765,0.085
2024-11-06 09:59:11.367,0.074,0.07542299,0.001422987341880802,0.124
2024-11-06 10:09:07.581,0.073,0.093486056,0.02048605573177338,0.102
2024-11-06 10:19:12.678,0.113,0.09324608,-0.019753920018672946,0.123
2024-11-06 10:29:07.397,0.07200000000000001,0.100181125,0.02818112510442733,0.092
2024-11-06 10:39:07.563,0.113,0.09413142,-0.01886858242750168,0.114
2024-11-06 10:49:09.412,0.07200000000000001,0.09934908,0.02734908151626586,0.083
2024-11-06 10:59:10.991,0.103,0.09333201,-0.009667992472648615,0.078
2024-11-06 11:09:07.869,0.097,0.0916848,-0.005315196633338931,0.074
2024-11-06 11:19:07.579,0.131,0.09997339,-0.031026611983776098,0.073
2024-11-06 11:29:09.131,0.07100000000000001,0.09655512,0.025555121243000023,0.113
2024-11-06 11:39:07.838,0.07200000000000001,0.09270998,0.02070998090505599,0.07200000000000001
2024-11-06 11:49:08.203,0.081,0.09203816,0.011038162052631376,0.113
2024-11-06 11:59:07.844,0.073,0.08634515,0.013345151066780095,0.07200000000000001
2024-11-06 12:09:07.412,0.082,0.0872,0.005200000882148739,0.103
2024-11-06 12:19:10.913,0.073,0.0792727,0.006272702336311345,0.097
2024-11-06 12:29:07.014,0.107,0.085135594,-0.02186440598964691,0.131
2024-11-06 12:39:07.351,0.073,0.09185529,0.018855287551879887,0.07100000000000001
2024-11-06 12:49:06.893,0.073,0.08506934,0.012069343447685246,0.07200000000000001
2024-11-06 12:59:07.208,0.083,0.08289458,-0.00010542142391205267,0.081
2024-11-06 13:09:06.896,0.073,0.07701224,0.004012240886688237,0.073
2024-11-06 13:19:07.078,0.106,0.0809756,-0.025024400413036343,0.082
2024-11-06 13:29:07.014,0.099,0.078836694,-0.020163305640220647,0.073
2024-11-06 13:39:11.105,0.114,0.09462523,-0.019374772846698765,0.107
2024-11-06 13:49:07.397,0.073,0.091406815,0.01840681475400925,0.073
2024-11-06 13:59:07.516,0.081,0.08724412,0.006244123220443723,0.073
2024-11-06 14:09:07.455,0.082,0.08229344,0.000293443381786343,0.083
2024-11-06 14:19:08.732,0.057,0.083673306,0.02667330580949783,0.073
2024-11-06 14:29:07.656,0.09,0.08920148,-0.0007985198497772183,0.106
2024-11-06 14:39:07.379,0.09,0.086011365,-0.003988634943962094,0.099
2024-11-06 14:49:07.526,0.109,0.084778935,-0.024221065282821655,0.114
2024-11-06 14:59:06.820,0.09,0.10203558,0.012035582065582279,0.073
2024-11-06 15:09:07.941,0.116,0.08569531,-0.030304688572883612,0.081
2024-11-06 15:19:07.396,0.049,0.09239654,0.04339654242992401,0.082
2024-11-06 15:29:07.731,0.09,0.07306171,-0.016938287913799283,0.057
2024-11-06 15:39:06.985,0.116,0.08083304,-0.03516695982217789,0.09
2024-11-06 15:49:07.532,0.058,0.0914207,0.03342070263624191,0.09
2024-11-06 15:59:08.020,0.125,0.08600884,-0.038991160690784454,0.109
2024-11-06 16:09:07.981,0.097,0.08998983,-0.007010166466236117,0.09
2024-11-06 16:19:06.837,0.157,0.10261308,-0.05438692343235016,0.116
2024-11-06 16:29:07.482,0.174,0.15758891,-0.016411085963249195,0.049
2024-11-06 16:39:07.155,0.198,0.21520811,0.017208113193511954,0.09
2024-11-06 16:49:07.237,0.233,0.21063875,-0.022361253380775464,0.116
2024-11-06 16:59:06.913,0.209,0.20171496,-0.00728503727912902,0.058
2024-11-06 17:09:08.514,0.218,0.20427144,-0.013728564262390136,0.125
2024-11-06 17:19:06.994,0.208,0.21611662,0.00811662209033967,0.097
2024-11-06 17:29:06.876,0.243,0.22766925,-0.015330746054649347,0.157
2024-11-06 17:39:07.018,0.156,0.20896573,0.0529657336473465,0.174
2024-11-06 17:49:06.704,0.15,0.18665871,0.036658710241317755,0.198
2024-11-06 17:59:09.786,0.171,0.18853658,0.017536584377288805,0.233
2024-11-06 18:09:07.720,0.18,0.20230304,0.022303037047386176,0.209
2024-11-06 18:19:07.344,0.174,0.19394924,0.01994923746585847,0.218
2024-11-06 18:29:08.456,0.145,0.1918153,0.04681530177593232,0.208
2024-11-06 18:39:09.024,0.193,0.19878799,0.005787987232208247,0.243
2024-11-06 18:49:06.835,0.185,0.17958063,-0.005419371128082273,0.156
2024-11-06 18:59:07.339,0.146,0.19771244,0.05171243631839753,0.15
2024-11-06 19:09:06.809,0.138,0.20097889,0.06297889006137847,0.171
2024-11-06 19:19:06.992,0.16,0.19836354,0.03836354255676269,0.18
2024-11-06 19:29:07.139,0.128,0.18269859,0.05469859254360199,0.174
2024-11-06 19:39:08.632,0.129,0.14902432,0.02002432262897491,0.145
2024-11-06 19:49:07.927,0.128,0.13660097,0.008600971221923825,0.193
2024-11-06 19:59:07.514,0.108,0.12906966,0.021069656133651735,0.185
2024-11-06 20:09:11.644,0.207,0.16451119,-0.04248881113529204,0.146
2024-11-06 20:19:08.452,0.142,0.15147403,0.0094740288257599,0.138
2024-11-06 20:29:08.578,0.188,0.14985086,-0.038149139761924744,0.16
2024-11-06 20:39:06.971,0.107,0.13806996,0.03106995749473572,0.128
2024-11-06 20:49:07.485,0.117,0.16313796,0.046137957453727715,0.129
2024-11-06 20:59:07.312,0.108,0.15962493,0.05162493419647217,0.128
2024-11-06 21:09:07.217,0.106,0.16046222,0.05446221554279328,0.108
2024-11-06 21:19:07.272,0.131,0.12833028,-0.002669724583625799,0.207
2024-11-06 21:29:06.964,0.11,0.13623832,0.026238321661949157,0.142
2024-11-06 21:39:07.582,0.146,0.12771216,-0.01828783965110778,0.188
2024-11-06 21:49:08.206,0.06,0.099159814,0.039159814417362215,0.107
2024-11-06 21:59:09.323,0.096,0.06782906,-0.028170942425727846,0.117
2024-11-06 22:09:07.751,0.06,0.049290475,-0.010709525495767591,0.108
2024-11-06 22:19:07.251,0.062,0.059676528,-0.0023234720230102535,0.106
2024-11-06 22:29:07.427,0.026,0.055413514,0.029413514375686647,0.131
2024-11-06 22:39:07.363,0.063,0.0497529,-0.013247101485729218,0.11
2024-11-06 22:49:33.536,0.061,0.0609202,-7.979875802993641e-05,0.146
2024-11-06 22:59:07.074,0.126,0.067797124,-0.05820287561416626,0.06
2024-11-06 23:09:07.387,0.062,0.066308595,0.00430859524011612,0.096
2024-11-06 23:19:07.374,0.064,0.050168853,-0.013831146746873857,0.06
2024-11-06 23:29:07.669,0.026,0.056159098,0.030159097701311113,0.062
2024-11-06 23:39:06.898,0.061,0.053300243,-0.007699757128953932,0.026
2024-11-06 23:49:07.122,0.069,0.0619293,-0.007070699572563177,0.063
2024-11-06 23:59:08.947,0.06,0.05596089,-0.004039110094308851,0.061
2024-11-07 00:09:07.290,0.069,0.07066019,0.0016601887941360416,0.126
2024-11-07 00:19:08.488,0.026,0.05916888,0.03316887894272805,0.062
2024-11-07 00:29:07.099,0.035,0.060242664,0.0252426640689373,0.064
2024-11-07 00:39:09.154,0.026,0.053681515,0.02768151515722275,0.026
2024-11-07 00:49:08.658,0.07,0.054822415,-0.01517758488655091,0.061
2024-11-07 00:59:07.026,0.07,0.05910132,-0.010898679196834571,0.069
2024-11-07 01:09:09.481,0.07100000000000001,0.051437937,-0.019562063276767738,0.06
2024-11-07 01:19:07.169,0.026,0.052907445,0.026907444536685945,0.069
2024-11-07 01:29:07.250,0.069,0.053444337,-0.015555662900209433,0.026
2024-11-07 01:39:07.250,0.026,0.049612768,0.02361276799440384,0.035
2024-11-07 01:49:06.763,0.069,0.05333273,-0.015667268872261053,0.026
2024-11-07 01:59:07.173,0.06,0.05155397,-0.008446031659841535,0.07
2024-11-07 02:09:07.389,0.06,0.06433553,0.0043355324864387534,0.07
2024-11-07 02:19:07.507,0.061,0.0642635,0.003263500273227693,0.07100000000000001
2024-11-07 02:29:08.160,0.026,0.061811317,0.035811316758394246,0.026
2024-11-07 02:39:06.907,0.026,0.053693034,0.027693033754825593,0.069
2024-11-07 02:49:15.073,0.026,0.05381263,0.027812630474567415,0.026
2024-11-07 02:59:08.226,0.06,0.053711362,-0.006288637816905973,0.069
2024-11-07 03:09:07.159,0.06,0.0647581,0.004758099615573885,0.06
2024-11-07 03:19:07.457,0.069,0.064641595,-0.004358405113220221,0.06
2024-11-07 03:29:07.183,0.061,0.05426003,-0.006739969611167906,0.061
2024-11-07 03:39:06.931,0.034,0.061265483,0.0272654834985733,0.026
2024-11-07 03:49:07.685,0.026,0.053060457,0.02706045711040497,0.026
2024-11-07 03:59:07.495,0.034,0.054072797,0.020072797298431394,0.026
2024-11-07 04:09:07.238,0.063,0.053038523,-0.009961477398872376,0.06
2024-11-07 04:19:07.204,0.069,0.0579691,-0.011030899226665503,0.06
2024-11-07 04:29:07.179,0.069,0.053111263,-0.015888737380504614,0.069
2024-11-07 04:39:07.793,0.025,0.052903127,0.027903126925230025,0.061
2024-11-07 04:49:07.816,0.025,0.0533176,0.0283175989985466,0.034
2024-11-07 04:59:08.281,0.025,0.05335841,0.02835840955376625,0.026
2024-11-07 05:09:07.429,0.059,0.053743094,-0.005256905794143674,0.034
2024-11-07 05:19:07.231,0.059,0.063727684,0.004727684319019321,0.063
2024-11-07 05:29:07.469,0.026,0.06364309,0.03764309042692185,0.069
2024-11-07 05:39:06.898,0.058,0.05328222,-0.004717780083417895,0.069
2024-11-07 05:49:07.477,0.061,0.06413,0.003130000770092012,0.025
2024-11-07 05:59:07.406,0.025,0.052329514,0.027329514175653456,0.025
2024-11-07 06:09:08.124,0.032,0.0571006,0.025100601494312286,0.025
2024-11-07 06:19:09.102,0.057,0.056882735,-0.0001172646582126638,0.059
2024-11-07 06:29:07.359,0.058,0.06766342,0.00966342371702194,0.059
2024-11-07 06:39:09.027,0.058,0.06286502,0.004865018844604489,0.026
2024-11-07 06:49:07.040,0.025,0.062150415,0.037150415033102034,0.058
2024-11-07 06:59:09.005,0.024,0.0554339,0.03143389916419983,0.061
2024-11-07 07:09:08.492,0.057,0.05913942,0.0021394193470478037,0.025
2024-11-07 07:19:07.854,0.056,0.064667225,0.008667224884033202,0.032
2024-11-07 07:29:07.327,0.08600000000000001,0.08265655,-0.003343452572822578,0.057
2024-11-07 07:39:09.363,0.19,0.08627773,-0.10372226923704148,0.058
2024-11-07 07:49:07.270,0.188,0.13933507,-0.04866493391990662,0.058
2024-11-07 07:59:07.005,0.129,0.13822387,0.009223871588706967,0.025
2024-11-07 08:09:08.022,0.182,0.13834693,-0.04365307462215423,0.024
2024-11-07 08:19:09.867,0.128,0.14197059,0.013970589756965635,0.057
2024-11-07 08:29:06.690,0.159,0.14029951,-0.018700486063957217,0.056
2024-11-07 08:39:06.941,0.128,0.13571614,0.007716140270233152,0.08600000000000001
2024-11-07 08:49:07.537,0.127,0.15480603,0.02780603277683258,0.19
2024-11-07 08:59:08.412,0.189,0.15776882,-0.031231184244155885,0.188
2024-11-07 09:09:07.063,0.096,0.15389551,0.05789551222324371,0.129
2024-11-07 09:19:07.095,0.137,0.1417714,0.004771405935287465,0.182
2024-11-07 09:29:07.487,0.161,0.15301313,-0.007986874938011174,0.128
2024-11-07 09:39:08.266,0.136,0.14932801,0.01332800829410552,0.159
2024-11-07 09:49:08.008,0.159,0.1564466,-0.0025533940792083765,0.128
2024-11-07 09:59:07.704,0.128,0.14581299,0.017812988281249997,0.127
2024-11-07 10:09:07.232,0.166,0.15712519,-0.008874810099601754,0.189
2024-11-07 10:19:07.692,0.126,0.14466278,0.018662782549858092,0.096
2024-11-07 10:29:07.776,0.118,0.15677804,0.03877803754806519,0.137
2024-11-07 10:39:08.156,0.158,0.16504526,0.007045261383056639,0.161
2024-11-07 10:49:07.228,0.14,0.14024062,0.00024062454700468638,0.136
2024-11-07 10:59:06.775,0.159,0.15205404,-0.006945958375930789,0.159
2024-11-07 11:09:07.548,0.127,0.13952096,0.012520958065986632,0.128
2024-11-07 11:19:08.549,0.127,0.15565413,0.028654132366180418,0.166
2024-11-07 11:29:08.338,0.126,0.15136595,0.02536595070362091,0.126
2024-11-07 11:39:07.884,0.134,0.1547973,0.020797300696372978,0.118
2024-11-07 11:49:07.847,0.157,0.15065674,-0.006343255162239075,0.158
2024-11-07 11:59:07.848,0.0,0.13981889,0.13981889188289642,0.14
2024-11-07 12:19:07.165,0.127,0.14049083,0.013490829944610594,0.127
2024-11-07 12:29:07.698,0.166,0.15156153,-0.014438471555709848,0.127
2024-11-07 12:39:07.339,0.126,0.1389318,0.012931795954704284,0.126
2024-11-07 12:49:07.500,0.134,0.15123084,0.017230841875076286,0.134
2024-11-07 12:59:07.078,0.159,0.14689872,-0.012101283311843875,0.157
2024-11-07 13:09:07.474,0.128,0.13469361,0.006693607687950132,0.0
2024-11-07 13:19:08.226,0.167,0.1534871,-0.013512898802757273,0.156
2024-11-07 13:29:08.448,0.132,0.14009704,0.008097036957740777,0.127
2024-11-07 13:39:06.971,0.17,0.14818999,-0.021810008287429822,0.166
2024-11-07 13:49:07.373,0.15,0.14343645,-0.006563553214073176,0.126
2024-11-07 13:59:08.304,0.137,0.1446311,0.0076311026811599625,0.134
2024-11-07 14:09:08.462,0.097,0.14317012,0.04617011833190918,0.159
2024-11-07 14:19:08.498,0.129,0.14366025,0.014660247325897213,0.128
2024-11-07 14:29:06.851,0.129,0.1505912,0.021591194629669186,0.167
2024-11-07 14:39:07.432,0.153,0.14663865,-0.006361353278160092,0.132
2024-11-07 14:49:06.926,0.128,0.14581369,0.017813688635826108,0.17
2024-11-07 14:59:06.998,0.095,0.15009286,0.05509285509586334,0.15
2024-11-07 15:09:07.337,0.095,0.13465364,0.039653642773628234,0.137
2024-11-07 15:19:08.722,0.128,0.13407059,0.006070590138435361,0.097
2024-11-07 15:29:07.104,0.129,0.14976744,0.020767443537712094,0.129
2024-11-07 15:39:08.024,0.104,0.1444628,0.04046279406547547,0.129
2024-11-07 15:49:06.954,0.129,0.13896954,0.009969540596008297,0.153
2024-11-07 15:59:07.228,0.137,0.14908376,0.012083763360977162,0.128
2024-11-07 16:09:07.207,0.163,0.14508282,-0.017917183518409735,0.095
2024-11-07 16:19:07.567,0.095,0.1350666,0.040066598653793334,0.095
2024-11-07 16:29:07.645,0.13,0.1336043,0.0036043030023574785,0.128
2024-11-07 16:39:08.065,0.096,0.13866839,0.04266838812828064,0.129
2024-11-07 16:49:07.058,0.172,0.13109267,-0.04090733242034911,0.104
2024-11-07 16:59:07.445,0.13,0.13272718,0.002727175951004024,0.129
2024-11-07 17:09:08.724,0.185,0.14208741,-0.042912585139274595,0.137
2024-11-07 17:19:08.235,0.115,0.15028322,0.03528321743011474,0.163
2024-11-07 17:29:07.223,0.185,0.16026467,-0.024735329151153562,0.095
2024-11-07 17:39:07.335,0.15,0.14779036,-0.0022096425294876043,0.13
2024-11-07 17:49:07.010,0.15,0.15900443,0.009004434943199163,0.096
2024-11-07 17:59:07.743,0.186,0.15551253,-0.030487473368644713,0.172
2024-11-07 18:09:07.011,0.184,0.20202664,0.018026635408401492,0.13
2024-11-07 18:19:07.091,0.21,0.20310082,-0.006899184584617607,0.185
2024-11-07 18:29:07.087,0.22,0.20195107,-0.018048928380012513,0.115
2024-11-07 18:39:06.869,0.186,0.19842091,0.01242091202735901,0.185
2024-11-07 18:49:07.241,0.186,0.20308621,0.017086212277412416,0.15
2024-11-07 18:59:07.340,0.222,0.2124381,-0.009561893463134769,0.15
2024-11-07 19:09:07.074,0.19,0.19799069,0.007990685701370237,0.186
2024-11-07 19:19:07.145,0.247,0.20697516,-0.04002483797073364,0.184
2024-11-07 19:29:08.081,0.141,0.18793577,0.046935769557952894,0.21
2024-11-07 19:39:07.049,0.178,0.1536103,-0.024389696002006522,0.22
2024-11-07 19:49:09.817,0.142,0.14211166,0.00011165904998780563,0.186
2024-11-07 19:59:08.325,0.128,0.14410557,0.01610556852817535,0.186
2024-11-07 20:09:06.932,0.101,0.12936938,0.02836937808990478,0.222
2024-11-07 20:19:07.452,0.169,0.1450951,-0.02390490496158601,0.19
2024-11-07 20:29:06.725,0.134,0.1338363,-0.00016370081901551092,0.247
2024-11-07 20:39:06.915,0.135,0.14089128,0.005891283750534049,0.141
2024-11-07 20:49:06.995,0.112,0.13845894,0.026458937406539915,0.178
2024-11-07 20:59:07.039,0.101,0.15147619,0.05047618949413299,0.142
2024-11-07 21:09:07.228,0.099,0.14447725,0.04547724819183349,0.128
2024-11-07 21:19:06.829,0.125,0.115296945,-0.009703055024147034,0.101
2024-11-07 21:29:07.276,0.143,0.119080275,-0.02391972470283507,0.169
2024-11-07 21:39:07.251,0.125,0.111185245,-0.013814754784107208,0.134
2024-11-07 21:49:12.859,0.034,0.10861092,0.07461092060804367,0.135
2024-11-07 21:59:06.941,0.025,0.058353133,0.033353133499622344,0.112
2024-11-07 22:09:07.027,0.034,0.058570463,0.024570463210344312,0.101
2024-11-07 22:19:07.317,0.06,0.05835668,-0.001643320024013517,0.099
2024-11-07 22:29:07.096,0.06,0.06372736,0.003727356493473055,0.125
2024-11-07 22:39:06.787,0.061,0.06370568,0.002705682754516603,0.143
2024-11-07 22:49:08.255,0.025,0.05540459,0.03040458858013153,0.125
2024-11-07 22:59:06.928,0.025,0.058693167,0.03369316682219505,0.034
2024-11-07 23:09:07.269,0.025,0.053992074,0.028992073982954024,0.025
2024-11-07 23:19:07.313,0.06,0.05403035,-0.005969648659229276,0.034
2024-11-07 23:29:07.105,0.065,0.059782628,-0.005217372030019762,0.06
2024-11-07 23:39:06.800,0.06,0.04765715,-0.01234284922480583,0.06
2024-11-07 23:49:07.222,0.025,0.049767938,0.024767937511205672,0.061
2024-11-07 23:59:07.893,0.034,0.052645843,0.01864584347605705,0.025
2024-11-08 00:09:07.516,0.025,0.055654272,0.03065427243709564,0.025
2024-11-08 00:19:06.857,0.069,0.054148406,-0.014851594209671026,0.025
2024-11-08 00:29:07.378,0.06,0.052060533,-0.007939466685056684,0.06
2024-11-08 00:39:07.163,0.07100000000000001,0.06019151,-0.010808491617441185,0.065
2024-11-08 00:49:06.811,0.025,0.046884768,0.021884767711162566,0.06
2024-11-08 00:59:07.042,0.025,0.053366046,0.028366046398878096,0.025
2024-11-08 01:09:07.388,0.025,0.053453263,0.028453262895345686,0.034
2024-11-08 01:19:07.469,0.059,0.053410124,-0.005589875966310498,0.025
2024-11-08 01:29:07.529,0.059,0.063381046,0.00438104605674744,0.069
2024-11-08 01:39:07.122,0.06,0.061614003,0.0016140030324459098,0.06
2024-11-08 01:49:06.915,0.069,0.054801065,-0.014198934525251394,0.07100000000000001
2024-11-08 01:59:10.062,0.025,0.048958298,0.023958297818899153,0.025
2024-11-08 02:09:07.034,0.034,0.053718507,0.019718507289886472,0.025
2024-11-08 02:19:07.284,0.061,0.05499012,-0.0060098797678947435,0.025
2024-11-08 02:29:07.774,0.025,0.058015704,0.03301570415496826,0.059
2024-11-08 02:39:07.269,0.095,0.053736836,-0.041263164281845094,0.059
2024-11-08 02:49:07.657,0.059,0.048361573,-0.010638426631689069,0.06
2024-11-08 02:59:07.068,0.096,0.05548444,-0.04051555982232094,0.069
2024-11-08 03:09:07.473,0.053,0.051005263,-0.0019947371184825882,0.025
2024-11-08 03:19:07.478,0.079,0.052595153,-0.02640484654903412,0.034
2024-11-08 03:29:07.444,0.025,0.05126418,0.026264181733131407,0.061
2024-11-08 03:39:08.398,0.061,0.0533176,-0.007682401001453398,0.025
2024-11-08 03:49:07.183,0.059,0.053800046,-0.005199953556060788,0.095
2024-11-08 03:59:07.429,0.096,0.06419777,-0.03180222874879837,0.059
2024-11-08 04:09:07.666,0.059,0.05864192,-0.0003580782711505859,0.096
2024-11-08 04:19:07.603,0.061,0.05423594,-0.00676406106352806,0.053
2024-11-08 04:29:08.721,0.033,0.058058415,0.025058414608240126,0.079
2024-11-08 04:39:08.257,0.06,0.05677003,-0.0032299695909023263,0.025
2024-11-08 04:49:06.848,0.067,0.05444713,-0.01255287063121796,0.061
2024-11-08 04:59:22.494,0.093,0.05263501,-0.040364989668130874,0.059
2024-11-08 05:09:07.637,0.058,0.0544577,-0.0035422982573509246,0.096
2024-11-08 05:19:08.121,0.024,0.056062542,0.03206254190206528,0.059
2024-11-08 05:29:08.076,0.024,0.0555092,0.03150919845700264,0.061
2024-11-08 05:39:07.246,0.033,0.055472873,0.022472873151302336,0.033
2024-11-08 05:49:07.596,0.057,0.0572881,0.0002880990803241709,0.06
2024-11-08 05:59:08.628,0.074,0.06620165,-0.007798350393772122,0.067
2024-11-08 06:09:07.277,0.056,0.060252294,0.0042522939443588245,0.093
2024-11-08 06:19:11.491,0.024,0.066680565,0.04268056547641754,0.058
2024-11-08 06:29:07.588,0.024,0.058336798,0.03433679810166359,0.024
2024-11-08 06:39:08.535,0.058,0.05700739,-0.0009926089942455321,0.024
2024-11-08 06:49:06.867,0.07100000000000001,0.05666588,-0.014334121257066734,0.033
2024-11-08 06:59:07.592,0.09,0.054152966,-0.0358470344543457,0.057
2024-11-08 07:09:07.486,0.073,0.05568382,-0.017316178560256953,0.074
2024-11-08 07:19:07.032,0.105,0.076313615,-0.028686385154724117,0.056
2024-11-08 07:29:07.237,0.112,0.08198405,-0.030015949428081515,0.024
2024-11-08 07:39:07.224,0.07200000000000001,0.09206546,0.0200654609799385,0.024
2024-11-08 07:49:07.016,0.104,0.080764525,-0.023235475361347194,0.058
2024-11-08 07:59:07.641,0.106,0.08462849,-0.021371507406234738,0.07100000000000001
2024-11-08 08:09:07.125,0.076,0.09025615,0.014256147086620333,0.09
2024-11-08 08:19:07.232,0.118,0.086002834,-0.03199716585874557,0.073
2024-11-08 08:29:07.797,0.085,0.1109624,0.025962398350238794,0.105
2024-11-08 08:39:07.100,0.124,0.10133116,-0.022668840527534484,0.112
2024-11-08 08:49:07.106,0.078,0.11149823,0.03349822920560837,0.07200000000000001
2024-11-08 08:59:07.204,0.069,0.092992164,0.023992164194583887,0.104
2024-11-08 09:09:07.049,0.1,0.09272574,-0.007274261116981512,0.106
2024-11-08 09:19:07.567,0.055,0.09726236,0.04226236015558243,0.076
2024-11-08 09:29:07.842,0.127,0.097919844,-0.029080155909061434,0.118
2024-11-08 09:39:08.886,0.098,0.11070424,0.012704243183135983,0.085
2024-11-08 09:49:09.742,0.162,0.1132523,-0.04874770295619965,0.124
2024-11-08 09:59:08.833,0.07,0.107838474,0.03783847421407699,0.078
2024-11-08 10:09:07.640,0.077,0.08856073,0.01156073021888733,0.069
2024-11-08 10:19:07.070,0.105,0.08770825,-0.017291750311851498,0.1
2024-11-08 10:29:07.319,0.085,0.10537895,0.02037894815206527,0.055
2024-11-08 10:39:07.258,0.08700000000000001,0.099677086,0.012677085876464836,0.127
2024-11-08 10:49:09.498,0.127,0.093906544,-0.033093455851078035,0.098
2024-11-08 10:59:08.214,0.08600000000000001,0.10646215,0.02046215081214904,0.162
2024-11-08 11:09:07.806,0.117,0.0986218,-0.01837819945812226,0.07
2024-11-08 11:19:07.827,0.08600000000000001,0.10934445,0.023344452619552605,0.077
2024-11-08 11:29:07.198,0.129,0.09510581,-0.03389418804645539,0.105
2024-11-08 11:39:08.388,0.121,0.10137062,-0.019629382252693173,0.085
2024-11-08 11:49:09.313,0.056,0.10683339,0.05083339089155197,0.08700000000000001
2024-11-08 11:59:07.323,0.085,0.09305882,0.008058817088603967,0.127
2024-11-08 12:09:07.017,0.118,0.09822717,-0.019772826910018915,0.08600000000000001
2024-11-08 12:19:10.048,0.053,0.105871044,0.052871044099330904,0.117
2024-11-08 12:29:07.532,0.118,0.094832644,-0.023167356133460992,0.08600000000000001
2024-11-08 12:39:07.913,0.094,0.1052913,0.011291299521923065,0.129
2024-11-08 12:49:07.984,0.062,0.09885464,0.036854638636112214,0.121
2024-11-08 12:59:07.296,0.062,0.08982631,0.027826308190822602,0.056
2024-11-08 13:09:07.544,0.08600000000000001,0.095260546,0.009260545611381524,0.085
2024-11-08 13:19:10.692,0.128,0.09670015,-0.03129985320568085,0.118
2024-11-08 13:29:07.196,0.08600000000000001,0.10030244,0.014302442908287041,0.053
2024-11-08 13:39:07.537,0.08700000000000001,0.09670015,0.009700146794319145,0.118
2024-11-08 13:49:08.234,0.08600000000000001,0.0885835,0.0025834991931915213,0.094
2024-11-08 13:59:07.133,0.119,0.09429034,-0.024709661543369288,0.062
2024-11-08 14:09:07.068,0.08700000000000001,0.09197728,0.004977283358573906,0.062
2024-11-08 14:19:07.785,0.054,0.08303338,0.029033382892608643,0.08600000000000001
2024-11-08 14:29:06.664,0.054,0.094242945,0.040242945313453675,0.128
2024-11-08 14:39:07.449,0.08600000000000001,0.093105,0.007105003237724297,0.08600000000000001
2024-11-08 14:49:09.412,0.102,0.096288644,-0.005711356222629541,0.08700000000000001
2024-11-08 14:59:07.572,0.101,0.11800042,0.01700041794776916,0.08600000000000001
2024-11-08 15:09:07.375,0.152,0.11548198,-0.03651801985502243,0.119
2024-11-08 15:19:08.869,0.074,0.15840717,0.08440716660022736,0.08700000000000001
2024-11-08 15:29:07.460,0.13,0.10405935,-0.025940646529197697,0.054
2024-11-08 15:39:07.131,0.129,0.12697466,-0.0020253428220748937,0.054
2024-11-08 15:49:07.294,0.189,0.13137105,-0.05762894892692566,0.08600000000000001
2024-11-08 15:59:08.065,0.172,0.14529175,-0.026708254337310777,0.102
2024-11-08 16:09:06.749,0.177,0.1794151,0.002415106773376474,0.101
2024-11-08 16:19:07.673,0.143,0.18046814,0.0374681420326233,0.152
2024-11-08 16:29:06.568,0.211,0.18482308,-0.026176919102668755,0.074
2024-11-08 16:39:07.207,0.177,0.1730171,-0.003982900500297537,0.13
2024-11-08 16:49:07.047,0.178,0.18104875,0.0030487508773803795,0.129
2024-11-08 16:59:07.259,0.161,0.18249968,0.021499676942825313,0.189
2024-11-08 17:09:08.449,0.197,0.18410169,-0.012898314118385323,0.172
2024-11-08 17:19:07.590,0.198,0.20923367,0.011233671426773062,0.177
2024-11-08 17:29:06.855,0.225,0.20756206,-0.017437940835952764,0.143
2024-11-08 17:39:06.819,0.199,0.20538215,0.0063821533918380635,0.211
2024-11-08 17:49:07.045,0.252,0.20720685,-0.0447931547164917,0.177
2024-11-08 17:59:07.245,0.159,0.20143777,0.042437771320343015,0.178
2024-11-08 18:09:07.135,0.177,0.20817284,0.031172842860221872,0.161
2024-11-08 18:19:07.407,0.155,0.20372231,0.048722313046455384,0.197
2024-11-08 18:29:07.581,0.149,0.19324772,0.044247720599174506,0.198
2024-11-08 18:39:07.221,0.146,0.18098374,0.03498373711109162,0.225
2024-11-08 18:49:06.892,0.119,0.17561164,0.05661164498329163,0.199
2024-11-08 18:59:08.827,0.11,0.17145243,0.06145243287086487,0.252
2024-11-08 19:09:07.077,0.119,0.16813955,0.04913954710960389,0.159
2024-11-08 19:19:06.705,0.153,0.16461356,0.011613559842109683,0.177
2024-11-08 19:29:07.388,0.16,0.1552574,-0.004742596149444583,0.155
2024-11-08 19:39:07.075,0.126,0.18799457,0.0619945695400238,0.149
2024-11-08 19:49:06.947,0.16,0.18800014,0.0280001425743103,0.146
2024-11-08 19:59:07.767,0.162,0.17910427,0.017104268550872798,0.119
2024-11-08 20:09:06.984,0.125,0.17766972,0.052669718861579895,0.11
2024-11-08 20:19:07.443,0.205,0.1807452,-0.024254800677299487,0.119
2024-11-08 20:29:06.867,0.16,0.16588028,0.005880277752876278,0.153
2024-11-08 20:39:07.372,0.155,0.17647766,0.02147765576839447,0.16
2024-11-08 20:49:06.999,0.104,0.14162192,0.0376219174861908,0.126
2024-11-08 20:59:07.918,0.095,0.1313212,0.03632120668888092,0.16
2024-11-08 21:09:07.116,0.084,0.1309156,0.04691559708118438,0.162
2024-11-08 21:19:07.021,0.117,0.09859262,-0.01840738338232041,0.125
2024-11-08 21:29:07.301,0.118,0.12579586,0.007795856118202216,0.205
2024-11-08 21:39:10.729,0.069,0.12180247,0.05280247157812118,0.16
2024-11-08 21:49:07.907,0.096,0.08747739,-0.008522606551647188,0.155
2024-11-08 21:59:07.118,0.026,0.094044425,0.06804442459344864,0.104
2024-11-08 22:09:07.177,0.062,0.059878036,-0.0021219636201858516,0.095
2024-11-08 22:19:10.391,0.059,0.061005376,0.0020053762793540986,0.084
2024-11-08 22:29:07.035,0.096,0.06772081,-0.028279191911220553,0.117
2024-11-08 22:39:06.954,0.025,0.04807476,0.023074759542942046,0.118
2024-11-08 22:49:06.937,0.053,0.058954973,0.005954972773790361,0.069
2024-11-08 22:59:07.577,0.034,0.05704016,0.02304015865921974,0.096
2024-11-08 23:09:08.451,0.059,0.051973592,-0.0070264075100421874,0.026
2024-11-08 23:19:07.505,0.059,0.06281348,0.003813483178615573,0.062
2024-11-08 23:29:07.561,0.06,0.06240183,0.002401831150054934,0.059
2024-11-08 23:39:07.836,0.061,0.058564365,-0.0024356350898742662,0.096
2024-11-08 23:49:07.293,0.034,0.055673644,0.02167364394664764,0.025
2024-11-08 23:59:08.676,0.062,0.050705653,-0.011294347316026687,0.053
2024-11-09 00:09:06.995,0.06,0.057417545,-0.00258245453238487,0.034
2024-11-09 00:19:07.404,0.06,0.062794656,0.0027946555614471458,0.059
2024-11-09 00:29:06.893,0.07,0.06223125,-0.007768749892711646,0.059
2024-11-09 00:39:06.848,0.034,0.04912959,0.01512959039211273,0.06
2024-11-09 00:49:07.272,0.063,0.043503948,-0.01949605244398117,0.061
2024-11-09 00:59:07.944,0.025,0.05742936,0.03242935836315155,0.034
2024-11-09 01:09:11.304,0.122,0.044871118,-0.07712888208031654,0.062
2024-11-09 01:19:06.978,0.059,0.06247848,0.0034784789979457886,0.06
2024-11-09 01:29:07.411,0.068,0.058535222,-0.00946477803587914,0.06
2024-11-09 01:39:08.725,0.025,0.05251095,0.027510950714349745,0.07
2024-11-09 01:49:07.133,0.025,0.05344915,0.028449150174856185,0.034
2024-11-09 01:59:07.073,0.06,0.053645194,-0.006354806423187254,0.063
2024-11-09 02:09:07.338,0.058,0.060793195,0.0027931949198245973,0.025
2024-11-09 02:19:08.257,0.112,0.06560462,-0.04639538031816483,0.122
2024-11-09 02:29:07.605,0.059,0.06637276,0.0073727596402168305,0.059
2024-11-09 02:39:07.387,0.025,0.068933085,0.04393308460712433,0.068
2024-11-09 02:49:07.339,0.025,0.05522717,0.03022717162966728,0.025
2024-11-09 02:59:08.047,0.025,0.053810116,0.02881011590361595,0.025
2024-11-09 03:09:07.148,0.103,0.055367894,-0.04763210552930831,0.06
2024-11-09 03:19:13.046,0.059,0.05891075,-8.925014734267878e-05,0.058
2024-11-09 03:29:07.156,0.061,0.0707992,0.009799201726913453,0.112
2024-11-09 03:39:06.695,0.025,0.063806996,0.03880699574947357,0.059
2024-11-09 03:49:07.330,0.052,0.054047838,0.002047837853431704,0.025
2024-11-09 03:59:06.813,0.033,0.052953675,0.019953675389289854,0.025
2024-11-09 04:09:07.308,0.025,0.05299631,0.02799631133675575,0.025
2024-11-09 04:19:07.836,0.093,0.05481296,-0.0381870396733284,0.103
2024-11-09 04:29:06.968,0.059,0.05297403,-0.006025969624519345,0.059
2024-11-09 04:39:08.297,0.06,0.07005261,0.010052608847618105,0.061
2024-11-09 04:49:07.155,0.033,0.05841968,0.02541967836022377,0.025
2024-11-09 04:59:07.025,0.025,0.053075325,0.02807532474398613,0.052
2024-11-09 05:09:06.866,0.067,0.05385627,-0.013143731474876408,0.033
2024-11-09 05:19:07.459,0.058,0.052347176,-0.005652824223041537,0.025
2024-11-09 05:29:11.741,0.094,0.06439591,-0.02960408800840378,0.093
2024-11-09 05:39:07.423,0.033,0.051144477,0.01814447697997093,0.059
2024-11-09 05:49:08.899,0.059,0.05349084,-0.005509160101413724,0.06
2024-11-09 05:59:09.489,0.024,0.06087965,0.036879651457071304,0.033
2024-11-09 06:09:07.591,0.088,0.05707644,-0.030923560738563532,0.025
2024-11-09 06:19:07.447,0.085,0.08373794,-0.0012620604038238586,0.067
2024-11-09 06:29:07.332,0.051,0.08411293,0.03311292731761933,0.058
2024-11-09 06:39:07.281,0.085,0.07832569,-0.006674311161041266,0.094
2024-11-09 06:49:07.206,0.08,0.084090695,0.004090694785118101,0.033
2024-11-09 06:59:11.972,0.117,0.069038,-0.0479619963169098,0.059
2024-11-09 07:09:10.469,0.106,0.09363824,-0.012361758708953854,0.024
2024-11-09 07:19:07.768,0.1,0.09340163,-0.006598366796970373,0.088
2024-11-09 07:29:06.792,0.107,0.113516085,0.006516084849834444,0.085
2024-11-09 07:39:15.391,0.052,0.105964385,0.053964384973049166,0.051
2024-11-09 07:49:07.013,0.075,0.08729728,0.01229728311300278,0.085
2024-11-09 07:59:06.941,0.083,0.080887,-0.002113002717494969,0.08
2024-11-09 08:09:07.225,0.116,0.09879071,-0.0172092873454094,0.117
2024-11-09 08:19:09.577,0.053,0.111522615,0.0585226149559021,0.106
2024-11-09 08:29:07.239,0.068,0.09796653,0.029966529428958888,0.1
2024-11-09 08:39:06.729,0.068,0.09878442,0.0307844169139862,0.107
2024-11-09 08:49:10.768,0.1,0.09773363,-0.0022663682699203547,0.052
2024-11-09 08:59:06.937,0.077,0.09602128,0.019021279692649842,0.075
2024-11-09 09:09:09.313,0.057,0.08304567,0.026045668900012968,0.083
2024-11-09 09:19:06.834,0.053,0.087893896,0.03489389580488205,0.116
2024-11-09 09:29:08.094,0.09,0.09176338,0.0017633771896362338,0.053
2024-11-09 09:39:07.673,0.103,0.08805657,-0.01494342821836471,0.068
2024-11-09 09:49:06.700,0.08600000000000001,0.10170441,0.0157044112086296,0.068
2024-11-09 09:59:07.047,0.07,0.098999165,0.028999164998531335,0.1
2024-11-09 10:09:07.561,0.053,0.09353908,0.040539081513881685,0.077
2024-11-09 10:19:07.584,0.128,0.09475224,-0.033247762799263,0.057
2024-11-09 10:29:06.759,0.084,0.09426912,0.010269119203090663,0.053
2024-11-09 10:39:07.846,0.093,0.09051526,-0.0024847366213798516,0.09
2024-11-09 10:49:07.184,0.053,0.10096048,0.04796047818660736,0.103
2024-11-09 10:59:08.958,0.053,0.09586381,0.04286381167173386,0.08600000000000001
2024-11-09 11:09:06.897,0.084,0.09550828,0.011508277416229243,0.07
2024-11-09 11:19:07.407,0.084,0.09045541,0.006455412864685053,0.053
2024-11-09 11:29:06.955,0.053,0.09600441,0.04300441157817841,0.128
2024-11-09 11:39:07.005,0.053,0.095909365,0.04290936452150345,0.084
2024-11-09 11:49:06.568,0.115,0.095428236,-0.01957176417112351,0.093
2024-11-09 11:59:08.672,0.084,0.106751546,0.022751546263694758,0.053
2024-11-09 12:09:10.680,0.149,0.089528024,-0.05947197580337524,0.053
2024-11-09 12:19:06.852,0.055,0.092724286,0.03772428601980209,0.084
2024-11-09 12:29:06.987,0.126,0.085966885,-0.04003311491012573,0.084
2024-11-09 12:39:07.184,0.055,0.096690014,0.041690014004707336,0.053
2024-11-09 12:49:07.056,0.127,0.0848094,-0.042190599858760836,0.053
2024-11-09 12:59:06.854,0.08600000000000001,0.09509538,0.009095381140708916,0.115
2024-11-09 13:09:07.978,0.125,0.10122217,-0.023777827620506287,0.084
2024-11-09 13:19:07.159,0.08600000000000001,0.10549924,0.019499237775802605,0.149
2024-11-09 13:29:12.970,0.08600000000000001,0.09655482,0.010554823219776147,0.055
2024-11-09 13:39:08.335,0.08600000000000001,0.099301204,0.01330120408535003,0.126
2024-11-09 13:49:07.312,0.118,0.100115694,-0.01788430589437484,0.055
2024-11-09 13:59:07.791,0.095,0.10514868,0.010148680508136748,0.127
2024-11-09 14:09:07.560,0.085,0.100375436,0.015375436246395105,0.08600000000000001
2024-11-09 14:19:07.255,0.085,0.099247426,0.014247425794601434,0.125
2024-11-09 14:29:06.914,0.08600000000000001,0.100831255,0.014831255316734307,0.08600000000000001
2024-11-09 14:39:07.327,0.063,0.09656138,0.033561379730701446,0.08600000000000001
2024-11-09 14:49:06.975,0.112,0.09293778,-0.019062217593193057,0.08600000000000001
2024-11-09 14:59:07.309,0.094,0.11171308,0.01771308159828186,0.118
2024-11-09 15:09:07.738,0.08600000000000001,0.0993264,0.013326401948928826,0.095
2024-11-09 15:19:06.914,0.062,0.09591074,0.03391074287891388,0.085
2024-11-09 15:29:07.236,0.085,0.09237402,0.007374019324779504,0.085
2024-11-09 15:39:08.105,0.085,0.09970331,0.01470331192016601,0.08600000000000001
2024-11-09 15:49:07.430,0.054,0.0994262,0.04542620247602463,0.063
2024-11-09 15:59:07.615,0.08600000000000001,0.09333745,0.007337446451187127,0.112
2024-11-09 16:09:07.312,0.085,0.10001403,0.01501403093338012,0.094
2024-11-09 16:19:06.744,0.118,0.10083757,-0.01716242659091949,0.08600000000000001
2024-11-09 16:29:06.754,0.08700000000000001,0.102155246,0.015155245840549461,0.062
2024-11-09 16:39:07.978,0.054,0.096899234,0.042899233758449555,0.085
2024-11-09 16:49:07.045,0.062,0.092578106,0.03057810562849045,0.085
2024-11-09 16:59:07.251,0.102,0.09074918,-0.011250818192958825,0.054
2024-11-09 17:09:07.034,0.079,0.08615687,0.0071568674445152275,0.08600000000000001
2024-11-09 17:19:07.460,0.058,0.07769301,0.019693007886409757,0.085
2024-11-09 17:29:07.837,0.07,0.078109905,0.008109905123710626,0.118
2024-11-09 17:39:07.120,0.07,0.091586396,0.021586396098136895,0.08700000000000001
2024-11-09 17:49:07.836,0.069,0.09006514,0.02106513655185699,0.054
2024-11-09 17:59:06.811,0.07,0.08288281,0.012882806658744805,0.062
2024-11-09 18:09:06.719,0.057,0.08035457,0.02335457134246826,0.102
2024-11-09 18:19:07.068,0.032,0.07468076,0.042680760502815246,0.079
2024-11-09 18:29:06.740,0.024,0.059176072,0.03517607247829437,0.058
2024-11-09 18:39:06.904,0.032,0.057170063,0.025170063257217407,0.07
2024-11-09 18:49:06.891,0.056,0.05629886,0.0002988594174385059,0.07
2024-11-09 18:59:07.333,0.065,0.066438355,0.0014383545517921426,0.069
2024-11-09 19:09:07.111,0.09,0.040529627,-0.04947037264704704,0.07
2024-11-09 19:19:07.822,0.024,0.031405855,0.007405854970216751,0.057
2024-11-09 19:29:06.784,0.058,0.055061836,-0.0029381642043590575,0.032
2024-11-09 19:39:06.695,0.024,0.05392733,0.029927328437566757,0.024
2024-11-09 19:49:07.121,0.057,0.052693788,-0.004306212037801745,0.032
2024-11-09 19:59:07.077,0.057,0.06226605,0.00526605176925659,0.056
2024-11-09 20:09:07.011,0.066,0.06163322,-0.0043667781949043305,0.065
2024-11-09 20:19:07.910,0.058,0.05480066,-0.003199340581893924,0.09
2024-11-09 20:29:07.237,0.058,0.061269917,0.00326991659402847,0.024
2024-11-09 20:39:08.139,0.024,0.061281487,0.037281487345695495,0.058
2024-11-09 20:49:06.711,0.024,0.05309809,0.02909808999300003,0.024
2024-11-09 20:59:07.228,0.059,0.052120168,-0.006879832237958905,0.057
2024-11-09 21:09:07.420,0.058,0.05849282,0.0004928207099437684,0.057
2024-11-09 21:19:08.066,0.101,0.06094503,-0.040054969698190696,0.066
2024-11-09 21:29:06.840,0.025,0.04911795,0.024117948859930037,0.058
2024-11-09 21:39:06.639,0.103,0.051813997,-0.05118600267171859,0.058
2024-11-09 21:49:07.122,0.033,0.048783712,0.015783712089061736,0.024
2024-11-09 21:59:07.448,0.025,0.04395599,0.01895598918199539,0.024
2024-11-09 22:09:06.966,0.025,0.05176286,0.026762860268354415,0.059
2024-11-09 22:19:07.211,0.059,0.051004488,-0.007995511978864667,0.058
2024-11-09 22:29:06.663,0.068,0.061011963,-0.006988037407398229,0.101
2024-11-09 22:39:07.033,0.08700000000000001,0.054380357,-0.032619642734527596,0.025
2024-11-09 22:59:08.830,0.025,0.047769804,0.022769803553819655,0.103
2024-11-09 23:09:07.543,0.061,0.053189777,-0.0078102231621742235,0.033
2024-11-09 23:19:07.341,0.025,0.054882653,0.029882653057575224,0.025
2024-11-09 23:29:06.983,0.061,0.051741358,-0.009258642107248305,0.025
2024-11-09 23:39:07.308,0.068,0.05414255,-0.013857450366020208,0.059
2024-11-09 23:49:06.950,0.096,0.054405905,-0.04159409469366074,0.068
2024-11-09 23:59:07.517,0.068,0.041180838,-0.026819162100553517,0.08700000000000001
2024-11-10 00:09:07.855,0.059,0.057610177,-0.0013898234963417022,0.025
2024-11-10 00:19:07.758,0.059,0.06311215,0.004112147152423862,0.061
2024-11-10 00:29:06.804,0.025,0.061290015,0.036290014535188674,0.025
2024-11-10 00:39:07.150,0.025,0.053305645,0.028305644541978835,0.061
2024-11-10 00:49:07.316,0.033,0.053264692,0.020264692425727843,0.068
2024-11-10 00:59:07.214,0.06,0.057491586,-0.0025084143877029397,0.096
2024-11-10 01:09:07.611,0.067,0.067198575,0.00019857454299926358,0.068
2024-11-10 01:19:06.812,0.094,0.06459569,-0.029404308140277863,0.059
2024-11-10 01:29:07.173,0.025,0.05025985,0.025259850919246672,0.059
2024-11-10 01:39:07.243,0.095,0.05485443,-0.04014556974172592,0.025
2024-11-10 01:49:06.779,0.025,0.048789658,0.02378965765237808,0.025
2024-11-10 01:59:06.729,0.033,0.05340601,0.020406011313199995,0.033
2024-11-10 02:09:07.112,0.025,0.052644476,0.027644476294517516,0.06
2024-11-10 02:19:06.620,0.034,0.053775717,0.019775716572999952,0.067
2024-11-10 02:29:08.800,0.059,0.052779622,-0.0062203776240348785,0.094
2024-11-10 02:39:07.212,0.059,0.064347655,0.005347654581069949,0.025
2024-11-10 02:49:06.813,0.123,0.06561625,-0.057383749961853026,0.095
2024-11-10 02:59:06.551,0.06,0.067649834,0.007649833858013155,0.025
2024-11-10 03:09:07.299,0.07100000000000001,0.061229352,-0.009770648092031486,0.033
2024-11-10 03:19:06.615,0.025,0.05138015,0.026380150020122527,0.025
2024-11-10 03:29:07.207,0.034,0.054157853,0.020157853126525876,0.034
2024-11-10 03:39:07.909,0.025,0.053023577,0.028023576736450194,0.059
2024-11-10 03:49:07.125,0.059,0.054170888,-0.0048291120827198,0.059
2024-11-10 03:59:07.304,0.06,0.07004583,0.010045828819274905,0.123
2024-11-10 04:09:06.609,0.06,0.07037131,0.010371307432651522,0.06
2024-11-10 04:19:07.358,0.07100000000000001,0.06833479,-0.002665211915969856,0.07100000000000001
2024-11-10 04:29:06.846,0.034,0.05828614,0.024286141604185102,0.025
2024-11-10 04:39:07.254,0.063,0.050617155,-0.01238284531235695,0.034
2024-11-10 04:49:07.806,0.025,0.058429107,0.033429107069969176,0.025
2024-11-10 04:59:09.905,0.08700000000000001,0.053885136,-0.03311486420035363,0.059
2024-11-10 05:09:07.833,0.06,0.047977135,-0.012022865414619444,0.06
2024-11-10 05:19:06.691,0.06,0.06339948,0.0033994787931442283,0.06
2024-11-10 05:29:07.321,0.034,0.060892962,0.026892961919307706,0.07100000000000001
2024-11-10 05:39:07.276,0.06,0.05264671,-0.0073532885313034035,0.034
2024-11-10 05:49:07.514,0.06,0.061060306,0.0010603056848049186,0.063
2024-11-10 05:59:06.652,0.033,0.060822666,0.02782266569137573,0.025
2024-11-10 06:09:06.941,0.095,0.05309436,-0.04190563902258873,0.08700000000000001
2024-11-10 06:19:07.409,0.068,0.05575468,-0.012245319813489919,0.06
2024-11-10 06:29:06.805,0.059,0.0616692,0.002669200658798221,0.06
2024-11-10 06:39:07.676,0.068,0.067336865,-0.0006631352305412341,0.034
2024-11-10 06:49:06.806,0.025,0.061527576,0.03652757629752159,0.06
2024-11-10 06:59:06.872,0.025,0.05813487,0.03313486874103546,0.06
2024-11-10 07:09:06.877,0.062,0.059394363,-0.0026056366860866542,0.033
2024-11-10 07:19:07.358,0.06,0.059048593,-0.0009514069557189919,0.095
2024-11-10 07:29:07.231,0.067,0.067297295,0.0002972947359085043,0.068
2024-11-10 07:39:08.674,0.093,0.071306236,-0.02169376391172409,0.059
2024-11-10 07:49:06.760,0.058,0.061683714,0.0036837143898010224,0.068
2024-11-10 07:59:06.753,0.024,0.07072658,0.046726580917835235,0.025
2024-11-10 08:09:07.399,0.024,0.061277416,0.037277415603399276,0.025
2024-11-10 08:19:06.871,0.033,0.061277416,0.028277415603399275,0.062
2024-11-10 08:29:08.046,0.057,0.057981275,0.0009812750220298747,0.06
2024-11-10 08:39:06.759,0.065,0.07188689,0.006886889636516569,0.067
2024-11-10 08:49:06.570,0.091,0.067010686,-0.023989314198493955,0.093
2024-11-10 08:59:07.097,0.057,0.05891786,0.0019178614318370799,0.058
2024-11-10 09:09:07.672,0.057,0.072999895,0.015999894618988035,0.024
2024-11-10 09:19:07.211,0.024,0.07159461,0.047594610810279846,0.024
2024-11-10 09:29:08.086,0.066,0.060817916,-0.00518208405375481,0.033
2024-11-10 09:39:06.751,0.024,0.06205784,0.038057841569185256,0.057
2024-11-10 09:49:07.034,0.096,0.06353986,-0.03246013736724854,0.065
2024-11-10 09:59:08.593,0.056,0.064633414,0.008633414149284362,0.091
2024-11-10 10:09:06.820,0.055,0.07374743,0.018747433722019195,0.057
2024-11-10 10:19:06.910,0.024,0.07497261,0.05097260719537735,0.057
2024-11-10 10:29:07.346,0.08600000000000001,0.06188303,-0.024116971403360374,0.024
2024-11-10 10:39:06.869,0.055,0.058496088,0.003496087789535522,0.066
2024-11-10 10:49:07.067,0.08600000000000001,0.07250032,-0.013499681711196906,0.024
2024-11-10 10:59:08.161,0.063,0.057105664,-0.005894335836172104,0.096
2024-11-10 11:09:06.468,0.056,0.068848655,0.012848654627799987,0.056
2024-11-10 11:19:07.110,0.024,0.07314322,0.04914322143793106,0.055
2024-11-10 11:29:08.067,0.08700000000000001,0.060794365,-0.02620563533902169,0.024
2024-11-10 11:39:06.884,0.055,0.05664951,0.0016495098173618314,0.08600000000000001
2024-11-10 11:49:06.857,0.056,0.07480248,0.01880248063802719,0.055
2024-11-10 11:59:07.248,0.024,0.08190056,0.05790055936574936,0.08600000000000001
2024-11-10 12:09:07.374,0.032,0.06341871,0.031418708741664886,0.063
2024-11-10 12:19:07.155,0.055,0.0625777,0.007577702105045318,0.056
2024-11-10 12:29:28.108,0.055,0.07285076,0.017850756347179413,0.024
2024-11-10 12:39:07.558,0.056,0.07379931,0.017799312114715575,0.08700000000000001
2024-11-10 12:49:07.553,0.024,0.073361084,0.04936108386516571,0.055
2024-11-10 12:59:07.267,0.024,0.062816136,0.038816135585308074,0.056
2024-11-10 13:09:13.600,0.055,0.060825575,0.005825575143098831,0.024
2024-11-10 13:19:07.167,0.096,0.070968956,-0.025031044244766237,0.032
2024-11-10 13:29:06.770,0.024,0.057506658,0.033506658136844635,0.055
2024-11-10 13:39:06.789,0.064,0.062027097,-0.0019729032516479506,0.055
2024-11-10 13:49:06.985,0.056,0.061469566,0.005469566076993941,0.056
2024-11-10 13:59:07.155,0.056,0.0702876,0.01428760015964508,0.024
2024-11-10 14:09:07.121,0.057,0.06693497,0.0099349730014801,0.024
2024-11-10 14:19:06.910,0.056,0.07160983,0.01560983234643936,0.055
2024-11-10 14:29:07.213,0.056,0.07193974,0.01593973660469055,0.096
2024-11-10 14:39:08.478,0.088,0.07052325,-0.017476752877235407,0.024
2024-11-10 14:49:07.245,0.065,0.05451633,-0.01048366963863373,0.064
2024-11-10 14:59:07.114,0.056,0.06286323,0.006863230705261229,0.056
2024-11-10 15:09:08.075,0.032,0.07229589,0.040295889258384704,0.056
2024-11-10 15:19:06.629,0.08700000000000001,0.06196233,-0.025037671148777016,0.057
2024-11-10 15:29:06.897,0.055,0.055334125,0.0003341247141361234,0.056
2024-11-10 15:39:06.526,0.096,0.063274086,-0.032725914478302004,0.056
2024-11-10 15:49:08.069,0.024,0.059308268,0.03530826812982559,0.088
2024-11-10 15:59:07.514,0.064,0.06302095,-0.0009790479540824903,0.065
2024-11-10 16:09:07.473,0.024,0.06275512,0.038755122780799865,0.056
2024-11-10 16:19:06.817,0.064,0.061368432,-0.002631568104028703,0.032
2024-11-10 16:29:08.790,0.055,0.06300674,0.00800673633813858,0.08700000000000001
2024-11-10 16:39:07.130,0.08700000000000001,0.07374492,-0.013255077123641976,0.055
2024-11-10 16:49:08.212,0.056,0.063945726,0.007945725560188292,0.096
2024-11-10 16:59:07.113,0.024,0.07122997,0.0472299719452858,0.024
2024-11-10 17:09:09.516,0.024,0.06272027,0.038720268964767456,0.064
2024-11-10 17:19:07.007,0.024,0.060346056,0.03634605577588081,0.024
2024-11-10 17:29:08.043,0.036,0.06122939,0.02522938916087151,0.064
2024-11-10 17:39:07.734,0.064,0.06422485,0.0002248466610908495,0.055
2024-11-10 17:49:07.968,0.056,0.061638266,0.005638265848159789,0.08700000000000001
2024-11-10 17:59:07.573,0.056,0.07232566,0.01632566177845001,0.056
2024-11-10 18:09:07.118,0.024,0.06781239,0.04381239062547684,0.024
2024-11-10 18:19:07.173,0.056,0.057127375,0.001127375155687331,0.024
2024-11-10 18:29:07.216,0.056,0.06714805,0.011148052155971526,0.024
2024-11-10 18:39:09.036,0.032,0.06716309,0.03516308742761612,0.036
2024-11-10 18:49:06.924,0.08700000000000001,0.057192087,-0.029807912826538094,0.064
2024-11-10 18:59:07.684,0.056,0.051043957,-0.004956042528152467,0.056
2024-11-10 19:09:08.658,0.097,0.063439764,-0.03356023591756821,0.056
2024-11-10 19:19:07.643,0.056,0.052017402,-0.00398259809613228,0.024
2024-11-10 19:29:07.841,0.056,0.06341726,0.007417263329029082,0.056
2024-11-10 19:39:07.741,0.024,0.06344215,0.03944214826822281,0.056
2024-11-10 19:49:06.958,0.032,0.05277138,0.02077137830853462,0.032
2024-11-10 19:59:07.006,0.029,0.053463425,0.02446342548727989,0.08700000000000001
2024-11-10 20:09:06.872,0.056,0.044368904,-0.011631095916032792,0.056
2024-11-10 20:19:07.305,0.024,0.0715532,0.04755320048332214,0.097
2024-11-10 20:29:06.687,0.024,0.04813154,0.024131540417671203,0.056
2024-11-10 20:39:06.491,0.057,0.04665433,-0.010345671296119692,0.056
2024-11-10 20:49:06.964,0.051,0.06278613,0.011786132097244266,0.024
2024-11-10 20:59:08.913,0.099,0.04910582,-0.04989418068528176,0.032
2024-11-10 21:09:07.056,0.024,0.05073652,0.026736520439386367,0.029
2024-11-10 21:19:06.660,0.058,0.04494489,-0.013055110156536105,0.056
2024-11-10 21:29:07.611,0.024,0.061369054,0.03736905401945114,0.024
2024-11-10 21:39:07.034,0.024,0.044430934,0.020430933892726898,0.024
2024-11-10 21:49:07.854,0.032,0.04496322,0.01296321827173233,0.057
2024-11-10 21:59:07.970,0.057,0.051087305,-0.005912695050239565,0.051
2024-11-10 22:09:08.821,0.033,0.061164413,0.02816441264748573,0.099
2024-11-10 22:19:07.131,0.024,0.051080156,0.027080156117677688,0.024
2024-11-10 22:29:10.250,0.024,0.044976417,0.02097641697525978,0.058
2024-11-10 22:39:07.129,0.024,0.044498723,0.02049872300028801,0.024
2024-11-10 22:49:06.450,0.058,0.044538688,-0.013461312085390094,0.024
2024-11-10 22:59:06.506,0.058,0.060983907,0.0029839074313640565,0.032
2024-11-10 23:09:06.795,0.101,0.06098779,-0.04001221081614495,0.057
2024-11-10 23:19:06.611,0.033,0.04844478,0.015444781452417372,0.033
2024-11-10 23:29:06.908,0.06,0.050533812,-0.009466187506914137,0.024
2024-11-10 23:39:06.823,0.024,0.05686797,0.032867968291044235,0.024
2024-11-10 23:49:06.703,0.06,0.04440079,-0.015599211156368253,0.024
2024-11-10 23:59:06.828,0.025,0.057496388,0.032496387511491774,0.058
2024-11-11 00:09:06.866,0.067,0.046235062,-0.02076493781805039,0.058
2024-11-11 00:19:10.016,0.025,0.057719678,0.03271967768669128,0.101
2024-11-11 00:29:06.965,0.033,0.046048455,0.01304845494031906,0.033
2024-11-11 00:39:07.978,0.024,0.05199532,0.02799531838297844,0.06
2024-11-11 00:49:07.185,0.024,0.046056528,0.022056527644395828,0.024
2024-11-11 00:59:07.753,0.06,0.046036266,-0.013963734209537504,0.06
2024-11-11 01:09:14.472,0.058,0.0630295,0.00502949786186218,0.025
2024-11-11 01:19:07.402,0.102,0.06395623,-0.03804376912117004,0.067
2024-11-11 01:29:07.163,0.024,0.056573432,0.03257343193888664,0.025
2024-11-11 01:39:08.280,0.033,0.046116214,0.013116214245557783,0.033
2024-11-11 01:49:06.819,0.025,0.052271724,0.027271723747253417,0.024
2024-11-11 01:59:07.158,0.025,0.046322927,0.021322926878929137,0.024
2024-11-11 02:09:07.313,0.025,0.046694305,0.021694304794073103,0.06
2024-11-11 02:19:06.873,0.059,0.04710104,-0.011898960560560223,0.058
2024-11-11 02:29:07.193,0.104,0.06446112,-0.039538880527019496,0.102
2024-11-11 02:39:07.313,0.025,0.057323836,0.03232383579015732,0.024
2024-11-11 02:49:08.089,0.061,0.046697613,-0.01430238714814186,0.033
2024-11-11 02:59:08.079,0.025,0.058052387,0.033052387088537215,0.025
2024-11-11 03:09:06.924,0.025,0.047044665,0.022044664621353148,0.025
2024-11-11 03:19:07.243,0.025,0.04707192,0.022071918845176695,0.025
2024-11-11 03:29:08.629,0.025,0.04704705,0.022047048807144164,0.059
2024-11-11 03:39:08.521,0.106,0.047280695,-0.0587193047106266,0.104
2024-11-11 03:49:07.587,0.025,0.060326993,0.03532699346542358,0.025
2024-11-11 03:59:07.173,0.061,0.046942327,-0.014057672828435896,0.061
2024-11-11 04:09:07.597,0.025,0.058433853,0.033433853089809416,0.025
2024-11-11 04:19:09.429,0.025,0.047065377,0.022065377235412596,0.025
2024-11-11 04:29:07.167,0.033,0.047064926,0.014064926475286482,0.025
2024-11-11 04:39:06.599,0.025,0.053021193,0.02802119255065918,0.025
2024-11-11 04:49:07.702,0.059,0.04699701,-0.012002989292144772,0.106
2024-11-11 04:59:07.520,0.059,0.0647581,0.005758099615573886,0.025
2024-11-11 05:09:06.976,0.061,0.0642671,0.003267098903656007,0.061
2024-11-11 05:19:07.865,0.067,0.058056988,-0.008943012177944187,0.025
2024-11-11 05:29:07.610,0.025,0.05837696,0.033376960456371306,0.025
2024-11-11 05:39:08.215,0.025,0.0466678,0.021667799353599547,0.033
2024-11-11 05:49:07.442,0.025,0.046697464,0.0216974638402462,0.025
2024-11-11 05:59:07.911,0.025,0.046699848,0.021699848026037215,0.059
2024-11-11 06:09:07.458,0.025,0.04918604,0.024186039716005324,0.059
2024-11-11 06:21:39.645,0.122,0.04918916,-0.07281083849072456,0.061
2024-11-11 06:29:07.721,0.095,0.07484293,-0.02015707015991211,0.067
2024-11-11 06:39:07.763,0.024,0.057002403,0.03300240284204483,0.025
2024-11-11 06:49:08.153,0.024,0.04899527,0.02499527132511139,0.025
2024-11-11 06:59:06.771,0.024,0.04897813,0.024978131264448165,0.025
2024-11-11 07:09:07.541,0.024,0.05159412,0.027594119518995285,0.025
2024-11-11 07:19:07.608,0.033,0.05159412,0.018594119518995283,0.025
2024-11-11 07:29:06.879,0.092,0.058158956,-0.03384104353189468,0.122
2024-11-11 07:39:08.519,0.057,0.06113283,0.004132829636335371,0.095
2024-11-11 07:49:08.229,0.059,0.07590536,0.01690536028146744,0.024
2024-11-11 07:59:06.839,0.024,0.06781381,0.04381381368637085,0.024
2024-11-11 08:09:09.808,0.032,0.061465524,0.02946552413702011,0.024
2024-11-11 08:19:07.472,0.032,0.06002593,0.028025930404663085,0.024
2024-11-11 08:29:08.663,0.057,0.058587972,0.0015879720747470835,0.033
2024-11-11 08:39:08.158,0.057,0.07217634,0.015176337242126463,0.092
2024-11-11 08:49:07.277,0.024,0.07223044,0.048230443358421325,0.057
2024-11-11 08:59:07.856,0.057,0.06134475,0.004344750225543974,0.059
2024-11-11 09:09:07.740,0.024,0.071804225,0.0478042254447937,0.024
2024-11-11 09:19:07.024,0.066,0.061076894,-0.004923105597496036,0.032
2024-11-11 09:29:07.654,0.056,0.060697433,0.004697432607412337,0.032
2024-11-11 09:39:07.432,0.056,0.071804225,0.0158042254447937,0.057
2024-11-11 09:49:07.621,0.06,0.07200166,0.012001658380031588,0.057
2024-11-11 09:59:07.688,0.024,0.061461072,0.03746107241511345,0.024
2024-11-11 10:09:07.348,0.032,0.060808413,0.028808412730693816,0.057
2024-11-11 10:19:06.726,0.024,0.05980283,0.0358028302192688,0.024
2024-11-11 10:29:06.859,0.056,0.06101613,0.005016131192445754,0.066
2024-11-11 10:39:07.187,0.055,0.07401761,0.019017606675624847,0.056
2024-11-11 10:49:07.160,0.024,0.07434791,0.05034791326522827,0.056
2024-11-11 10:59:16.575,0.031,0.06356805,0.03256804817914963,0.06
2024-11-11 11:09:08.810,0.023,0.058637396,0.03563739550113678,0.024
2024-11-11 11:19:07.006,0.031,0.06196225,0.030962250620126724,0.032
2024-11-11 11:29:06.639,0.08600000000000001,0.0630013,-0.02299870258569718,0.024
2024-11-11 11:39:12.729,0.055,0.05684953,0.001849531829357147,0.056
2024-11-11 11:49:07.215,0.054,0.073604666,0.019604665696620942,0.055
2024-11-11 11:59:07.592,0.023,0.07118465,0.04818465006351471,0.024
2024-11-11 12:09:07.279,0.054,0.05982948,0.005829480946063996,0.031
2024-11-11 12:19:07.931,0.023,0.07078736,0.04778736275434494,0.023
2024-11-11 12:29:07.180,0.096,0.060378518,-0.03562148204445839,0.031
2024-11-11 12:39:09.042,0.055,0.05662891,0.001628908962011337,0.08600000000000001
2024-11-11 12:49:06.689,0.055,0.07086068,0.01586067646741867,0.055
2024-11-11 12:59:07.238,0.024,0.070842355,0.046842355489730834,0.054
2024-11-11 13:09:08.492,0.064,0.058570422,-0.00542957776784897,0.023
2024-11-11 13:19:07.110,0.024,0.06249516,0.0384951608479023,0.054
2024-11-11 13:29:08.120,0.088,0.058577184,-0.029422816365957255,0.023
2024-11-11 13:39:07.090,0.064,0.054372497,-0.009627503097057344,0.096
2024-11-11 13:49:07.809,0.057,0.06321205,0.006212051987648008,0.055
2024-11-11 13:59:06.945,0.057,0.07021181,0.01321181285381317,0.055
2024-11-11 14:09:06.757,0.09,0.07011894,-0.01988105863332748,0.024
2024-11-11 14:19:07.411,0.056,0.051504668,-0.004495332151651384,0.064
2024-11-11 14:29:07.408,0.057,0.07011894,0.013118941366672514,0.024
2024-11-11 14:39:08.718,0.024,0.070100866,0.04610086625814438,0.088
2024-11-11 14:49:07.257,0.057,0.059714515,0.00271451476216316,0.064
2024-11-11 14:59:06.775,0.057,0.070135266,0.013135265588760374,0.057
2024-11-11 15:09:07.430,0.099,0.0713064,-0.027693599998950963,0.057
2024-11-11 15:19:09.872,0.024,0.0638229,0.039822902739048004,0.09
2024-11-11 15:29:08.897,0.057,0.061028544,0.004028543859720228,0.056
2024-11-11 15:39:06.940,0.024,0.07137366,0.04737365639209747,0.057
2024-11-11 15:49:11.758,0.057,0.059865043,0.0028650425672531107,0.024
2024-11-11 15:59:06.753,0.057,0.070223264,0.013223264396190641,0.057
2024-11-11 16:09:13.245,0.091,0.070213445,-0.0207865554690361,0.057
2024-11-11 16:19:07.181,0.033,0.05201067,0.0190106703042984,0.099
2024-11-11 16:29:06.860,0.058,0.058680944,0.0006809441447257966,0.024
2024-11-11 16:39:06.934,0.033,0.070068866,0.03706886601448059,0.057
2024-11-11 16:49:06.790,0.092,0.05868987,-0.033310130059719084,0.024
2024-11-11 16:59:07.581,0.057,0.052409038,-0.004590962052345278,0.057
2024-11-11 17:09:06.916,0.1,0.069364086,-0.030635914206504827,0.057
2024-11-11 17:19:07.508,0.035,0.08018343,0.04518343150615692,0.091
2024-11-11 17:29:12.405,0.069,0.0740811,0.0050811005234718265,0.033
2024-11-11 17:39:06.801,0.043,0.08639731,0.04339731258153916,0.058
2024-11-11 17:49:07.666,0.109,0.071315795,-0.03768420481681824,0.033
2024-11-11 17:59:06.717,0.067,0.0929435,0.025943497002124782,0.092
2024-11-11 18:09:06.685,0.067,0.08951647,0.022516468346118923,0.057
2024-11-11 18:19:07.204,0.035,0.095488474,0.06048847377300262,0.1
2024-11-11 18:29:07.372,0.067,0.07661273,0.009612733304500576,0.035
2024-11-11 18:39:07.922,0.035,0.09009844,0.05509844064712524,0.069
2024-11-11 18:49:07.135,0.067,0.07608944,0.00908944177627563,0.043
2024-11-11 18:59:08.225,0.075,0.08953597,0.01453596651554108,0.109
2024-11-11 19:09:07.411,0.035,0.07922677,0.0442267695069313,0.067
2024-11-11 19:19:06.807,0.035,0.08007488,0.04507487654685974,0.067
2024-11-11 19:29:07.653,0.043,0.06983194,0.026831937551498417,0.035
2024-11-11 19:39:09.265,0.035,0.064659335,0.029659334719181057,0.067
2024-11-11 19:49:08.558,0.076,0.06885443,-0.007145571172237394,0.035
2024-11-11 19:59:07.374,0.101,0.073406726,-0.02759327387809754,0.067
2024-11-11 20:09:06.903,0.044,0.071469516,0.027469515562057498,0.075
2024-11-11 20:19:07.113,0.069,0.0686635,-0.00033649975061417203,0.035
2024-11-11 20:29:06.864,0.035,0.07843845,0.04343845337629318,0.035
2024-11-11 20:39:07.714,0.069,0.066754155,-0.0022458451390266476,0.043
2024-11-11 20:49:07.210,0.069,0.07784257,0.008842570841312403,0.035
2024-11-11 20:59:07.850,0.077,0.07776232,0.0007623206377029429,0.076
2024-11-11 21:09:07.187,0.024,0.07220722,0.048207219898700714,0.101
2024-11-11 21:19:08.190,0.033,0.052342232,0.019342232316732405,0.044
2024-11-11 21:29:08.208,0.024,0.04589472,0.021894719660282135,0.069
2024-11-11 21:39:07.513,0.024,0.053351916,0.02935191637277603,0.035
2024-11-11 21:49:07.482,0.058,0.0534976,-0.004502398699522021,0.069
2024-11-11 21:59:07.464,0.025,0.06233761,0.037337610870599745,0.069
2024-11-11 22:09:09.333,0.102,0.053316534,-0.04868346643447875,0.077
2024-11-11 22:19:06.913,0.058,0.048839625,-0.009160375028848651,0.024
2024-11-11 22:29:10.608,0.059,0.0609347,0.0019347000718116791,0.033
2024-11-11 22:39:07.307,0.024,0.058522306,0.0345223063826561,0.024
2024-11-11 22:49:07.105,0.024,0.044517975,0.02051797530055046,0.024
2024-11-11 22:59:07.381,0.033,0.0445,0.01150000077486038,0.058
2024-11-11 23:09:06.918,0.033,0.050578892,0.017578892230987547,0.025
2024-11-11 23:19:08.567,0.068,0.043769952,-0.024230048090219503,0.102
2024-11-11 23:29:07.096,0.025,0.054408614,0.029408613592386244,0.058
2024-11-11 23:39:07.132,0.061,0.045290228,-0.015709772020578383,0.059
2024-11-11 23:49:09.990,0.025,0.056976087,0.031976087391376494,0.024
2024-11-11 23:59:07.121,0.061,0.04464233,-0.01635767078399658,0.024
2024-11-12 00:09:06.997,0.033,0.05734254,0.024342540472745894,0.033
2024-11-12 00:19:07.305,0.059,0.05213762,-0.006862379252910611,0.033
2024-11-12 00:29:07.590,0.059,0.06365294,0.004652940094470981,0.068
2024-11-12 00:39:08.295,0.033,0.06368735,0.03068734687566757,0.025
2024-11-12 00:49:06.818,0.025,0.046876397,0.021876396983861922,0.061
2024-11-12 00:59:11.263,0.025,0.04621147,0.021211469918489455,0.025
2024-11-12 01:09:07.398,0.061,0.04631501,-0.014684989362955092,0.061
2024-11-12 01:19:08.458,0.034,0.060421105,0.026421105474233625,0.033
2024-11-12 01:29:07.311,0.096,0.05225247,-0.043747528553009035,0.059
2024-11-12 01:39:08.236,0.059,0.048735645,-0.010264355331659314,0.059
2024-11-12 01:49:07.393,0.033,0.06396899,0.030968993723392485,0.033
2024-11-12 01:59:07.200,0.025,0.047410775,0.02241077497601509,0.025
2024-11-12 02:09:09.034,0.062,0.053781997,-0.008218002587556839,0.025
2024-11-12 02:19:07.786,0.025,0.050810352,0.025810351967811583,0.061
2024-11-12 02:29:07.186,0.059,0.054845568,-0.004154432207345959,0.034
2024-11-12 02:39:08.109,0.095,0.064201705,-0.030798294842243196,0.096
2024-11-12 02:49:09.022,0.025,0.04954573,0.024545731395483016,0.059
2024-11-12 02:59:07.895,0.065,0.05366543,-0.011334570646286013,0.033
2024-11-12 03:09:07.335,0.025,0.05864116,0.03364116176962852,0.025
2024-11-12 03:19:07.367,0.07100000000000001,0.05414925,-0.016850748568773277,0.062
2024-11-12 03:29:06.935,0.06,0.05690044,-0.00309955835342407,0.025
2024-11-12 03:39:07.821,0.06,0.0637754,0.00377539783716202,0.059
2024-11-12 03:49:08.141,0.025,0.06376818,0.0387681782245636,0.095
2024-11-12 03:59:06.743,0.025,0.05414925,0.02914925143122673,0.025
2024-11-12 04:09:07.220,0.07,0.0540808,-0.015919200778007514,0.065
2024-11-12 04:19:11.072,0.037,0.05690044,0.01990044164657593,0.025
2024-11-12 04:29:10.385,0.095,0.049254406,-0.0457455937564373,0.07100000000000001
2024-11-12 04:39:09.785,0.059,0.051703405,-0.007296595364809033,0.06
2024-11-12 04:49:07.655,0.025,0.06461103,0.0396110326051712,0.06
2024-11-12 04:59:07.131,0.025,0.05416758,0.02916757985949516,0.025
2024-11-12 05:09:09.924,0.024,0.053772386,0.02977238616347313,0.025
2024-11-12 05:19:09.359,0.033,0.0536707,0.02067070063948631,0.07
2024-11-12 05:29:07.458,0.058,0.052658495,-0.005341505438089374,0.037
2024-11-12 05:39:08.103,0.093,0.06423636,-0.0287636421918869,0.095
2024-11-12 05:49:07.779,0.024,0.0528481,0.028848100662231445,0.059
2024-11-12 05:59:06.944,0.058,0.0541592,-0.003840798318386081,0.025
2024-11-12 06:09:20.601,0.032,0.067812376,0.03581237572431564,0.025
2024-11-12 06:19:08.182,0.032,0.056070633,0.024070633232593536,0.024
2024-11-12 06:29:07.223,0.024,0.054057945,0.03005794456601143,0.033
2024-11-12 06:39:08.090,0.057,0.057107925,0.00010792541503906045,0.058
2024-11-12 06:49:09.030,0.056,0.06811102,0.01211101734638214,0.093
2024-11-12 06:59:07.618,0.032,0.06798812,0.03598812001943588,0.024
2024-11-12 07:09:07.719,0.057,0.062463388,0.005463387846946714,0.058
2024-11-12 07:19:06.957,0.066,0.06427292,-0.0017270821928977997,0.032
2024-11-12 07:29:08.812,0.08,0.08009788,9.78764891624434e-05,0.032
2024-11-12 07:39:07.570,0.138,0.077666,-0.0603340004682541,0.024
2024-11-12 07:49:07.133,0.081,0.09506055,0.014060549676418302,0.057
2024-11-12 07:59:06.951,0.103,0.07690019,-0.0260998083949089,0.056
2024-11-12 08:09:06.725,0.111,0.08584797,-0.025152033627033235,0.032
2024-11-12 08:19:10.587,0.104,0.11893486,0.01493486231565476,0.057
2024-11-12 08:29:07.811,0.139,0.112343326,-0.026656673789024365,0.066
2024-11-12 08:39:07.057,0.1,0.1123017,0.012301699817180628,0.08
2024-11-12 08:49:07.169,0.161,0.12607187,-0.034928129673004155,0.138
2024-11-12 08:59:07.468,0.1,0.12366944,0.023669438064098353,0.081
2024-11-12 09:09:06.985,0.141,0.12580554,-0.015194458127021776,0.103
2024-11-12 09:19:07.677,0.1,0.12024081,0.020240807533264155,0.111
2024-11-12 09:29:06.989,0.109,0.12664582,0.01764581835269928,0.104
2024-11-12 09:39:07.081,0.099,0.12841752,0.02941752171516418,0.139
2024-11-12 09:49:08.005,0.094,0.12673172,0.03273172354698181,0.1
2024-11-12 09:59:08.418,0.119,0.10569459,-0.01330540800094604,0.161
2024-11-12 10:09:07.557,0.089,0.10765114,0.018651136815547947,0.1
2024-11-12 10:19:17.393,0.118,0.095929384,-0.02207061576843261,0.141
2024-11-12 10:29:07.078,0.102,0.109575085,0.007575085341930396,0.1
2024-11-12 10:39:08.674,0.132,0.1271159,-0.004884094715118414,0.109
2024-11-12 10:49:09.019,0.159,0.12025502,-0.03874497675895691,0.099
2024-11-12 10:59:14.950,0.162,0.18008167,0.018081665515899653,0.094
2024-11-12 11:09:07.828,0.161,0.18624534,0.025245337128639217,0.119
2024-11-12 11:19:09.765,0.168,0.18587543,0.017875430703163137,0.089
2024-11-12 11:29:07.053,0.162,0.18008827,0.018088266730308528,0.118
2024-11-12 11:39:07.439,0.161,0.18682589,0.02582588636875152,0.102
2024-11-12 11:49:08.335,0.117,0.18626568,0.06926567721366882,0.132
2024-11-12 11:59:07.942,0.102,0.10703421,0.005034206390380866,0.159
2024-11-12 12:09:07.630,0.122,0.119282775,-0.0027172253727912876,0.162
2024-11-12 12:19:10.480,0.089,0.10755877,0.018558771967887883,0.161
2024-11-12 12:29:09.328,0.088,0.09541894,0.0074189375042915395,0.168
2024-11-12 12:39:07.661,0.096,0.09513399,-0.0008660099506378194,0.162
2024-11-12 12:49:08.151,0.085,0.09518671,0.01018671035766601,0.161
2024-11-12 12:59:16.255,0.094,0.09854987,0.004549872636795044,0.117
2024-11-12 13:09:06.835,0.085,0.10035582,0.015355818867683405,0.102
2024-11-12 13:19:08.151,0.093,0.09903827,0.006038273096084595,0.122
2024-11-12 13:29:07.544,0.117,0.101107374,-0.015892626166343696,0.089
2024-11-12 13:39:07.066,0.093,0.10430144,0.011301437735557557,0.088
2024-11-12 13:49:07.829,0.114,0.09980707,-0.014192931294441227,0.096
2024-11-12 13:59:07.067,0.062,0.11469075,0.05269075083732605,0.085
2024-11-12 14:09:07.342,0.07100000000000001,0.09344588,0.022445882201194756,0.094
2024-11-12 14:19:07.303,0.106,0.0886636,-0.01733639961481094,0.085
2024-11-12 14:29:07.971,0.054,0.1027026,0.04870260274410248,0.093
2024-11-12 14:39:08.193,0.085,0.09214455,0.007144548892974847,0.117
2024-11-12 14:49:06.950,0.085,0.100699246,0.01569924592971801,0.093
2024-11-12 14:59:06.968,0.076,0.10052182,0.024521817803382875,0.114
2024-11-12 15:09:07.815,0.084,0.089378305,0.005378304779529566,0.062
2024-11-12 15:19:07.210,0.084,0.09808064,0.014080642521381373,0.07100000000000001
2024-11-12 15:29:07.823,0.136,0.09751147,-0.038488529682159434,0.106
2024-11-12 15:39:07.138,0.095,0.14697811,0.05197811007499695,0.054
2024-11-12 15:49:12.451,0.143,0.13788077,-0.00511922764778136,0.085
2024-11-12 15:59:08.408,0.126,0.14607313,0.02007313275337219,0.085
2024-11-12 16:09:07.078,0.144,0.15565088,0.011650883913040172,0.076
2024-11-12 16:19:10.897,0.103,0.15098147,0.04798147094249726,0.084
2024-11-12 16:29:08.729,0.138,0.14590096,0.007900964736938465,0.084
2024-11-12 16:39:06.943,0.193,0.15222783,-0.040772166132926946,0.136
2024-11-12 16:49:09.886,0.225,0.2190616,-0.005938401818275457,0.095
2024-11-12 16:59:09.212,0.146,0.20190604,0.05590604031085969,0.143
2024-11-12 17:09:06.770,0.18,0.17494817,-0.005051829218864434,0.126
2024-11-12 17:19:07.219,0.156,0.21081008,0.05481008017063141,0.144
2024-11-12 17:29:07.012,0.215,0.20697676,-0.008023243546485898,0.103
2024-11-12 17:39:07.535,0.19,0.20174348,0.011743483543395994,0.138
2024-11-12 17:49:08.481,0.286,0.2045084,-0.08149160599708555,0.193
2024-11-12 17:59:07.441,0.2,0.23898362,0.038983616232872,0.225
2024-11-12 18:09:06.721,0.257,0.23016639,-0.02683360946178437,0.146
2024-11-12 18:19:08.733,0.237,0.25584412,0.01884411621093751,0.18
2024-11-12 18:29:07.442,0.261,0.2283187,-0.03268129384517671,0.156
2024-11-12 18:39:07.005,0.246,0.23773462,-0.008265384197235104,0.215
2024-11-12 18:49:08.006,0.261,0.22817807,-0.03282193100452424,0.19
2024-11-12 18:59:07.289,0.179,0.23924969,0.06024969136714936,0.286
2024-11-12 19:09:06.955,0.211,0.21689777,0.005897770762443549,0.2
2024-11-12 19:19:09.505,0.204,0.20908886,0.005088861942291273,0.257
2024-11-12 19:29:07.042,0.227,0.21084753,-0.01615247321128846,0.237
2024-11-12 19:39:07.378,0.152,0.22719541,0.07519541192054749,0.261
2024-11-12 19:49:12.986,0.147,0.1993093,0.05230930435657502,0.246
2024-11-12 19:59:08.636,0.249,0.16233593,-0.08666406774520874,0.261
2024-11-12 20:09:11.414,0.183,0.21837783,0.035377828598022465,0.179
2024-11-12 20:19:14.073,0.176,0.21137643,0.03537642860412599,0.211
2024-11-12 20:29:09.601,0.175,0.21334253,0.03834253251552583,0.204
2024-11-12 20:39:07.877,0.242,0.21318744,-0.02881255877017974,0.227
2024-11-12 20:49:07.689,0.209,0.19227049,-0.016729512453079215,0.152
2024-11-12 20:59:13.050,0.252,0.20881094,-0.043189059615135195,0.147
2024-11-12 21:09:10.046,0.194,0.1856081,-0.008391896128654486,0.249
2024-11-12 21:19:09.119,0.163,0.18788084,0.024880843877792352,0.183
2024-11-12 21:29:09.415,0.081,0.118191466,0.03719146573543548,0.176
2024-11-12 21:39:07.008,0.095,0.098074794,0.003074793815612792,0.175
2024-11-12 21:49:07.409,0.068,0.04931354,-0.018686458498239522,0.242
2024-11-12 21:59:07.326,0.069,0.06136631,-0.007633691519498831,0.209
2024-11-12 22:09:07.745,0.06,0.054606363,-0.005393636822700498,0.252
2024-11-12 22:19:07.753,0.026,0.0671163,0.04111629778146744,0.194
2024-11-12 22:29:09.548,0.025,0.05897509,0.03397508934140205,0.163
2024-11-12 22:39:07.232,0.034,0.059930958,0.025930957853794095,0.081
2024-11-12 22:49:06.821,0.061,0.0575928,-0.0034071982502937304,0.095
2024-11-12 22:59:07.127,0.059,0.06483565,0.005835652709007266,0.068
2024-11-12 23:09:07.224,0.095,0.06842595,-0.02657404661178589,0.069
2024-11-12 23:19:09.705,0.059,0.044514608,-0.014485392361879346,0.06
2024-11-12 23:29:07.739,0.106,0.063262805,-0.04273719465732574,0.026
2024-11-12 23:39:12.010,0.06,0.050237887,-0.009762113392353056,0.025
2024-11-12 23:49:07.512,0.026,0.057923906,0.03192390555143357,0.034
2024-11-12 23:59:07.315,0.026,0.05382359,0.02782359027862549,0.061
2024-11-13 00:09:06.679,0.026,0.054226864,0.028226864129304887,0.059
2024-11-13 00:19:06.840,0.035,0.05430825,0.01930825054645538,0.095
2024-11-13 00:29:08.278,0.061,0.05292687,-0.008073131799697875,0.059
2024-11-13 00:39:07.561,0.098,0.07149366,-0.02650633710622788,0.106
2024-11-13 00:49:06.663,0.061,0.063524246,0.002524246215820314,0.06
2024-11-13 00:59:07.270,0.099,0.062346403,-0.03665359744429589,0.026
2024-11-13 01:09:08.741,0.026,0.05982153,0.03382153117656708,0.026
2024-11-13 01:19:06.932,0.026,0.054346863,0.028346863180398942,0.026
2024-11-13 01:29:07.748,0.026,0.054346863,0.028346863180398942,0.035
2024-11-13 01:39:07.501,0.069,0.05434264,-0.01465736129879952,0.061
2024-11-13 01:49:08.661,0.06,0.058487456,-0.0015125437080860116,0.098
2024-11-13 01:59:07.271,0.06,0.064092055,0.00409205496311188,0.061
2024-11-13 02:09:08.800,0.098,0.06979889,-0.028201113224029545,0.099
2024-11-13 02:19:07.319,0.026,0.058471374,0.03247137421369553,0.026
2024-11-13 02:29:07.313,0.07200000000000001,0.055233724,-0.016766275584697732,0.026
2024-11-13 02:39:07.409,0.035,0.051075704,0.016075704395771023,0.026
2024-11-13 02:49:07.014,0.026,0.048005927,0.022005927354097368,0.069
2024-11-13 02:59:06.879,0.07,0.053828444,-0.016171555668115623,0.06
2024-11-13 03:09:06.985,0.088,0.05251104,-0.035488959878683085,0.06
2024-11-13 03:19:07.712,0.07,0.048703104,-0.02129689574241639,0.098
2024-11-13 03:29:07.814,0.026,0.051435255,0.025435254514217378,0.026
2024-11-13 03:39:06.647,0.063,0.05541872,-0.007581281393766404,0.07200000000000001
2024-11-13 03:49:07.673,0.026,0.059211917,0.03321191722154618,0.035
2024-11-13 03:59:08.498,0.062,0.054189216,-0.00781078365445137,0.026
2024-11-13 04:09:08.152,0.025,0.05838764,0.033387640863656996,0.07
2024-11-13 04:19:06.924,0.059,0.05412969,-0.00487031006813049,0.088
2024-11-13 04:29:06.816,0.059,0.07151626,0.012516260504722598,0.07
2024-11-13 04:39:07.001,0.068,0.064732976,-0.003267023742198949,0.026
2024-11-13 04:49:07.926,0.025,0.053418677,0.028418677300214766,0.063
2024-11-13 04:59:07.170,0.025,0.054393377,0.029393377155065535,0.026
2024-11-13 05:09:07.285,0.06,0.053794023,-0.006205977350473402,0.062
2024-11-13 05:19:07.231,0.052,0.058056988,0.006056987822055819,0.025
2024-11-13 05:29:06.817,0.078,0.05274062,-0.025259381413459778,0.059
2024-11-13 05:39:06.814,0.058,0.051219497,-0.006780503123998645,0.059
2024-11-13 05:49:07.543,0.063,0.06431931,0.0013193125724792476,0.068
2024-11-13 05:59:07.469,0.067,0.052577857,-0.014422143071889881,0.025
2024-11-13 06:09:06.421,0.024,0.057659615,0.03365961483120918,0.025
2024-11-13 06:19:07.643,0.059,0.05708067,-0.0019193288087844818,0.06
2024-11-13 06:29:09.130,0.025,0.06505998,0.04005998224020004,0.052
2024-11-13 06:39:06.813,0.024,0.056676216,0.032676216423511505,0.078
2024-11-13 06:49:07.013,0.066,0.056488484,-0.009511515855789188,0.058
2024-11-13 06:59:06.827,0.058,0.06180897,0.0038089698255062074,0.063
2024-11-13 07:09:07.314,0.057,0.054197334,-0.0028026662468910238,0.067
2024-11-13 07:19:08.229,0.106,0.07062733,-0.035372668266296384,0.024
2024-11-13 07:29:07.853,0.084,0.068698026,-0.015301973760128026,0.059
2024-11-13 07:39:07.283,0.117,0.059389032,-0.05761096757650376,0.025
2024-11-13 07:49:06.516,0.057,0.077978246,0.02097824591398239,0.024
2024-11-13 07:59:09.689,0.09,0.0664434,-0.023556601405143734,0.066
2024-11-13 08:09:07.365,0.097,0.0578562,-0.039143801599740985,0.058
2024-11-13 08:19:07.239,0.056,0.07226212,0.016262123227119445,0.057
2024-11-13 08:29:06.764,0.097,0.07212265,-0.02487735164165497,0.106
2024-11-13 08:39:06.789,0.056,0.08250018,0.026500182092189788,0.084
2024-11-13 08:49:07.871,0.097,0.08319626,-0.013803739964962009,0.117
2024-11-13 08:59:08.321,0.073,0.08383306,0.010833061158657079,0.057
2024-11-13 09:09:07.533,0.103,0.0946552,-0.00834479916095733,0.09
2024-11-13 09:19:07.754,0.079,0.09630142,0.017301421523094176,0.097
2024-11-13 09:29:07.201,0.07,0.08842355,0.01842355012893676,0.056
2024-11-13 09:39:09.820,0.07,0.094801955,0.024801954925060266,0.097
2024-11-13 09:49:07.572,0.07,0.0863762,0.016376197636127465,0.056
2024-11-13 09:59:08.080,0.126,0.09511446,-0.030885537922382356,0.097
2024-11-13 10:09:07.669,0.078,0.09446991,0.016469912350177765,0.073
2024-11-13 10:19:06.902,0.103,0.08816219,-0.014837808787822718,0.103
2024-11-13 10:29:17.508,0.08700000000000001,0.09323207,0.006232072889804832,0.079
2024-11-13 10:39:09.864,0.144,0.1023062,-0.041693797945976246,0.07
2024-11-13 10:49:07.131,0.085,0.09525517,0.010255166292190546,0.07
2024-11-13 10:59:07.476,0.102,0.094040535,-0.007959464609622949,0.07
2024-11-13 11:09:07.303,0.085,0.107655145,0.022655145227909082,0.126
2024-11-13 11:19:07.743,0.085,0.10236469,0.01736468911170959,0.078
2024-11-13 11:29:07.538,0.117,0.10308551,-0.013914489567279822,0.103
2024-11-13 11:39:07.800,0.09,0.105910026,0.01591002553701401,0.08700000000000001
2024-11-13 11:49:07.786,0.126,0.092662506,-0.0333374941945076,0.144
2024-11-13 11:59:12.189,0.088,0.10520172,0.017201721191406255,0.085
2024-11-13 12:09:07.088,0.127,0.104671896,-0.0223281044960022,0.102
2024-11-13 12:19:07.794,0.085,0.10806309,0.023063086867332452,0.085
2024-11-13 12:29:07.349,0.112,0.099598855,-0.012401145219802859,0.085
2024-11-13 12:39:06.864,0.047,0.10955019,0.06255019295215607,0.117
2024-11-13 12:49:08.151,0.078,0.09261341,0.014613406479358673,0.09
2024-11-13 12:59:07.028,0.078,0.10148121,0.023481206715106964,0.126
2024-11-13 13:09:09.139,0.046,0.09851541,0.05251541370153427,0.088
2024-11-13 13:19:13.119,0.085,0.092582054,0.0075820544362068115,0.127
2024-11-13 13:29:15.949,0.065,0.0966664,0.03166640311479568,0.085
2024-11-13 13:39:09.594,0.137,0.098292455,-0.038707544922828685,0.112
2024-11-13 13:49:06.903,0.128,0.14685316,0.018853163838386533,0.047
2024-11-13 13:59:06.769,0.104,0.152967,0.04896700596809388,0.078
2024-11-13 14:09:07.988,0.095,0.13645992,0.041459916830062865,0.078
2024-11-13 14:19:08.856,0.167,0.12308031,-0.043919686794281015,0.046
2024-11-13 14:29:07.481,0.127,0.12715986,0.0001598637104034406,0.085
2024-11-13 14:39:07.392,0.127,0.14114612,0.014146123409271238,0.065
2024-11-13 14:49:07.235,0.095,0.15073636,0.05573636174201965,0.137
2024-11-13 14:59:10.481,0.159,0.13656214,-0.02243786120414734,0.128
2024-11-13 15:09:13.116,0.127,0.13739006,0.010390062212944029,0.104
2024-11-13 15:19:07.190,0.128,0.1533897,0.025389707207679746,0.095
2024-11-13 15:29:07.417,0.135,0.15160237,0.01660237252712249,0.167
2024-11-13 15:39:10.820,0.159,0.14917375,-0.009826248526573184,0.127
2024-11-13 15:49:07.625,0.127,0.13761128,0.010611284852027891,0.127
2024-11-13 15:59:07.071,0.143,0.15400143,0.011001429677009594,0.095
2024-11-13 16:09:08.546,0.135,0.15224732,0.017247324585914603,0.159
2024-11-13 16:19:10.954,0.191,0.1586785,-0.032321498155593875,0.127
2024-11-13 16:29:11.439,0.166,0.15160872,-0.014391279578208932,0.128
2024-11-13 16:39:06.934,0.202,0.16279396,-0.039206035852432264,0.135
2024-11-13 16:49:07.089,0.236,0.15508226,-0.08091774439811705,0.159
2024-11-13 16:59:09.055,0.221,0.22711015,0.006110147476196287,0.127
2024-11-13 17:09:07.570,0.225,0.2164941,-0.008505901694297796,0.143
2024-11-13 17:19:07.717,0.256,0.23591435,-0.020085650444030767,0.135
2024-11-13 17:29:07.139,0.129,0.25100884,0.12200883841514587,0.191
2024-11-13 17:39:10.943,0.154,0.18477078,0.030770777821540835,0.166
2024-11-13 17:49:21.344,0.17,0.19358164,0.02358164072036742,0.202
2024-11-13 17:59:06.893,0.203,0.19608285,-0.0069171546697616715,0.236
2024-11-13 18:09:28.109,0.176,0.2002476,0.02424760067462922,0.221
2024-11-13 18:19:17.071,0.167,0.20732033,0.040320332527160635,0.225
2024-11-13 18:29:08.576,0.133,0.20920481,0.07620480787754058,0.256
2024-11-13 18:39:07.599,0.2,0.21181622,0.011816221475601185,0.129
2024-11-13 18:49:08.537,0.167,0.20002145,0.033021445751190176,0.154
2024-11-13 18:59:07.929,0.219,0.2126928,-0.006307202816009522,0.17
2024-11-13 19:09:07.938,0.134,0.18970215,0.055702153205871574,0.203
2024-11-13 19:19:06.565,0.141,0.20193227,0.060932266354560866,0.176
2024-11-13 19:29:07.998,0.128,0.13484819,0.006848192334175107,0.167
2024-11-13 19:39:07.646,0.181,0.13428383,-0.04671617424488067,0.133
2024-11-13 19:49:08.298,0.142,0.14464204,0.00264204013347627,0.2
2024-11-13 19:59:07.627,0.207,0.14965124,-0.057348755717277516,0.167
2024-11-13 20:09:07.089,0.173,0.19688594,0.023885943412780775,0.219
2024-11-13 20:19:13.839,0.25,0.20423532,-0.04576468467712402,0.134
2024-11-13 20:29:07.635,0.206,0.1824123,-0.023587703466415394,0.141
2024-11-13 20:39:07.715,0.251,0.20555499,-0.04544500803947449,0.128
2024-11-13 20:49:11.219,0.173,0.17926103,0.006261028766632093,0.181
2024-11-13 20:59:09.467,0.218,0.20136695,-0.01663305389881134,0.142
2024-11-13 21:09:07.658,0.164,0.188575,0.02457499957084655,0.207
2024-11-13 21:19:06.908,0.234,0.18936008,-0.0446399178504944,0.173
2024-11-13 21:29:08.178,0.163,0.17074968,0.007749679207801813,0.25
2024-11-13 21:39:07.129,0.235,0.18778689,-0.04721310794353484,0.206
2024-11-13 21:49:07.259,0.027,0.16873312,0.1417331199645996,0.251
2024-11-13 21:59:07.270,0.063,0.060272798,-0.0027272020578384404,0.173
2024-11-13 22:09:10.575,0.07,0.060891006,-0.00910899385809899,0.218
2024-11-13 22:19:07.406,0.098,0.06090332,-0.03709668177366257,0.164
2024-11-13 22:29:07.113,0.07200000000000001,0.05534042,-0.016659579545259484,0.234
2024-11-13 22:39:08.018,0.061,0.052442793,-0.008557207196950911,0.163
2024-11-13 22:49:06.691,0.035,0.060822904,0.02582290410995483,0.235
2024-11-13 22:59:07.545,0.096,0.05107246,-0.044927540332078936,0.027
2024-11-13 23:09:06.761,0.06,0.050236467,-0.00976353272795677,0.063
2024-11-13 23:19:07.360,0.106,0.06213282,-0.0438671795129776,0.07
2024-11-13 23:29:07.923,0.026,0.05619809,0.030198090314865113,0.098
2024-11-13 23:39:06.882,0.07100000000000001,0.05948884,-0.01151115959882737,0.07200000000000001
2024-11-13 23:49:07.446,0.026,0.051125493,0.02512549290060997,0.061
2024-11-13 23:59:09.174,0.097,0.054116245,-0.042883754640817645,0.035
2024-11-14 00:09:10.262,0.061,0.057980537,-0.0030194625854492174,0.096
2024-11-14 00:19:07.507,0.163,0.0625393,-0.10046069818735123,0.06
2024-11-14 08:09:07.432,0.136,0.14102006,0.005020059585571279,0.106
2024-11-14 08:19:07.335,0.129,0.13699,0.007989995837211605,0.026
2024-11-14 08:29:06.701,0.161,0.1418075,-0.01919250345230103,0.07100000000000001
2024-11-14 08:39:09.262,0.128,0.13445303,0.006453028440475461,0.026
2024-11-14 08:49:09.326,0.128,0.14727403,0.019274032235145566,0.097
2024-11-14 08:59:08.194,0.136,0.1458403,0.009840302109718313,0.061
2024-11-14 09:09:18.734,0.128,0.15137014,0.02337013792991638,0.163
2024-11-14 09:19:07.127,0.169,0.15895578,-0.010044217348098766,0.136
2024-11-14 09:29:08.219,0.128,0.15107828,0.02307828378677368,0.129
2024-11-14 09:39:08.072,0.16,0.15867421,-0.0013257896900177035,0.161
2024-11-14 09:49:06.797,0.127,0.14477915,0.017779145717620848,0.128
2024-11-14 09:59:07.902,0.113,0.15957336,0.04657336127758026,0.128
2024-11-14 10:09:07.520,0.128,0.14487095,0.016870951771736142,0.136
2024-11-14 10:19:08.404,0.182,0.15940619,-0.02259381484985351,0.128
2024-11-14 10:29:06.824,0.213,0.1877319,-0.025268093228340144,0.169
2024-11-14 10:39:09.840,0.182,0.17380227,-0.00819772851467132,0.128
2024-11-14 10:49:07.028,0.228,0.19961354,-0.02838645863533021,0.16
2024-11-14 10:59:07.018,0.206,0.2006312,-0.005368798732757557,0.127
2024-11-14 11:09:06.821,0.228,0.20671386,-0.021286144733428963,0.113
2024-11-14 11:19:07.057,0.198,0.2027396,0.004739596366882315,0.128
2024-11-14 11:29:06.937,0.227,0.21151772,-0.015482278585433967,0.182
2024-11-14 11:39:08.273,0.197,0.1997091,0.0027091025114059364,0.213
2024-11-14 11:49:07.961,0.206,0.21160695,0.005606949567794811,0.182
2024-11-14 11:59:06.777,0.205,0.20737273,0.002372725009918225,0.228
2024-11-14 12:09:07.580,0.175,0.2084665,0.03346650004386903,0.206
2024-11-14 12:19:06.365,0.197,0.21007136,0.013071355104446403,0.228
2024-11-14 12:29:08.645,0.189,0.21105348,0.022053475737571715,0.198
2024-11-14 12:39:06.796,0.216,0.19094488,-0.02505511975288391,0.227
2024-11-14 12:49:08.018,0.163,0.18528695,0.02228695404529571,0.197
2024-11-14 12:59:07.457,0.156,0.20367473,0.04767473363876343,0.206
2024-11-14 13:09:07.062,0.151,0.13644373,-0.014556265830993648,0.205
2024-11-14 13:19:07.299,0.173,0.15166542,-0.02133458065986632,0.175
2024-11-14 13:29:07.898,0.142,0.15021706,0.008217056274414075,0.197
2024-11-14 13:39:06.858,0.14,0.15731902,0.01731902420520781,0.189
2024-11-14 13:49:10.506,0.14,0.1574471,0.017447099685668932,0.216
2024-11-14 13:59:10.495,0.139,0.16007675,0.02107675230503081,0.163
2024-11-14 14:09:08.238,0.094,0.15735467,0.06335466778278351,0.156
2024-11-14 14:19:09.514,0.124,0.13834386,0.014343855738639832,0.151
2024-11-14 14:29:06.978,0.125,0.15724316,0.032243162393569946,0.173
2024-11-14 14:39:09.676,0.125,0.15737793,0.032377928495407104,0.142
2024-11-14 14:49:06.825,0.094,0.15256353,0.05856352722644806,0.14
2024-11-14 14:59:07.536,0.172,0.13773263,-0.03426737499237059,0.14
2024-11-14 15:09:07.272,0.159,0.13900104,-0.019998958349227908,0.139
2024-11-14 15:19:07.161,0.096,0.13781975,0.04181975209712982,0.094
2024-11-14 15:29:07.417,0.163,0.13677901,-0.026220989704132086,0.124
2024-11-14 15:39:07.276,0.113,0.14410879,0.031108787178993222,0.125
2024-11-14 15:49:08.289,0.177,0.15288433,-0.024115665674209585,0.125
2024-11-14 15:59:07.966,0.145,0.14271489,-0.0022851121425628562,0.094
2024-11-14 16:09:07.820,0.155,0.15526943,0.0002694290876388561,0.172
2024-11-14 16:29:08.774,0.153,0.15439028,0.00139027547836304,0.096
2024-11-14 16:39:07.178,0.115,0.148889,0.03388900518417358,0.163
2024-11-14 16:49:07.576,0.187,0.15496796,-0.032032036304473877,0.113
2024-11-14 16:59:08.781,0.142,0.13636947,-0.005630533218383776,0.177
2024-11-14 17:09:14.217,0.141,0.15317781,0.012177812695503248,0.145
2024-11-14 17:19:09.006,0.1,0.15574834,0.05574833750724792,0.155
2024-11-14 17:29:06.740,0.143,0.15670988,0.013709879636764538,0.112
2024-11-14 17:39:07.156,0.15,0.1514225,0.001422500610351568,0.153
2024-11-14 17:49:07.347,0.202,0.19217107,-0.009828933000564588,0.115
2024-11-14 17:59:07.587,0.164,0.19665019,0.03265019214153289,0.187
2024-11-14 18:09:08.444,0.138,0.19944456,0.061444562196731556,0.142
2024-11-14 18:19:07.126,0.13,0.19579268,0.06579267501831054,0.141
2024-11-14 18:29:06.927,0.173,0.20300208,0.030002080321311964,0.1
2024-11-14 18:39:10.262,0.156,0.2006882,0.0446881982088089,0.143
2024-11-14 18:49:07.069,0.134,0.15584724,0.021847236514091484,0.15
2024-11-14 18:59:10.326,0.167,0.16205257,-0.004947428226470957,0.202
2024-11-14 19:09:08.584,0.146,0.19355273,0.047552732467651376,0.164
2024-11-14 19:19:09.591,0.156,0.19900936,0.04300935888290405,0.138
2024-11-14 19:29:07.496,0.153,0.17429312,0.02129311573505402,0.13
2024-11-14 19:39:08.291,0.162,0.18503873,0.023038730502128596,0.173
2024-11-14 19:49:10.515,0.139,0.16649778,0.027497781872749316,0.156
2024-11-14 19:59:06.795,0.216,0.15683404,-0.05916596388816833,0.134
2024-11-14 20:09:07.612,0.121,0.16347748,0.042477480411529545,0.167
2024-11-14 20:19:08.297,0.164,0.17742844,0.013428439259529107,0.146
2024-11-14 20:29:07.387,0.129,0.17006513,0.04106513476371765,0.156
2024-11-14 20:39:07.747,0.19,0.17365241,-0.016347589492797854,0.153
2024-11-14 20:49:09.282,0.13,0.1569687,0.026968697905540462,0.162
2024-11-14 20:59:06.840,0.213,0.17305253,-0.03994746553897857,0.139
2024-11-14 21:09:07.980,0.094,0.15752523,0.06352522647380829,0.216
2024-11-14 21:19:07.306,0.131,0.12199462,-0.009005377948284154,0.121
2024-11-14 21:29:07.453,0.078,0.13242511,0.05442511451244354,0.164
2024-11-14 21:39:07.094,0.121,0.09685488,-0.02414511954784393,0.129
2024-11-14 21:49:07.742,0.111,0.11689813,0.005898126900196074,0.19
2024-11-14 21:59:07.454,0.056,0.12083582,0.0648358183503151,0.13
2024-11-14 22:09:06.737,0.03,0.073125735,0.04312573492527008,0.213
2024-11-14 22:19:06.841,0.022,0.057159,0.03515899914503098,0.094
2024-11-14 22:29:06.772,0.022,0.06486248,0.04286248224973679,0.131
2024-11-14 22:39:06.654,0.022,0.065523766,0.04352376598119736,0.078
2024-11-14 22:49:06.952,0.064,0.066183455,0.0021834552884101854,0.121
2024-11-14 22:59:07.190,0.056,0.06912668,0.013126680493354796,0.111
2024-11-14 23:09:07.514,0.056,0.07587143,0.019871430337429045,0.056
2024-11-14 23:19:07.413,0.049,0.06780862,0.018808620631694792,0.03
2024-11-14 23:29:07.073,0.021,0.05167251,0.030672510802745818,0.022
2024-11-14 23:39:06.945,0.03,0.06359682,0.03359682232141495,0.022
2024-11-14 23:49:08.723,0.021,0.06089779,0.03989778989553451,0.022
2024-11-14 23:59:07.446,0.054,0.062255844,0.008255844473838807,0.064
2024-11-15 00:09:09.641,0.09,0.07455543,-0.015444573163986203,0.056
2024-11-15 00:19:06.879,0.064,0.054977115,-0.009022884756326677,0.056
2024-11-15 00:29:06.697,0.101,0.062186483,-0.03881351670622826,0.049
2024-11-15 00:39:07.606,0.021,0.06583547,0.04483546847105026,0.021
2024-11-15 00:49:13.110,0.066,0.06537711,-0.0006228912472724946,0.03
2024-11-15 00:59:06.945,0.021,0.06199878,0.04099878081679344,0.021
2024-11-15 01:09:09.017,0.092,0.06740029,-0.024599708437919615,0.054
2024-11-15 01:19:06.627,0.055,0.055491094,0.0004910935461521146,0.09
2024-11-15 01:29:06.893,0.092,0.074614175,-0.01738582533597946,0.064
2024-11-15 01:39:07.887,0.065,0.06253762,-0.002462382018566134,0.101
2024-11-15 01:49:06.894,0.021,0.06290714,0.0419071369767189,0.021
2024-11-15 01:59:07.300,0.021,0.065785676,0.044785676240921016,0.066
2024-11-15 02:09:06.915,0.021,0.066283554,0.045283553838729854,0.021
2024-11-15 02:19:08.506,0.021,0.06510291,0.04410291248559951,0.092
2024-11-15 02:29:07.169,0.064,0.066103466,0.002103465855121611,0.055
2024-11-15 02:39:07.175,0.055,0.074228756,0.01922875612974167,0.092
2024-11-15 02:49:06.763,0.065,0.07449614,0.009496142566204069,0.065
2024-11-15 02:59:07.962,0.025,0.06321063,0.038210628926753996,0.021
2024-11-15 03:09:06.946,0.021,0.06399346,0.04299346143007278,0.021
2024-11-15 03:19:06.815,0.066,0.064087674,-0.0019123259782791169,0.021
2024-11-15 03:29:09.243,0.021,0.06675893,0.04575893068313598,0.021
2024-11-15 03:39:07.369,0.092,0.06437701,-0.027622990131378172,0.064
2024-11-15 03:49:07.217,0.055,0.057671364,0.0026713643968105313,0.055
2024-11-15 03:59:06.919,0.092,0.07300006,-0.01899994146823883,0.065
2024-11-15 04:09:08.298,0.03,0.05726478,0.027264778763055803,0.025
2024-11-15 04:19:08.924,0.021,0.063172065,0.042172064721584315,0.021
2024-11-15 04:29:12.844,0.021,0.06625651,0.04525650823116302,0.066
2024-11-15 04:39:07.238,0.055,0.064800166,0.009800165593624115,0.021
2024-11-15 04:49:08.418,0.055,0.07454143,0.019541427195072174,0.092
2024-11-15 04:59:07.091,0.029,0.07459553,0.04559553331136704,0.055
2024-11-15 05:09:07.054,0.055,0.069821045,0.01482104480266571,0.092
2024-11-15 05:19:07.258,0.021,0.07488679,0.053886791408061976,0.03
2024-11-15 05:29:07.703,0.048,0.066045664,0.018045664250850676,0.021
2024-11-15 05:39:09.767,0.021,0.056293175,0.03529317462444305,0.021
2024-11-15 05:49:10.656,0.17,0.062397514,-0.107602486461401,0.055
2024-11-15 05:59:07.417,0.097,0.099685304,0.002685303866863248,0.055
2024-11-15 06:09:07.660,0.13,0.10051454,-0.029485461413860325,0.029
2024-11-15 06:19:07.222,0.105,0.095891595,-0.009108405113220211,0.055
2024-11-15 06:29:07.973,0.062,0.095761225,0.03376122462749481,0.021
2024-11-15 06:39:07.576,0.105,0.082128435,-0.02287156462669372,0.048
2024-11-15 06:49:07.285,0.077,0.09346402,0.016464016914367677,0.021
2024-11-15 06:59:07.909,0.104,0.10282423,-0.0011757665276527357,0.17
2024-11-15 07:09:07.006,0.094,0.1062158,0.012215797364711761,0.097
2024-11-15 07:19:07.120,0.11,0.11024769,0.00024768650531768743,0.13
2024-11-15 07:29:06.804,0.112,0.1420166,0.030016604542732236,0.105
2024-11-15 07:39:06.863,0.143,0.1329235,-0.010076501250267017,0.062
2024-11-15 07:49:07.088,0.127,0.12740035,0.00040035355091094793,0.105
2024-11-15 07:59:09.832,0.158,0.1482769,-0.009723104715347292,0.077
2024-11-15 08:09:08.273,0.15,0.1437157,-0.0062843054533004705,0.104
2024-11-15 08:19:07.609,0.166,0.15434988,-0.011650121569633493,0.094
2024-11-15 08:29:06.843,0.188,0.158006,-0.02999400246143341,0.11
2024-11-15 08:39:06.922,0.14,0.15210748,0.012107477188110338,0.112
2024-11-15 08:49:07.796,0.192,0.15768035,-0.03431965243816376,0.143
2024-11-15 08:59:06.842,0.139,0.15132314,0.012323139667510974,0.127
2024-11-15 09:09:07.207,0.171,0.15733609,-0.013663913965225233,0.158
2024-11-15 09:19:07.425,0.125,0.1498538,0.024853795766830444,0.15
2024-11-15 09:29:06.869,0.127,0.15730046,0.03030045735836029,0.166
2024-11-15 09:39:07.208,0.157,0.15235755,-0.004642451524734498,0.188
2024-11-15 09:49:07.075,0.125,0.14566591,0.020665913820266724,0.14
2024-11-15 09:59:07.047,0.165,0.15740891,-0.007591091990470894,0.192
2024-11-15 10:09:08.236,0.133,0.14223488,0.009234876751899712,0.139
2024-11-15 10:19:11.388,0.163,0.15242863,-0.01057137298583985,0.171
2024-11-15 10:29:11.580,0.123,0.14487901,0.02187901329994202,0.125
2024-11-15 10:39:07.369,0.154,0.16017671,0.006176709294319155,0.127
2024-11-15 10:49:07.156,0.122,0.14481215,0.022812151789665225,0.157
2024-11-15 10:59:07.931,0.108,0.16107154,0.0530715389251709,0.125
2024-11-15 11:09:11.230,0.131,0.14558053,0.014580530166625971,0.165
2024-11-15 11:19:07.417,0.122,0.15096746,0.02896746385097504,0.133
2024-11-15 11:39:07.128,0.142,0.15889156,0.016891558647155774,0.123
2024-11-15 11:49:07.430,0.121,0.14836945,0.0273694463968277,0.154
2024-11-15 11:59:09.331,0.123,0.15276104,0.02976104211807251,0.122
2024-11-15 12:09:08.416,0.124,0.15729022,0.03329022026062012,0.108
2024-11-15 12:19:07.841,0.132,0.15329474,0.02129474210739135,0.131
2024-11-15 12:29:06.948,0.123,0.14814106,0.025141056299209597,0.122
2024-11-15 12:39:08.109,0.132,0.15491551,0.022915511608123773,0.122
2024-11-15 12:49:08.139,0.154,0.14835736,-0.005642638444900511,0.142
2024-11-15 12:59:07.557,0.118,0.14181745,0.02381745052337647,0.121
2024-11-15 13:09:07.471,0.152,0.14902832,-0.0029716838598251305,0.123
2024-11-15 13:19:08.067,0.122,0.14022478,0.018224784612655642,0.124
2024-11-15 13:29:07.284,0.09,0.15077619,0.06077619254589081,0.132
2024-11-15 13:39:07.523,0.122,0.12828067,0.00628066945075989,0.123
2024-11-15 13:49:07.404,0.13,0.15473323,0.024733225703239436,0.132
2024-11-15 13:59:11.069,0.121,0.14611925,0.025119251847267154,0.154
2024-11-15 14:09:08.341,0.123,0.15476939,0.03176939082145691,0.118
2024-11-15 14:19:09.806,0.106,0.13287865,0.026878646254539493,0.152
2024-11-15 14:39:07.569,0.138,0.1154047,-0.022595297276973736,0.09
2024-11-15 14:49:07.332,0.116,0.12522985,0.009229850411415094,0.122
2024-11-15 14:59:06.901,0.107,0.13524978,0.028249778628349306,0.13
2024-11-15 15:09:08.291,0.107,0.13607201,0.029072009801864626,0.121
2024-11-15 15:19:08.070,0.147,0.14165193,-0.005348071575164787,0.123
2024-11-15 15:29:07.966,0.076,0.12286883,0.04686882847547531,0.106
2024-11-15 15:39:07.759,0.147,0.113314,-0.033685997247695915,0.092
2024-11-15 15:49:07.200,0.127,0.1229817,-0.004018302679061891,0.138
2024-11-15 15:59:07.363,0.107,0.13497433,0.027974330663681032,0.116
2024-11-15 16:09:09.828,0.093,0.13797334,0.04497333836555481,0.107
2024-11-15 16:19:07.443,0.156,0.13988249,-0.016117509961128235,0.107
2024-11-15 16:29:11.087,0.095,0.13645376,0.041453762650489806,0.147
2024-11-15 16:39:06.750,0.154,0.13862357,-0.015376434564590452,0.076
2024-11-15 16:49:07.308,0.122,0.16123031,0.03923031079769135,0.147
2024-11-15 16:59:07.402,0.153,0.16044006,0.007440057516098025,0.127
2024-11-15 17:09:06.859,0.186,0.16338128,-0.022618721485137938,0.107
2024-11-15 17:19:07.112,0.146,0.19889246,0.05289245927333833,0.093
2024-11-15 17:29:06.848,0.148,0.20337088,0.05537088406085969,0.156
2024-11-15 17:39:09.340,0.18,0.20325072,0.0232507210969925,0.095
2024-11-15 17:49:07.087,0.211,0.21116394,0.00016393804550171587,0.154
2024-11-15 17:59:07.198,0.126,0.1958075,0.06980750167369842,0.122
2024-11-15 18:09:07.866,0.15,0.19059731,0.0405973106622696,0.153
2024-11-15 18:19:08.078,0.181,0.18540475,0.004404747724533087,0.186
2024-11-15 18:29:07.015,0.204,0.18145849,-0.022541511893272387,0.146
2024-11-15 18:39:07.459,0.181,0.18463638,0.0036363842487335263,0.148
2024-11-15 18:49:06.982,0.171,0.18328772,0.012287724852561938,0.18
2024-11-15 18:59:07.285,0.118,0.18878016,0.07078015875816346,0.211
2024-11-15 19:09:06.699,0.189,0.18845521,-0.000544790863990785,0.126
2024-11-15 19:19:07.497,0.158,0.18260871,0.0246087087392807,0.15
2024-11-15 19:29:07.945,0.166,0.19594757,0.029947572588920585,0.181
2024-11-15 19:39:07.109,0.151,0.18912469,0.03812468850612641,0.204
2024-11-15 19:49:08.245,0.204,0.19103262,-0.012967381715774523,0.181
2024-11-15 19:59:08.566,0.164,0.18771018,0.023710180878639214,0.171
2024-11-15 20:19:06.782,0.131,0.19193238,0.06093238019943237,0.189
2024-11-15 20:29:07.259,0.128,0.19829962,0.07029961657524109,0.158
2024-11-15 20:39:08.068,0.16,0.19650806,0.036508064866065976,0.166
2024-11-15 20:49:08.596,0.146,0.1974805,0.05148049974441529,0.151
2024-11-15 20:59:07.206,0.114,0.18392542,0.06992542004585266,0.204
2024-11-15 21:09:07.076,0.137,0.18495125,0.04795124578475951,0.164
2024-11-15 21:19:07.453,0.088,0.1467402,0.05874019813537598,0.191
2024-11-15 21:29:06.930,0.121,0.11660265,-0.004397348225116726,0.131
2024-11-15 21:39:08.605,0.166,0.13622612,-0.029773882389068612,0.128
2024-11-15 21:49:07.252,0.06,0.10910023,0.04910023003816605,0.16
2024-11-15 21:59:07.256,0.078,0.09385759,0.01585758638381958,0.146
2024-11-15 22:09:08.556,0.034,0.072030686,0.0380306858420372,0.114
2024-11-15 22:19:07.684,0.112,0.07427141,-0.037728589296340945,0.137
2024-11-15 22:29:44.715,0.068,0.08191428,0.013914283335208888,0.088
2024-11-15 22:39:08.535,0.07,0.084987275,0.014987275302410119,0.121
2024-11-15 22:49:07.609,0.034,0.0792277,0.04522770082950592,0.166
2024-11-15 22:59:07.983,0.078,0.07536771,-0.0026322885155677794,0.06
2024-11-15 23:09:06.816,0.067,0.07546575,0.008465753674507137,0.078
2024-11-15 23:19:06.863,0.073,0.08037812,0.0073781226277351425,0.034
2024-11-15 23:29:07.472,0.077,0.0740083,-0.0029916990995407095,0.112
2024-11-15 23:39:29.980,0.034,0.0688231,0.03482309913635254,0.068
2024-11-15 23:49:07.774,0.043,0.0758417,0.032841702520847324,0.07
2024-11-15 23:59:06.506,0.034,0.07134303,0.03734302705526352,0.034
2024-11-16 00:09:07.224,0.068,0.07176859,0.0037685893177986096,0.078
2024-11-16 00:19:07.201,0.069,0.08223526,0.013235261797904962,0.067
2024-11-16 00:29:07.022,0.034,0.0790258,0.04502579754590988,0.073
2024-11-16 00:39:06.692,0.043,0.07186589,0.028865886449813846,0.077
2024-11-16 00:49:07.609,0.07100000000000001,0.07271225,0.0017122500538825913,0.034
2024-11-16 00:59:07.155,0.078,0.07592796,-0.002072042107582092,0.043
2024-11-16 01:09:07.815,0.106,0.075110346,-0.030889653921127316,0.034
2024-11-16 01:19:06.538,0.035,0.07862926,0.0436292627453804,0.068
2024-11-16 01:29:06.948,0.106,0.07048845,-0.035511547088623044,0.069
2024-11-16 01:39:08.837,0.035,0.07866366,0.043663662075996396,0.034
2024-11-16 01:49:06.885,0.08,0.07052285,-0.009477147758007051,0.043
2024-11-16 01:59:06.826,0.069,0.07320971,0.004209710419178003,0.07100000000000001
2024-11-16 02:09:06.916,0.107,0.081645876,-0.025354123830795286,0.078
2024-11-16 02:19:07.027,0.035,0.09094055,0.05594054996967315,0.106
2024-11-16 02:29:08.072,0.081,0.072465114,-0.008534885704517367,0.035
2024-11-16 02:39:07.825,0.043,0.07745613,0.034456131577491764,0.106
2024-11-16 02:49:07.538,0.106,0.07314325,-0.03285674875974655,0.035
2024-11-16 02:59:07.306,0.078,0.080384254,0.0023842544555664064,0.08
2024-11-16 03:09:08.322,0.106,0.07692092,-0.02907908087968826,0.069
2024-11-16 03:19:08.352,0.035,0.08753169,0.05253169327974319,0.107
2024-11-16 03:29:07.097,0.07100000000000001,0.072430804,0.0014308043718337937,0.035
2024-11-16 03:39:10.616,0.078,0.081975706,0.003975705921649933,0.081
2024-11-16 03:49:14.838,0.116,0.07550375,-0.04049624836444855,0.043
2024-11-16 03:59:06.644,0.07,0.09346864,0.02346864372491836,0.106
2024-11-16 04:09:06.740,0.07200000000000001,0.0848609,0.012860898554325095,0.078
2024-11-16 04:19:07.300,0.035,0.08234901,0.0473490098118782,0.106
2024-11-16 04:29:07.474,0.078,0.0727248,-0.005275203168392181,0.035
2024-11-16 04:49:07.423,0.115,0.076825075,-0.038174925148487096,0.07100000000000001
2024-11-16 04:59:06.603,0.034,0.087524824,0.05352482384443283,0.078
2024-11-16 05:09:06.963,0.035,0.07622575,0.04122575014829635,0.116
2024-11-16 05:19:09.837,0.034,0.076225206,0.04222520625591278,0.07
2024-11-16 05:29:08.085,0.078,0.07729039,-0.0007096065878868102,0.07200000000000001
2024-11-16 05:39:06.778,0.035,0.076819226,0.04181922614574432,0.035
2024-11-16 05:49:07.718,0.069,0.07063168,0.001631682872772211,0.078
2024-11-16 05:59:07.162,0.048,0.087059535,0.03905953508615494,0.115
2024-11-16 06:09:07.126,0.063,0.09136481,0.02836480838060379,0.034
2024-11-16 06:19:08.242,0.07100000000000001,0.090977944,0.01997794443368911,0.035
2024-11-16 06:29:07.314,0.121,0.0912446,-0.029755399286746975,0.034
2024-11-16 06:39:07.128,0.082,0.11114485,0.029144848167896267,0.078
2024-11-16 06:49:07.047,0.039,0.085760444,0.0467604444026947,0.035
2024-11-16 06:59:06.925,0.038,0.07298085,0.0349808509349823,0.069
2024-11-16 07:09:06.767,0.046,0.07562396,0.029623959302902222,0.048
2024-11-16 07:19:07.291,0.07,0.078170754,0.008170754015445703,0.063
2024-11-16 07:29:07.327,0.07,0.090104625,0.020104624629020684,0.07100000000000001
2024-11-16 07:39:07.009,0.07100000000000001,0.09620895,0.025208952367305748,0.121
2024-11-16 07:49:07.166,0.07100000000000001,0.097092025,0.026092024981975548,0.082
2024-11-16 07:59:07.749,0.046,0.09570644,0.04970644050836563,0.039
2024-11-16 08:09:06.990,0.038,0.08131494,0.04331493628025055,0.038
2024-11-16 08:19:07.948,0.053,0.079838164,0.026838164150714876,0.046
2024-11-16 08:29:09.400,0.083,0.09034663,0.0073466269373893694,0.07
2024-11-16 08:39:07.463,0.083,0.09351342,0.010513421714305873,0.07
2024-11-16 08:49:07.806,0.135,0.092495985,-0.042504014670848855,0.07100000000000001
2024-11-16 08:59:08.544,0.08700000000000001,0.10563267,0.018632670223712913,0.07100000000000001
2024-11-16 09:09:08.399,0.121,0.09047019,-0.030529812633991238,0.046
2024-11-16 09:19:08.202,0.093,0.109097406,0.016097406268119813,0.038
2024-11-16 09:29:07.641,0.161,0.101142295,-0.05985770529508591,0.053
2024-11-16 09:39:07.664,0.102,0.10584582,0.0038458164334297246,0.083
2024-11-16 09:49:07.424,0.092,0.103055425,0.011055424988269807,0.083
2024-11-16 09:59:06.887,0.06,0.10605131,0.046051310896873476,0.135
2024-11-16 10:09:07.465,0.123,0.100626655,-0.02237334507703781,0.08700000000000001
2024-11-16 10:19:06.873,0.092,0.111200206,0.019200205981731416,0.121
2024-11-16 10:29:07.696,0.06,0.10466729,0.044667291045188906,0.093
2024-11-16 10:39:08.579,0.06,0.102771126,0.04277112573385239,0.161
2024-11-16 10:49:07.122,0.091,0.10112521,0.010125210523605349,0.102
2024-11-16 10:59:06.836,0.091,0.108490154,0.017490154147148135,0.092
2024-11-16 11:09:07.059,0.092,0.10632188,0.014321878731250764,0.06
2024-11-16 11:19:08.077,0.06,0.10457542,0.04457541793584824,0.123
2024-11-16 11:29:07.037,0.094,0.09927375,0.005273748695850372,0.092
2024-11-16 11:39:07.069,0.123,0.105442815,-0.01755718547105789,0.06
2024-11-16 11:49:06.694,0.1,0.10070431,0.0007043123245239202,0.06
2024-11-16 11:59:06.801,0.124,0.10108987,-0.022910127580165862,0.091
2024-11-16 12:09:08.670,0.046,0.10683877,0.06083877021074295,0.091
2024-11-16 12:19:07.108,0.078,0.0925777,0.014577703297138214,0.092
2024-11-16 12:29:06.705,0.08600000000000001,0.09991101,0.013911011755466454,0.06
2024-11-16 12:39:07.453,0.078,0.09768444,0.01968444299697876,0.094
2024-11-16 12:49:08.791,0.062,0.09841915,0.036419152200222016,0.123
2024-11-16 12:59:08.299,0.077,0.1004203,0.023420303642749787,0.1
2024-11-16 13:09:07.856,0.093,0.099356756,0.006356755614280701,0.124
2024-11-16 13:19:07.463,0.107,0.10617092,-0.0008290774822235086,0.046
2024-11-16 13:29:08.826,0.132,0.12570061,-0.006299392104148871,0.078
2024-11-16 13:39:07.440,0.092,0.10598056,0.013980560183525087,0.08600000000000001
2024-11-16 13:49:07.692,0.113,0.105607755,-0.007392244517803195,0.078
2024-11-16 13:59:06.913,0.112,0.13411795,0.02211794602870941,0.062
2024-11-16 14:09:07.303,0.112,0.12768143,0.015681434154510496,0.077
2024-11-16 14:19:07.118,0.08,0.13218114,0.05218113780021667,0.093
2024-11-16 14:29:06.391,0.121,0.1125347,-0.008465298175811764,0.107
2024-11-16 14:39:07.474,0.112,0.13027376,0.018273759365081785,0.132
2024-11-16 14:49:07.179,0.112,0.13628386,0.024283859610557554,0.092
2024-11-16 14:59:06.910,0.146,0.136485,-0.009515004515647879,0.113
2024-11-16 15:09:09.836,0.08,0.121267736,0.041267735958099364,0.112
2024-11-16 15:19:07.249,0.113,0.11422703,0.0012270267009735075,0.112
2024-11-16 15:29:06.961,0.08,0.13175617,0.05175617158412933,0.08
2024-11-16 15:39:07.128,0.153,0.11474247,-0.0382575272321701,0.121
2024-11-16 15:49:07.179,0.113,0.12099847,0.007998471975326535,0.112
2024-11-16 15:59:07.117,0.064,0.13314733,0.06914732909202576,0.112
2024-11-16 16:09:06.739,0.073,0.10045547,0.02745547038316727,0.146
2024-11-16 16:19:07.353,0.096,0.09778141,0.0017814123034477214,0.08
2024-11-16 16:29:07.305,0.139,0.11039823,-0.02860176706314088,0.113
2024-11-16 16:39:06.992,0.097,0.10153972,0.004539723575115201,0.08
2024-11-16 16:49:06.921,0.106,0.11231702,0.006317018210887912,0.153
2024-11-16 16:59:06.894,0.065,0.10648482,0.041484822928905485,0.113
2024-11-16 17:09:06.927,0.107,0.09899477,-0.008005230844020841,0.064
2024-11-16 17:19:07.052,0.097,0.112288736,0.015288735806941983,0.073
2024-11-16 17:29:07.060,0.097,0.11307157,0.01607156831026077,0.096
2024-11-16 17:39:07.590,0.065,0.11751084,0.0525108402967453,0.139
2024-11-16 17:49:07.712,0.064,0.10360287,0.03960287129878998,0.097
2024-11-16 17:59:07.077,0.07200000000000001,0.10108141,0.029081408560276023,0.106
2024-11-16 18:09:06.908,0.068,0.10027298,0.03227298331260681,0.065
2024-11-16 18:19:07.025,0.109,0.09164165,-0.01735835039615631,0.107
2024-11-16 18:29:07.250,0.036,0.09326516,0.05726516091823578,0.097
2024-11-16 18:39:06.724,0.077,0.0812428,0.004242799758911134,0.097
2024-11-16 18:49:06.890,0.036,0.0833348,0.047334803581237796,0.065
2024-11-16 18:59:06.886,0.1,0.07972616,-0.020273840427398687,0.064
2024-11-16 19:09:07.236,0.077,0.07080817,-0.0061918277740478506,0.07200000000000001
2024-11-16 19:19:07.037,0.128,0.067469425,-0.06053057450056076,0.068
2024-11-16 19:29:06.681,0.036,0.08576106,0.04976106280088425,0.109
2024-11-16 19:39:06.998,0.068,0.066308826,-0.0016911737918853809,0.036
2024-11-16 19:49:07.420,0.036,0.08467858,0.04867858284711838,0.077
2024-11-16 19:59:07.006,0.078,0.06738476,-0.010615242898464203,0.036
2024-11-16 20:09:07.194,0.069,0.065425485,-0.003574514627456671,0.1
2024-11-16 20:19:07.008,0.037,0.07679855,0.03979855078458786,0.077
2024-11-16 20:29:06.972,0.045,0.07421798,0.02921798259019852,0.128
2024-11-16 20:39:06.993,0.037,0.06359881,0.026598811626434328,0.036
2024-11-16 20:49:06.994,0.079,0.06945009,-0.00954991215467453,0.068
2024-11-16 20:59:06.784,0.07,0.06739229,-0.0026077103614807196,0.036
2024-11-16 21:09:07.161,0.038,0.07311149,0.03511148941516876,0.078
2024-11-16 21:19:07.439,0.038,0.063481495,0.025481494784355165,0.069
2024-11-16 21:29:06.825,0.038,0.06108386,0.023083860695362092,0.037
2024-11-16 21:39:07.712,0.081,0.06063802,-0.020361978322267535,0.045
2024-11-16 21:49:07.532,0.07200000000000001,0.06472792,-0.007272082686424264,0.037
2024-11-16 21:59:06.502,0.038,0.072539315,0.0345393146276474,0.079
2024-11-16 22:09:08.216,0.038,0.06056242,0.022562420636415483,0.07
2024-11-16 22:19:07.481,0.047,0.06048422,0.013484219342470169,0.038
2024-11-16 22:29:06.596,0.083,0.053258453,-0.029741547435522084,0.038
2024-11-16 22:39:07.303,0.07200000000000001,0.06437412,-0.007625880956649789,0.038
2024-11-16 22:49:06.645,0.075,0.07179752,-0.0032024800777435275,0.081
2024-11-16 22:59:07.016,0.038,0.0646148,0.026614802598953248,0.07200000000000001
2024-11-16 23:09:07.646,0.104,0.060439024,-0.043560975879430766,0.038
2024-11-16 23:19:06.631,0.046,0.06435989,0.018359888434410096,0.038
2024-11-16 23:29:06.964,0.106,0.06039809,-0.04560190936923027,0.047
2024-11-16 23:39:06.792,0.07100000000000001,0.06428781,-0.0067121884822845534,0.083
2024-11-16 23:49:07.554,0.082,0.0715786,-0.010421400487422947,0.07200000000000001
2024-11-16 23:59:07.620,0.038,0.0644788,0.026478799700737,0.075
2024-11-17 00:09:06.481,0.083,0.06336157,-0.019638429760932927,0.038
2024-11-17 00:19:08.326,0.038,0.06743123,0.029431226372718812,0.104
2024-11-17 00:29:06.844,0.109,0.06442631,-0.04457368963956833,0.046
2024-11-17 00:39:07.003,0.081,0.08289021,0.0018902125358581517,0.106
2024-11-17 00:49:06.853,0.075,0.0744385,-0.0005615025758743258,0.07100000000000001
2024-11-17 00:59:07.673,0.047,0.07445994,0.027459940195083618,0.082
2024-11-17 01:09:09.341,0.075,0.058819488,-0.0161805123090744,0.038
2024-11-17 01:19:06.912,0.038,0.06906333,0.031063328206539155,0.083
2024-11-17 01:29:08.134,0.119,0.06359285,-0.05540714883804321,0.038
2024-11-17 01:39:07.639,0.073,0.082998775,0.009998774945735936,0.109
2024-11-17 01:49:39.550,0.074,0.07951618,0.005516179859638218,0.081
2024-11-17 01:59:07.750,0.038,0.074752435,0.036752435088157655,0.075
2024-11-17 02:09:06.843,0.075,0.06386738,-0.011132617294788358,0.047
2024-11-17 02:19:06.912,0.038,0.069442704,0.03144270431995392,0.075
2024-11-17 02:29:06.448,0.119,0.06397211,-0.055027891933917994,0.038
2024-11-17 02:39:09.028,0.07200000000000001,0.08321913,0.011219133317470542,0.119
2024-11-17 02:49:07.543,0.084,0.080976196,-0.0030238043665885977,0.073
2024-11-17 02:59:06.945,0.038,0.074657686,0.036657686054706574,0.074
2024-11-17 03:09:06.800,0.075,0.0643171,-0.010682900249958036,0.038
2024-11-17 03:19:06.768,0.038,0.069860786,0.0318607861995697,0.075
2024-11-17 03:29:08.632,0.11,0.06433283,-0.04566717207431793,0.038
2024-11-17 03:39:07.223,0.082,0.08535401,0.003354007780551907,0.119
2024-11-17 03:49:06.486,0.075,0.06992224,-0.005077761411666867,0.07200000000000001
2024-11-17 03:59:07.435,0.038,0.075525,0.03752500069141388,0.084
2024-11-17 04:09:07.366,0.083,0.06420978,-0.018790218412876133,0.038
2024-11-17 04:19:07.192,0.038,0.06835071,0.03035070997476578,0.075
2024-11-17 04:29:07.213,0.075,0.06433283,-0.01066717207431793,0.038
2024-11-17 04:39:06.714,0.073,0.0748489,0.0018488977551460312,0.11
2024-11-17 04:49:06.679,0.039,0.08136438,0.042364378333091736,0.082
2024-11-17 04:59:08.062,0.038,0.0698579,0.031857902824878694,0.075
2024-11-17 05:09:07.265,0.073,0.063857816,-0.009142183840274806,0.038
2024-11-17 05:19:07.106,0.038,0.07548365,0.03748364996910095,0.083
2024-11-17 05:29:07.005,0.047,0.06501964,0.0180196373462677,0.038
2024-11-17 05:39:06.769,0.038,0.06358252,0.025582517206668855,0.075
2024-11-17 05:49:07.537,0.038,0.06496547,0.026965471625328065,0.073
2024-11-17 05:59:07.700,0.073,0.0631704,-0.00982959675788879,0.039
2024-11-17 06:09:08.096,0.07200000000000001,0.077075884,0.005075883746147147,0.038
2024-11-17 06:19:06.605,0.038,0.077314526,0.03931452584266663,0.073
2024-11-17 06:29:07.017,0.038,0.06566203,0.027662026405334474,0.038
2024-11-17 06:39:07.113,0.038,0.052257936,0.014257936447858811,0.047
2024-11-17 06:49:07.980,0.047,0.052240796,0.005240796387195587,0.038
2024-11-17 06:59:08.675,0.038,0.065454446,0.02745444577932358,0.038
2024-11-17 07:09:08.377,0.107,0.054895632,-0.05210436803102493,0.073
2024-11-17 07:19:07.759,0.08,0.08708609,0.007086088955402373,0.07200000000000001
2024-11-17 07:29:07.090,0.073,0.07493507,0.0019350711703300522,0.038
2024-11-17 07:39:07.198,0.037,0.07698138,0.039981380581855776,0.038
2024-11-17 07:49:07.248,0.07200000000000001,0.055343796,-0.016656204432249078,0.038
2024-11-17 07:59:07.349,0.037,0.0780282,0.04102820205688477,0.047
2024-11-17 08:09:08.580,0.114,0.05702443,-0.05697556951642037,0.038
2024-11-17 08:19:07.096,0.07,0.08994327,0.019943267405033105,0.107
2024-11-17 08:29:07.166,0.088,0.08848469,0.0004846895933151296,0.08
2024-11-17 08:39:07.718,0.08,0.083277225,0.003277225494384764,0.073
2024-11-17 08:49:07.280,0.037,0.078401275,0.041401274979114534,0.037
2024-11-17 08:59:11.236,0.07100000000000001,0.05883122,-0.012168781369924553,0.07200000000000001
2024-11-17 09:09:07.990,0.037,0.08338633,0.04638633179664612,0.037
2024-11-17 09:19:07.589,0.103,0.06541986,-0.03758013981580734,0.114
2024-11-17 09:29:07.940,0.078,0.08333227,0.005332270383834839,0.07
2024-11-17 09:39:07.619,0.045,0.08793022,0.042930217385292055,0.088
2024-11-17 09:49:07.009,0.037,0.07742495,0.040424950897693636,0.08
2024-11-17 09:59:07.169,0.07100000000000001,0.059685767,-0.011314233303070076,0.037
2024-11-17 10:09:06.829,0.037,0.07694232,0.039942317187786104,0.07100000000000001
2024-11-17 10:19:07.118,0.069,0.05993539,-0.009064609050750738,0.037
2024-11-17 10:29:07.778,0.101,0.08718607,-0.013813931703567511,0.103
2024-11-17 10:39:11.744,0.068,0.085143775,0.017143774747848506,0.078
2024-11-17 10:49:06.877,0.076,0.092668176,0.016668175697326662,0.045
2024-11-17 10:59:06.792,0.036,0.077468246,0.04146824622154236,0.037
2024-11-17 11:09:07.205,0.044,0.062320232,0.018320232391357424,0.07100000000000001
2024-11-17 11:19:06.710,0.075,0.07055137,-0.004448626935482022,0.037
2024-11-17 11:29:10.550,0.093,0.07737037,-0.01562963205575943,0.069
2024-11-17 11:39:07.408,0.098,0.085861444,-0.012138555526733402,0.101
2024-11-17 11:49:07.192,0.067,0.08925229,0.022252293109893795,0.068
2024-11-17 11:59:06.719,0.067,0.09554374,0.0285437421798706,0.076
2024-11-17 12:09:08.662,0.044,0.0846627,0.04066269820928574,0.036
2024-11-17 12:19:07.095,0.036,0.07293926,0.036939261794090274,0.044
2024-11-17 12:29:07.313,0.066,0.06179872,-0.0042012784481048615,0.075
2024-11-17 12:39:07.365,0.077,0.08650858,0.009508579552173616,0.093
2024-11-17 12:49:06.687,0.068,0.08588549,0.01788548749685287,0.098
2024-11-17 12:59:09.175,0.045,0.09150847,0.04650847047567368,0.067
2024-11-17 13:09:07.158,0.1,0.08134974,-0.018650262057781225,0.067
2024-11-17 13:19:06.998,0.068,0.08062465,0.012624647438526149,0.044
2024-11-17 13:29:06.686,0.068,0.084047265,0.01604726535081863,0.036
2024-11-17 13:39:09.466,0.069,0.08579918,0.016799179971218103,0.066
2024-11-17 13:49:07.297,0.045,0.08078503,0.03578502863645554,0.077
2024-11-17 13:59:09.082,0.069,0.072936416,0.00393641567230224,0.068
2024-11-17 14:09:06.775,0.069,0.08184732,0.012847317516803736,0.045
2024-11-17 14:19:07.462,0.069,0.08408586,0.015085859358310694,0.1
2024-11-17 14:29:06.879,0.102,0.08564519,-0.016354808628559106,0.068
2024-11-17 14:39:07.105,0.045,0.08751188,0.042511882185935976,0.068
2024-11-17 14:49:08.299,0.069,0.07342443,0.004424428701400751,0.069
2024-11-17 14:59:06.885,0.037,0.083236605,0.04623660492897034,0.045
2024-11-17 15:09:07.718,0.102,0.060955677,-0.04104432281851768,0.069
2024-11-17 15:19:10.589,0.069,0.0738825,0.004882497847080225,0.069
2024-11-17 15:29:08.675,0.078,0.074585445,-0.0034145547747612,0.069
2024-11-17 15:39:07.105,0.07,0.08436871,0.014368713200092309,0.102
2024-11-17 15:49:07.268,0.037,0.08248497,0.04548496800661087,0.045
2024-11-17 15:59:07.259,0.07,0.057669412,-0.012330587655305869,0.069
2024-11-17 16:09:06.916,0.037,0.080734946,0.043734945833683016,0.037
2024-11-17 16:19:08.012,0.078,0.057198815,-0.020801184952259064,0.102
2024-11-17 16:29:06.961,0.07,0.07644431,0.00644431293010711,0.069
2024-11-17 16:39:06.649,0.037,0.089940555,0.05294055539369583,0.078
2024-11-17 16:49:07.910,0.097,0.05988708,-0.03711291861534119,0.07
2024-11-17 16:59:06.827,0.037,0.08415024,0.04715023982524872,0.037
2024-11-17 17:09:07.024,0.078,0.058230728,-0.019769272089004516,0.07
2024-11-17 17:19:06.946,0.069,0.07667382,0.0076738206148147525,0.037
2024-11-17 17:29:07.069,0.069,0.081356995,0.012356994807720179,0.078
2024-11-17 17:39:07.542,0.037,0.0810863,0.04408630031347275,0.07
2024-11-17 17:49:06.802,0.037,0.05593244,0.018932439863681795,0.037
2024-11-17 17:59:08.167,0.077,0.059805404,-0.017194595605134963,0.097
2024-11-17 18:09:06.800,0.036,0.07277672,0.036776719927787783,0.037
2024-11-17 18:19:06.579,0.069,0.05787683,-0.011123170942068106,0.078
2024-11-17 18:29:09.092,0.068,0.083103366,0.015103366196155543,0.069
2024-11-17 18:39:07.774,0.1,0.08372544,-0.016274562478065496,0.069
2024-11-17 18:49:07.714,0.044,0.07732483,0.033324829995632174,0.037
2024-11-17 18:59:06.788,0.036,0.06814186,0.03214186275005341,0.037
2024-11-17 19:09:06.815,0.036,0.05443024,0.01843023890256882,0.077
2024-11-17 19:19:06.901,0.037,0.051179085,0.014179084926843645,0.036
2024-11-17 19:29:06.877,0.07,0.048677076,-0.021322924345731742,0.069
2024-11-17 19:39:06.821,0.077,0.07541856,-0.0015814383029937734,0.068
2024-11-17 19:49:07.580,0.101,0.078022264,-0.02297773605585099,0.1
2024-11-17 19:59:07.312,0.037,0.06837803,0.0313780312538147,0.044
2024-11-17 20:09:06.944,0.069,0.051106963,-0.017893036693334585,0.036
2024-11-17 20:19:06.927,0.037,0.07437354,0.03737354326248169,0.036
2024-11-17 20:29:08.030,0.07,0.0494456,-0.020554400682449347,0.037
2024-11-17 20:39:08.076,0.07,0.07139179,0.001391791105270379,0.07
2024-11-17 20:49:07.188,0.037,0.071389794,0.03438979434967041,0.077
2024-11-17 20:59:06.983,0.079,0.07069223,-0.008307773709297181,0.101
2024-11-17 21:09:07.170,0.07,0.058470942,-0.011529057919979102,0.037
2024-11-17 21:19:07.252,0.07,0.07269322,0.0026932212710380488,0.069
2024-11-17 21:29:07.144,0.037,0.072832346,0.035832345962524416,0.037
2024-11-17 21:39:08.611,0.07200000000000001,0.062426284,-0.009573716044425973,0.07
2024-11-17 21:49:07.454,0.046,0.06995185,0.023951847195625306,0.07
2024-11-17 21:59:06.584,0.133,0.060800124,-0.07219987604022027,0.037
2024-11-17 22:09:07.537,0.07100000000000001,0.07054913,-0.00045086956024170677,0.079
2024-11-17 22:19:06.583,0.106,0.07275019,-0.03324981158971786,0.07
2024-11-17 22:29:07.385,0.038,0.065074354,0.02707435441017151,0.07
2024-11-17 22:39:13.392,0.038,0.06244043,0.024440428882837296,0.037
2024-11-17 22:49:07.407,0.046,0.06240603,0.0164060295522213,0.07200000000000001
2024-11-17 22:59:07.863,0.07100000000000001,0.05511848,-0.01588152116537095,0.046
2024-11-17 23:09:06.664,0.08,0.07790475,-0.002095246613025667,0.133
2024-11-17 23:19:14.867,0.07100000000000001,0.0716497,0.0006497004032134934,0.07100000000000001
2024-11-17 23:29:08.629,0.038,0.07779836,0.03979835909605026,0.106
2024-11-17 23:39:06.568,0.038,0.062150806,0.024150806188583375,0.038
2024-11-17 23:49:07.756,0.101,0.06199698,-0.03900301849842072,0.038
2024-11-17 23:59:07.272,0.082,0.06532811,-0.016671893715858463,0.046
2024-11-18 00:09:08.245,0.108,0.06373798,-0.04426201897859573,0.07100000000000001
2024-11-18 00:19:07.442,0.038,0.07754054,0.03954053920507431,0.08
2024-11-18 00:29:07.283,0.082,0.06798211,-0.014017892599105838,0.07100000000000001
2024-11-18 00:39:07.064,0.038,0.06827466,0.030274661898612977,0.038
2024-11-18 00:49:06.631,0.074,0.06281399,-0.011186010181903835,0.038
2024-11-18 00:59:06.882,0.047,0.07160842,0.024608416736125946,0.101
2024-11-18 01:09:06.793,0.073,0.058237012,-0.014762987524271007,0.082
2024-11-18 01:19:06.723,0.056,0.080739185,0.024739185214042662,0.108
2024-11-18 01:29:16.060,0.039,0.07004581,0.03104580646753311,0.038
2024-11-18 01:39:07.158,0.039,0.06897954,0.02997953897714615,0.082
2024-11-18 01:49:07.093,0.039,0.06360833,0.024608333468437195,0.038
2024-11-18 01:59:06.717,0.039,0.06345089,0.024450887799263,0.074
2024-11-18 02:09:07.370,0.074,0.06399295,-0.0100070526599884,0.047
2024-11-18 02:19:08.682,0.073,0.07322159,0.00022158664464951017,0.073
2024-11-18 02:29:07.967,0.042,0.072950445,0.03095044511556625,0.056
2024-11-18 02:39:07.360,0.048,0.06325086,0.015250862061977385,0.039
2024-11-18 02:49:06.910,0.039,0.0628131,0.023813103199005127,0.039
2024-11-18 02:59:07.096,0.039,0.06257185,0.023571853399276733,0.039
2024-11-18 03:09:08.004,0.074,0.06294205,-0.011057949602603909,0.039
2024-11-18 03:19:07.349,0.112,0.07196241,-0.04003759127855301,0.074
2024-11-18 03:29:07.417,0.039,0.08010131,0.04110131120681763,0.073
2024-11-18 03:39:13.840,0.105,0.062812746,-0.04218725442886352,0.042
2024-11-18 03:49:08.948,0.039,0.07259192,0.03359192317724228,0.048
2024-11-18 03:59:07.331,0.08600000000000001,0.06291097,-0.023089033424854286,0.039
2024-11-18 04:09:08.614,0.074,0.07143353,-0.0025664707422256433,0.039
2024-11-18 04:19:19.564,0.111,0.06995743,-0.0410425723195076,0.074
2024-11-18 04:29:07.067,0.039,0.08547844,0.046478439927101135,0.112
2024-11-18 04:39:07.862,0.076,0.069066465,-0.006933535099029539,0.039
2024-11-18 04:49:07.053,0.038,0.07552331,0.03752330940961838,0.105
2024-11-18 04:59:08.302,0.075,0.064331084,-0.01066891551017761,0.039
2024-11-18 05:09:06.645,0.038,0.07500326,0.037003258883953095,0.08600000000000001
2024-11-18 05:19:06.812,0.117,0.06381402,-0.053185978353023536,0.074
2024-11-18 05:29:06.590,0.038,0.08562273,0.04762272787094116,0.111
2024-11-18 05:39:11.190,0.073,0.06919891,-0.0038010935783386185,0.039
2024-11-18 05:49:08.908,0.07200000000000001,0.07506024,0.0030602409243583595,0.076
2024-11-18 05:59:07.226,0.07200000000000001,0.07600876,0.004008759438991538,0.038
2024-11-18 06:09:09.554,0.046,0.07598815,0.029988151133060456,0.075
2024-11-18 06:19:08.829,0.08600000000000001,0.067351304,-0.018648696005344398,0.038
2024-11-18 06:29:06.996,0.059,0.093818516,0.034818515539169315,0.117
2024-11-18 06:39:08.352,0.114,0.07356071,-0.040439292728900914,0.038
2024-11-18 06:49:07.864,0.136,0.0939297,-0.042070299446582804,0.073
2024-11-18 06:59:18.536,0.119,0.12443304,0.00543304061889649,0.07200000000000001
2024-11-18 07:09:07.347,0.124,0.12990421,0.005904210567474366,0.07200000000000001
2024-11-18 07:19:10.232,0.151,0.13332699,-0.017673007607460017,0.046
2024-11-18 07:29:08.045,0.15,0.13443811,-0.015561887621879572,0.08600000000000001
2024-11-18 07:39:10.197,0.127,0.123115875,-0.00388412517309189,0.059
2024-11-18 07:49:10.911,0.155,0.13667434,-0.018325655460357665,0.114
2024-11-18 07:59:07.446,0.137,0.13314216,-0.003857841610908519,0.136
2024-11-18 08:09:06.711,0.132,0.15394706,0.021947055339813226,0.119
2024-11-18 08:19:07.809,0.128,0.15274702,0.024747020125389096,0.124
2024-11-18 08:29:07.133,0.127,0.15814728,0.031147275447845457,0.151
2024-11-18 08:39:08.032,0.159,0.1580448,-0.0009551998376846338,0.15
2024-11-18 08:49:07.340,0.135,0.14648925,0.01148924767971038,0.127
2024-11-18 08:59:07.323,0.126,0.15348786,0.027487861156463622,0.155
2024-11-18 09:09:08.139,0.135,0.16166519,0.026665186285972586,0.137
2024-11-18 09:19:08.337,0.126,0.1543673,0.028367297887802123,0.132
2024-11-18 09:29:11.999,0.157,0.15916961,0.0021696143150329583,0.128
2024-11-18 09:39:08.835,0.125,0.14651507,0.021515071392059326,0.127
2024-11-18 09:49:07.888,0.159,0.15886083,-0.0001391675472259546,0.159
2024-11-18 09:59:07.552,0.135,0.14616838,0.011168380975723258,0.135
2024-11-18 10:09:07.675,0.126,0.15129541,0.025295408606529235,0.126
2024-11-18 10:19:06.683,0.147,0.15698095,0.009980946660041817,0.135
2024-11-18 10:29:06.917,0.134,0.15292513,0.018925133705139152,0.126
2024-11-18 10:39:07.030,0.157,0.153941,-0.0030589945316314704,0.157
2024-11-18 10:49:11.159,0.133,0.14502677,0.012026773214340203,0.125
2024-11-18 10:59:07.069,0.157,0.1517064,-0.005293602466583253,0.159
2024-11-18 11:09:07.003,0.134,0.1405272,0.00652720367908477,0.135
2024-11-18 11:19:07.081,0.157,0.15013923,-0.0068607724905014045,0.126
2024-11-18 11:29:07.614,0.15,0.14092793,-0.009072074294090265,0.147
2024-11-18 11:39:07.300,0.14,0.15296966,0.012969658374786364,0.134
2024-11-18 11:49:07.081,0.158,0.16102548,0.0030254794359207138,0.157
2024-11-18 11:59:07.196,0.134,0.14030762,0.006307620167732231,0.133
2024-11-18 12:09:07.605,0.127,0.14978714,0.022787142872810362,0.157
2024-11-18 12:19:06.723,0.143,0.1518517,0.008851698756217968,0.134
2024-11-18 12:29:11.735,0.159,0.14894056,-0.010059436798095706,0.157
2024-11-18 12:39:09.145,0.103,0.13901624,0.036016240835189825,0.15
2024-11-18 12:49:07.376,0.158,0.14365059,-0.014349408626556398,0.14
2024-11-18 12:59:07.227,0.118,0.13820583,0.020205826282501227,0.158
2024-11-18 13:09:07.404,0.112,0.13630353,0.024303529143333433,0.134
2024-11-18 13:19:08.478,0.158,0.13560602,-0.02239397931098938,0.127
2024-11-18 13:29:08.415,0.103,0.13938108,0.03638108086585999,0.143
2024-11-18 13:39:10.091,0.157,0.14724705,-0.00975295376777649,0.159
2024-11-18 13:49:06.663,0.094,0.13686322,0.04286321675777435,0.103
2024-11-18 13:59:07.654,0.157,0.13602272,-0.020977283239364625,0.158
2024-11-18 14:09:07.460,0.126,0.13666002,0.010660024523735045,0.118
2024-11-18 14:19:06.975,0.125,0.15148345,0.0264834463596344,0.112
2024-11-18 14:29:07.598,0.125,0.15316166,0.028161659836769104,0.158
2024-11-18 14:39:09.884,0.126,0.15607305,0.030073048710823058,0.103
2024-11-18 14:49:08.361,0.126,0.15285967,0.026859672904014587,0.157
2024-11-18 14:59:09.610,0.125,0.15649803,0.031498029828071594,0.094
2024-11-18 15:09:08.179,0.08,0.15657766,0.07657766163349151,0.157
2024-11-18 15:19:08.115,0.126,0.11472932,-0.011270677506923676,0.126
2024-11-18 15:29:07.084,0.156,0.15772559,0.0017255874872207644,0.125
2024-11-18 15:39:07.502,0.094,0.14201865,0.048018646001815796,0.125
2024-11-18 15:49:07.191,0.127,0.13670126,0.009701256036758421,0.126
2024-11-18 15:59:07.251,0.112,0.14928956,0.0372895632982254,0.126
2024-11-18 16:09:07.783,0.147,0.14163502,-0.005364984393119804,0.125
2024-11-18 16:19:06.608,0.097,0.124733135,0.02773313510417938,0.08
2024-11-18 16:29:07.151,0.128,0.14434889,0.01634888958930969,0.126
2024-11-18 16:39:07.260,0.128,0.15657897,0.028578972935676572,0.156
2024-11-18 16:49:07.989,0.129,0.15393372,0.024933718800544735,0.094
2024-11-18 16:59:07.796,0.096,0.15575023,0.05975022995471954,0.127
2024-11-18 17:09:09.809,0.158,0.13229847,-0.02570153045654297,0.112
2024-11-18 17:19:06.868,0.126,0.13691832,0.0109183212518692,0.147
2024-11-18 17:29:07.528,0.126,0.15231936,0.02631935679912567,0.097
2024-11-18 17:39:07.928,0.093,0.15563034,0.06263033521175385,0.128
2024-11-18 17:49:07.397,0.109,0.14036936,0.03136935567855835,0.128
2024-11-18 17:59:08.267,0.124,0.1748019,0.05080190098285675,0.129
2024-11-18 18:09:07.312,0.157,0.15589863,-0.0011013693809509284,0.096
2024-11-18 18:19:07.378,0.125,0.13729483,0.01229482889175415,0.158
2024-11-18 18:29:08.600,0.125,0.15602258,0.031022578477859497,0.126
2024-11-18 18:39:07.498,0.119,0.15616849,0.03716849064826966,0.126
2024-11-18 18:49:06.850,0.158,0.15011449,-0.007885508418083192,0.093
2024-11-18 18:59:06.975,0.125,0.13653682,0.011536821722984314,0.109
2024-11-18 19:09:07.855,0.162,0.15125519,-0.010744809627532964,0.124
2024-11-18 19:19:07.688,0.104,0.13443996,0.030439960122108464,0.157
2024-11-18 19:29:08.539,0.11,0.12215585,0.012155852615833282,0.125
2024-11-18 19:39:07.330,0.109,0.13990839,0.030908388257026673,0.125
2024-11-18 19:49:10.008,0.159,0.13987076,-0.019129237174987795,0.119
2024-11-18 19:59:07.700,0.125,0.12563807,0.0006380677223205566,0.158
2024-11-18 20:09:07.307,0.145,0.1467254,0.0017254012823104958,0.125
2024-11-18 20:19:07.920,0.112,0.15617947,0.04417947280406952,0.162
2024-11-18 20:29:07.897,0.13,0.15667714,0.02667714178562164,0.104
2024-11-18 20:39:06.839,0.129,0.13481994,0.005819939732551571,0.11
2024-11-18 20:49:08.090,0.131,0.14039466,0.009394657850265498,0.109
2024-11-18 20:59:07.766,0.13,0.13469079,0.004690791368484493,0.159
2024-11-18 21:09:25.258,0.104,0.1360795,0.032079505085945134,0.125
2024-11-18 21:19:07.227,0.083,0.09759997,0.014599968314170833,0.145
2024-11-18 21:29:06.981,0.118,0.09622393,-0.02177607196569442,0.112
2024-11-18 21:39:09.202,0.116,0.11851179,0.002511788547039026,0.13
2024-11-18 21:49:10.845,0.097,0.12409615,0.027096147716045377,0.129
2024-11-18 21:59:08.053,0.061,0.04983576,-0.011164239853620528,0.131
2024-11-18 22:09:07.073,0.063,0.05636571,-0.006634290248155594,0.13
2024-11-18 22:19:06.624,0.026,0.057891753,0.03189175257086754,0.104
2024-11-18 22:29:07.644,0.098,0.058647778,-0.03935222211480141,0.083
2024-11-18 22:39:07.467,0.061,0.05538278,-0.005617219269275664,0.118
2024-11-18 22:49:07.448,0.099,0.066063136,-0.03293686413764954,0.116
2024-11-18 22:59:06.401,0.055,0.05670245,0.0017024499177932736,0.097
2024-11-18 23:09:07.164,0.063,0.055871837,-0.007128163158893586,0.061
2024-11-18 23:19:08.628,0.025,0.05571338,0.030713381618261336,0.063
2024-11-18 23:29:07.792,0.059,0.05325288,-0.005747120469808575,0.026
2024-11-18 23:39:07.610,0.06,0.06219908,0.0021990785002708457,0.098
2024-11-18 23:49:06.869,0.06,0.06139579,0.0013957904279232047,0.061
2024-11-18 23:59:07.213,0.06,0.063931614,0.003931614160537722,0.099
2024-11-19 00:09:07.073,0.025,0.06379251,0.03879251182079315,0.055
2024-11-19 00:19:07.893,0.025,0.054935288,0.029935287684202193,0.063
2024-11-19 00:29:07.928,0.025,0.054790866,0.02979086562991142,0.025
2024-11-19 00:39:09.222,0.08700000000000001,0.054806646,-0.0321933540403843,0.059
2024-11-19 00:49:07.485,0.059,0.047263984,-0.0117360163629055,0.06
2024-11-19 00:59:06.960,0.061,0.060349636,-0.0006503642201423632,0.06
2024-11-19 01:09:06.658,0.06,0.057664167,-0.0023358328640460946,0.06
2024-11-19 01:19:07.441,0.062,0.06042519,-0.001574811607599258,0.025
2024-11-19 01:29:07.123,0.025,0.05766655,0.03266655132174492,0.025
2024-11-19 01:39:08.308,0.097,0.05340601,-0.043593988686800006,0.025
2024-11-19 01:49:06.894,0.06,0.056093253,-0.003906746804714201,0.08700000000000001
2024-11-19 01:59:07.110,0.097,0.0630295,-0.03397050213813782,0.059
2024-11-19 02:09:06.602,0.025,0.056959916,0.03195991590619087,0.061
2024-11-19 02:19:08.889,0.062,0.05379423,-0.00820576873421669,0.06
2024-11-19 02:29:06.496,0.06,0.05924353,-0.0007564699649810769,0.062
2024-11-19 02:39:07.403,0.06,0.06461565,0.004615651965141299,0.025
2024-11-19 02:49:06.537,0.06,0.06413699,0.004136989414691927,0.097
2024-11-19 02:59:06.716,0.061,0.062245645,0.0012456446290016188,0.06
2024-11-19 03:09:08.398,0.025,0.06808004,0.04308003783226013,0.097
2024-11-19 03:19:07.078,0.025,0.055585094,0.030585093796253203,0.025
2024-11-19 03:29:06.778,0.025,0.05555104,0.030551040917634963,0.062
2024-11-19 03:39:07.218,0.06,0.055569313,-0.004430686533451078,0.06
2024-11-19 03:49:08.478,0.06,0.06466357,0.004663566648960116,0.06
2024-11-19 03:59:06.895,0.06,0.063218504,0.0032185041904449485,0.06
2024-11-19 04:09:08.180,0.061,0.061213277,0.0002132772803306593,0.061
2024-11-19 04:19:21.510,0.025,0.05860218,0.03360218033194542,0.025
2024-11-19 04:29:08.292,0.06,0.054158177,-0.005841822773218153,0.025
2024-11-19 04:39:06.580,0.058,0.058591884,0.0005918836295604676,0.025
2024-11-19 04:49:07.539,0.094,0.06483709,-0.02916290932893753,0.06
2024-11-19 04:59:09.063,0.059,0.051649533,-0.007350466787815091,0.06
2024-11-19 05:09:08.034,0.06,0.062041122,0.002041122466325762,0.06
2024-11-19 05:19:06.936,0.059,0.058093525,-0.0009064745306968658,0.061
2024-11-19 05:29:07.145,0.025,0.064368516,0.03936851620674133,0.025
2024-11-19 05:39:06.706,0.058,0.053841185,-0.004158815175294879,0.06
2024-11-19 05:49:07.709,0.061,0.06440081,0.003400807023048402,0.058
2024-11-19 05:59:07.175,0.058,0.059181735,0.0011817349195480317,0.094
2024-11-19 06:09:07.268,0.059,0.06895714,0.009957142531871799,0.059
2024-11-19 06:19:07.256,0.085,0.056929998,-0.02807000190019608,0.06
2024-11-19 06:29:07.159,0.057,0.06102286,0.004022859066724775,0.059
2024-11-19 06:39:06.943,0.058,0.069009416,0.01100941580533981,0.025
2024-11-19 06:49:07.511,0.089,0.062256034,-0.026743965536355968,0.058
2024-11-19 06:59:07.177,0.056,0.05312619,-0.0028738101422786724,0.061
2024-11-19 07:09:07.408,0.056,0.06686716,0.0108671578168869,0.058
2024-11-19 07:19:10.276,0.062,0.06721962,0.005219622433185578,0.059
2024-11-19 07:29:08.872,0.07200000000000001,0.061394986,-0.010605014234781274,0.085
2024-11-19 07:39:07.089,0.073,0.0768745,0.003874502003192906,0.057
2024-11-19 07:49:06.867,0.104,0.079190075,-0.02480992460250854,0.058
2024-11-19 07:59:07.440,0.08600000000000001,0.08739453,0.00139452809095382,0.089
2024-11-19 08:09:07.386,0.117,0.093469016,-0.023530983746051795,0.056
2024-11-19 08:19:07.394,0.085,0.10151539,0.016515389978885645,0.056
2024-11-19 08:29:08.208,0.085,0.09270052,0.0077005186676979,0.062
2024-11-19 08:39:07.531,0.144,0.092540264,-0.05145973587036132,0.07200000000000001
2024-11-19 08:59:10.470,0.121,0.09992044,-0.021079563260078427,0.073
2024-11-19 09:09:07.299,0.089,0.10966789,0.020667889773845677,0.104
2024-11-19 09:19:06.993,0.09,0.10089598,0.010895978510379795,0.08600000000000001
2024-11-19 09:29:07.672,0.131,0.1036174,-0.027382600069046026,0.117
2024-11-19 09:49:07.975,0.12,0.10358477,-0.016415233612060542,0.085
2024-11-19 09:59:08.576,0.089,0.11209983,0.023099826335906987,0.144
2024-11-19 10:09:07.291,0.056,0.10418944,0.048189440608024596,0.121
2024-11-19 10:19:06.748,0.159,0.09632459,-0.06267540717124939,0.089
2024-11-19 10:29:08.398,0.161,0.17780559,0.016805587649345394,0.09
2024-11-19 10:39:07.127,0.2,0.18623723,-0.013762769103050243,0.131
2024-11-19 10:49:06.915,0.182,0.16894485,-0.013055149435997004,0.09
2024-11-19 10:59:08.839,0.193,0.17724761,-0.015752386331558232,0.12
2024-11-19 11:09:07.144,0.165,0.16546655,0.0004665470123290938,0.089
2024-11-19 11:19:07.128,0.164,0.18488899,0.02088898873329162,0.056
2024-11-19 11:29:07.026,0.168,0.18251422,0.014514220476150502,0.159
2024-11-19 11:39:07.707,0.163,0.1891041,0.0261040951013565,0.161
2024-11-19 11:49:07.659,0.163,0.1830531,0.020053106069564813,0.2
2024-11-19 11:59:07.988,0.102,0.18171127,0.07971127140522004,0.182
2024-11-19 12:09:08.707,0.158,0.12617199,-0.03182800877094269,0.193
2024-11-19 12:19:06.983,0.057,0.11074367,0.053743671655654905,0.165
2024-11-19 12:29:07.059,0.07200000000000001,0.096690044,0.024690043807029716,0.164
2024-11-19 12:39:06.714,0.04,0.097628824,0.05762882441282272,0.168
2024-11-19 12:49:08.083,0.07100000000000001,0.0882912,0.017291198015213005,0.163
2024-11-19 12:59:07.739,0.101,0.09515929,-0.0058407077789306705,0.163
2024-11-19 13:09:06.829,0.1,0.09547092,-0.004529079794883734,0.102
2024-11-19 13:19:07.125,0.129,0.14864092,0.01964091575145721,0.158
2024-11-19 13:29:07.099,0.136,0.15369962,0.017699621558189382,0.057
2024-11-19 13:39:06.950,0.19,0.15057966,-0.03942033886909485,0.07200000000000001
2024-11-19 13:49:07.192,0.096,0.1295226,0.03352260673046112,0.04
2024-11-19 13:59:07.822,0.127,0.12674461,-0.00025538694858551203,0.07100000000000001
2024-11-19 14:09:07.705,0.126,0.14119272,0.015192719340324401,0.101
2024-11-19 14:19:07.662,0.158,0.15750273,-0.0004972742795944229,0.1
2024-11-19 14:29:08.288,0.127,0.13858633,0.011586327433586119,0.129
2024-11-19 14:39:07.345,0.126,0.1552867,0.029286699533462524,0.136
2024-11-19 14:49:07.024,0.095,0.1529321,0.05793210744857788,0.19
2024-11-19 14:59:07.792,0.133,0.1372341,0.004234106659889214,0.096
2024-11-19 15:09:07.021,0.125,0.14936146,0.024361461400985718,0.127
2024-11-19 15:19:07.845,0.126,0.15632412,0.030324118375778197,0.126
2024-11-19 15:29:06.940,0.095,0.1544192,0.059419198632240294,0.158
2024-11-19 15:39:06.688,0.095,0.13771226,0.042712255120277404,0.127
2024-11-19 15:49:08.264,0.126,0.14013252,0.014132516622543334,0.126
2024-11-19 15:59:07.324,0.202,0.1573364,-0.04466360104084016,0.095
2024-11-19 16:09:06.993,0.11,0.15145896,0.04145896375179291,0.133
2024-11-19 16:19:07.298,0.144,0.15720035,0.013200351357460033,0.125
2024-11-19 16:29:07.722,0.142,0.15856607,0.01656607258319856,0.126
2024-11-19 16:39:07.141,0.176,0.15998523,-0.01601477062702178,0.095
2024-11-19 16:49:07.403,0.13,0.14690433,0.016904334425926204,0.095
2024-11-19 16:59:07.207,0.13,0.1544926,0.024492601752281185,0.126
2024-11-19 17:09:07.064,0.106,0.15293086,0.0469308557510376,0.202
2024-11-19 17:19:08.151,0.172,0.16669916,-0.005300843834877,0.11
2024-11-19 17:29:10.573,0.148,0.15604454,0.008044542789459236,0.144
2024-11-19 17:39:06.932,0.173,0.16068214,-0.012317858219146716,0.142
2024-11-19 17:49:06.943,0.116,0.15410459,0.038104590415954584,0.176
2024-11-19 17:59:08.154,0.123,0.16926584,0.046265836477279665,0.13
2024-11-19 18:09:07.071,0.122,0.15274401,0.030744010090827945,0.13
2024-11-19 18:19:07.176,0.181,0.15454206,-0.026457941293716425,0.106
2024-11-19 18:29:07.777,0.09,0.14367373,0.05367373287677765,0.172
2024-11-19 18:39:10.468,0.122,0.13305598,0.011055984973907473,0.148
2024-11-19 18:49:06.734,0.09,0.15570849,0.06570849180221558,0.173
2024-11-19 18:59:07.694,0.19,0.13352491,-0.05647509038448334,0.116
2024-11-19 19:09:07.275,0.122,0.13633908,0.014339083313941958,0.123
2024-11-19 19:19:12.806,0.107,0.14740181,0.040401809692382815,0.122
2024-11-19 19:29:07.262,0.089,0.16954722,0.08054721510410309,0.181
2024-11-19 19:39:07.691,0.098,0.12910007,0.031100069403648373,0.09
2024-11-19 19:49:07.720,0.122,0.13635421,0.014354207992553714,0.122
2024-11-19 19:59:08.203,0.142,0.14974983,0.007749830365180982,0.09
2024-11-19 20:09:07.387,0.107,0.16355866,0.056558661937713625,0.19
2024-11-19 20:19:07.067,0.107,0.16004372,0.053043716430664065,0.122
2024-11-19 20:29:07.328,0.139,0.15887341,0.019873409032821643,0.107
2024-11-19 20:39:09.303,0.14,0.15730207,0.017302066683769213,0.089
2024-11-19 20:49:07.097,0.158,0.15576635,-0.002233646988868715,0.098
2024-11-19 20:59:07.633,0.091,0.11865596,0.02765595728158951,0.122
2024-11-19 21:09:07.122,0.115,0.11859949,0.0035994893312454174,0.142
2024-11-19 21:19:06.936,0.116,0.12247121,0.0064712133407592715,0.107
2024-11-19 21:29:07.138,0.15,0.124874786,-0.025125214457511896,0.107
2024-11-19 21:39:08.167,0.083,0.100681305,0.01768130493164062,0.139
2024-11-19 21:49:07.047,0.125,0.09603101,-0.028968989849090576,0.14
2024-11-19 21:59:07.604,0.025,0.113517515,0.08851751536130906,0.158
2024-11-19 22:09:07.730,0.059,0.058687743,-0.00031225720047950434,0.091
2024-11-19 22:19:08.203,0.059,0.067645855,0.008645855247974399,0.115
2024-11-19 22:29:07.501,0.059,0.06812499,0.009124987185001376,0.116
2024-11-19 22:39:09.949,0.025,0.06712114,0.04212114065885544,0.15
2024-11-19 22:49:07.024,0.025,0.058687743,0.03368774279952049,0.083
2024-11-19 22:59:06.934,0.025,0.058633514,0.03363351374864578,0.125
2024-11-19 23:09:07.468,0.059,0.05863875,-0.00036124849319457697,0.025
2024-11-19 23:19:06.960,0.095,0.06229711,-0.03270289048552513,0.059
2024-11-19 23:29:07.220,0.025,0.044085767,0.019085767120122908,0.059
2024-11-19 23:39:26.402,0.061,0.054350678,-0.006649322122335433,0.059
2024-11-19 23:49:08.056,0.025,0.055481747,0.030481746792793273,0.025
2024-11-19 23:59:08.482,0.025,0.052977063,0.0279770627617836,0.025
2024-11-20 00:09:08.147,0.059,0.05446445,-0.004535551756620404,0.025
2024-11-20 00:19:08.337,0.058,0.06419254,0.006192540943622586,0.059
2024-11-20 00:29:08.422,0.024,0.064195424,0.0401954243183136,0.095
2024-11-20 00:39:07.392,0.024,0.054403644,0.030403644055128097,0.025
2024-11-20 00:49:07.017,0.059,0.05482549,-0.004174511522054669,0.061
2024-11-20 00:59:07.245,0.058,0.060747392,0.002747392475605008,0.025
2024-11-20 01:09:07.341,0.093,0.064528115,-0.02847188490629196,0.025
2024-11-20 01:19:07.731,0.024,0.050560787,0.026560787320137023,0.059
2024-11-20 01:29:07.428,0.024,0.054967716,0.030967716336250305,0.058
2024-11-20 01:39:09.672,0.025,0.054898918,0.02989891767501831,0.024
2024-11-20 01:49:08.738,0.058,0.05505333,-0.002946669042110446,0.024
2024-11-20 01:59:08.273,0.059,0.0644383,0.005438298344612125,0.059
2024-11-20 02:09:07.473,0.025,0.06482003,0.03982002884149551,0.058
2024-11-20 02:19:07.266,0.068,0.05520077,-0.012799229502677922,0.093
2024-11-20 02:29:07.100,0.025,0.0527377,0.027737701684236525,0.024
2024-11-20 02:39:12.611,0.103,0.055332538,-0.047667462259531015,0.024
2024-11-20 02:49:08.919,0.059,0.056784473,-0.0022155266404151885,0.025
2024-11-20 02:59:07.444,0.069,0.06419861,-0.004801386833190924,0.058
2024-11-20 03:09:08.195,0.025,0.05482816,0.029828159511089324,0.059
2024-11-20 03:19:09.185,0.058,0.055671673,-0.0023283267319202453,0.025
2024-11-20 03:29:06.783,0.059,0.06511264,0.0061126429438591035,0.068
2024-11-20 03:39:07.200,0.033,0.06518355,0.03218355011940002,0.025
2024-11-20 03:49:07.138,0.025,0.05064996,0.025649959594011305,0.103
2024-11-20 03:59:06.728,0.025,0.05557026,0.030570259690284728,0.059
2024-11-20 04:09:07.676,0.06,0.061768048,0.0017680475115776084,0.069
2024-11-20 04:19:08.233,0.058,0.062375665,0.004375664710998532,0.025
2024-11-20 04:29:07.200,0.094,0.06521584,-0.028784159064292908,0.058
2024-11-20 04:39:07.243,0.024,0.05289843,0.028898429334163665,0.059
2024-11-20 04:49:09.514,0.024,0.055607695,0.03160769513249397,0.033
2024-11-20 04:59:08.184,0.024,0.055607695,0.03160769513249397,0.025
2024-11-20 05:09:08.344,0.058,0.055214945,-0.002785054773092273,0.025
2024-11-20 05:19:07.264,0.058,0.064838946,0.006838945865631101,0.06
2024-11-20 05:29:07.040,0.024,0.064318486,0.04031848555803299,0.058
2024-11-20 05:39:07.797,0.058,0.053450406,-0.004549594402313235,0.094
2024-11-20 05:49:06.869,0.057,0.06490072,0.007900718629360197,0.024
2024-11-20 05:59:06.922,0.108,0.06486421,-0.04313578921556473,0.024
2024-11-20 06:09:08.184,0.098,0.08563112,-0.012368882775306705,0.024
2024-11-20 06:19:06.585,0.068,0.10450034,0.03650033843517303,0.058
2024-11-20 06:29:09.841,0.116,0.08718455,-0.028815451622009283,0.058
2024-11-20 06:39:10.658,0.114,0.12011189,0.006111890137195583,0.024
2024-11-20 06:49:07.659,0.122,0.12800409,0.006004088997840884,0.058
2024-11-20 06:59:07.892,0.154,0.11952917,-0.03447082722187042,0.057
2024-11-20 07:09:07.757,0.147,0.12216386,-0.024836138010025016,0.108
2024-11-20 07:19:07.606,0.115,0.12434588,0.009345876276493068,0.098
2024-11-20 07:29:07.247,0.149,0.13453762,-0.014462377667427057,0.068
2024-11-20 07:39:07.236,0.081,0.1250597,0.04405969405174255,0.116
2024-11-20 07:49:09.250,0.113,0.10882538,-0.004174621880054477,0.114
2024-11-20 07:59:07.335,0.146,0.13519,-0.010810004830360403,0.122
2024-11-20 08:09:07.437,0.113,0.12653436,0.013534357666969296,0.154
2024-11-20 08:19:06.514,0.143,0.1423967,-0.0006032966375350834,0.147
2024-11-20 08:29:08.144,0.157,0.12940028,-0.027599716901779175,0.115
2024-11-20 08:39:06.740,0.141,0.14396389,0.002963888287544264,0.149
2024-11-20 08:49:07.127,0.168,0.14362746,-0.02437253522872926,0.081
2024-11-20 08:59:07.919,0.132,0.1422851,0.01028509366512298,0.113
2024-11-20 09:09:07.768,0.154,0.15014863,-0.003851369857788084,0.146
2024-11-20 09:19:08.625,0.132,0.14303188,0.011031880259513849,0.113
2024-11-20 09:29:09.204,0.132,0.15188307,0.019883065700531,0.143
2024-11-20 09:39:07.605,0.167,0.15189488,-0.015105117678642282,0.157
2024-11-20 09:49:06.723,0.141,0.13957557,-0.0014244291782379015,0.141
2024-11-20 09:59:07.444,0.178,0.1458024,-0.03219760644435882,0.168
2024-11-20 10:09:08.256,0.142,0.1387507,-0.0032492978572845332,0.132
2024-11-20 10:19:06.936,0.174,0.144316,-0.029683997273445117,0.154
2024-11-20 10:29:07.382,0.109,0.14084087,0.03184087312221527,0.132
2024-11-20 10:39:06.933,0.142,0.151681,0.009681005954742444,0.132
2024-11-20 10:49:07.479,0.1,0.14714344,0.04714343845844268,0.167
2024-11-20 10:59:06.932,0.136,0.14656267,0.010562665700912466,0.141
2024-11-20 11:09:06.780,0.166,0.15076709,-0.015232912063598641,0.178
2024-11-20 11:19:07.362,0.161,0.14286846,-0.018131540775299076,0.142
2024-11-20 11:29:16.214,0.165,0.15397307,-0.011026927232742317,0.174
2024-11-20 11:39:10.244,0.106,0.14446798,0.038467979669570926,0.109
2024-11-20 11:49:12.747,0.164,0.14913489,-0.014865110754966743,0.142
2024-11-20 11:59:07.094,0.134,0.14376253,0.009762528896331779,0.1
2024-11-20 12:09:07.833,0.136,0.1504254,0.01442540431022643,0.136
2024-11-20 12:19:11.764,0.121,0.15892158,0.03792158448696137,0.166
2024-11-20 12:29:13.261,0.104,0.14145081,0.03745080745220185,0.161
2024-11-20 12:39:07.339,0.169,0.14790475,-0.021095246315002453,0.165
2024-11-20 12:49:07.528,0.133,0.14659686,0.013596863865852349,0.106
2024-11-20 12:59:07.641,0.126,0.1528961,0.026896106243133544,0.164
2024-11-20 13:09:08.983,0.136,0.13492571,-0.0010742918252945044,0.134
2024-11-20 13:19:09.612,0.144,0.15892763,0.014927634358406078,0.136
2024-11-20 13:29:06.940,0.102,0.14894995,0.04694995093345643,0.121
2024-11-20 13:39:07.560,0.133,0.14678232,0.013782323718070977,0.104
2024-11-20 13:49:06.906,0.101,0.15870756,0.057707559108734124,0.169
2024-11-20 13:59:08.055,0.132,0.14647582,0.014475821733474725,0.133
2024-11-20 14:09:08.967,0.139,0.15746872,0.018468721270561206,0.126
2024-11-20 14:19:07.202,0.107,0.14823732,0.04123731780052185,0.136
2024-11-20 14:29:06.859,0.139,0.15347132,0.01447132086753844,0.144
2024-11-20 14:39:06.709,0.133,0.14643687,0.013436870098114007,0.102
2024-11-20 14:49:07.700,0.174,0.15409765,-0.01990235352516173,0.133
2024-11-20 14:59:08.034,0.134,0.14315496,0.009154963850975029,0.101
2024-11-20 15:09:08.119,0.174,0.15157582,-0.022424181342124927,0.132
2024-11-20 15:19:12.875,0.133,0.14266239,0.009662391066551201,0.139
2024-11-20 15:29:06.613,0.136,0.15452175,0.018521748423576345,0.107
2024-11-20 15:39:10.243,0.142,0.15409434,0.012094338417053235,0.139
2024-11-20 15:49:07.230,0.136,0.14941414,0.01341413700580596,0.133
2024-11-20 15:59:07.509,0.127,0.15824488,0.03124487805366516,0.174
2024-11-20 16:09:08.422,0.118,0.15908542,0.041085422754287726,0.134
2024-11-20 16:19:07.271,0.159,0.1573291,-0.0016709026098251367,0.174
2024-11-20 16:29:08.473,0.161,0.14952591,-0.011474089384078984,0.133
2024-11-20 16:39:07.089,0.117,0.15134661,0.03434660899639129,0.136
2024-11-20 16:49:06.514,0.149,0.15303722,0.004037220239639289,0.142
2024-11-20 16:59:08.618,0.193,0.15578131,-0.037218686223030095,0.136
2024-11-20 17:09:07.251,0.16,0.13686296,-0.023137036561965946,0.127
2024-11-20 17:19:08.284,0.162,0.17932242,0.017322421550750727,0.118
2024-11-20 17:29:07.399,0.128,0.16891335,0.040913349509239194,0.159
2024-11-20 17:39:06.803,0.206,0.17357554,-0.0324244645833969,0.161
2024-11-20 17:49:07.356,0.188,0.15967059,-0.028329408645629883,0.117
2024-11-20 17:59:07.476,0.197,0.17909256,-0.01790744376182557,0.149
2024-11-20 18:09:09.070,0.136,0.16047183,0.024471826791763296,0.193
2024-11-20 18:19:07.676,0.135,0.1713014,0.03630139470100402,0.16
2024-11-20 18:29:07.032,0.163,0.17449115,0.011491152167320245,0.162
2024-11-20 18:39:06.977,0.201,0.17709127,-0.02390872931480409,0.128
2024-11-20 18:49:07.817,0.178,0.16543153,-0.012568470716476432,0.206
2024-11-20 18:59:07.263,0.135,0.16609007,0.031090071201324454,0.188
2024-11-20 19:09:07.371,0.116,0.17142785,0.055427845954895014,0.197
2024-11-20 19:19:07.252,0.115,0.15672125,0.04172124922275543,0.136
2024-11-20 19:29:06.940,0.154,0.15576738,0.001767381191253664,0.135
2024-11-20 19:39:07.171,0.159,0.15775274,-0.0012472625970840479,0.163
2024-11-20 19:49:07.677,0.134,0.14247699,0.008476990818977348,0.201
2024-11-20 19:59:07.684,0.106,0.15251009,0.046510091662406924,0.178
2024-11-20 20:09:06.850,0.169,0.1528668,-0.016133204340934765,0.135
2024-11-20 20:19:13.988,0.158,0.17761418,0.019614182233810423,0.116
2024-11-20 20:29:08.458,0.108,0.17925106,0.0712510598897934,0.115
2024-11-20 20:39:06.735,0.116,0.15562154,0.03962154352664947,0.154
2024-11-20 20:49:06.850,0.108,0.15171209,0.0437120897769928,0.159
2024-11-20 20:59:07.681,0.142,0.15474524,0.012745236039161695,0.134
2024-11-20 21:09:07.454,0.17,0.15228397,-0.01771603345870973,0.106
2024-11-20 21:19:08.499,0.141,0.11995343,-0.021046568810939775,0.169
2024-11-20 21:29:06.924,0.143,0.12678409,-0.016215913772582996,0.158
2024-11-20 21:39:07.304,0.09,0.13182698,0.0418269819021225,0.108
2024-11-20 21:49:06.989,0.097,0.09900118,0.002001176655292508,0.116
2024-11-20 21:59:07.380,0.061,0.055620983,-0.005379016757011412,0.108
2024-11-20 22:09:06.726,0.098,0.06653045,-0.031469548821449284,0.142
2024-11-20 22:19:08.369,0.026,0.055383895,0.029383894592523576,0.17
2024-11-20 22:29:06.709,0.092,0.06038758,-0.03161241841316223,0.141
2024-11-20 22:39:06.797,0.061,0.049542017,-0.011457982718944548,0.143
2024-11-20 22:49:07.617,0.095,0.06661371,-0.028386288583278657,0.09
2024-11-20 22:59:07.632,0.06,0.04926868,-0.010731318444013593,0.097
2024-11-20 23:09:07.244,0.026,0.06429025,0.03829024785757065,0.061
2024-11-20 23:19:06.918,0.035,0.059847828,0.024847828000783917,0.098
2024-11-20 23:29:07.001,0.069,0.05256704,-0.016432961314916616,0.026
2024-11-20 23:39:06.904,0.034,0.05643574,0.02243574148416519,0.092
2024-11-20 23:49:07.103,0.068,0.05258858,-0.015411421686410909,0.061
2024-11-20 23:59:09.122,0.034,0.056371365,0.02237136474251747,0.095
2024-11-21 00:09:07.090,0.034,0.054202978,0.020202977567911146,0.06
2024-11-21 00:19:07.126,0.068,0.053901687,-0.014098312735557561,0.026
2024-11-21 00:29:07.805,0.096,0.059555236,-0.03644476374983788,0.035
2024-11-21 00:39:06.920,0.105,0.049691997,-0.05530800253152847,0.069
2024-11-21 00:49:08.905,0.034,0.056077007,0.022077007204294202,0.034
2024-11-21 00:59:07.458,0.079,0.052662466,-0.02633753427863121,0.068
2024-11-21 01:09:11.012,0.068,0.04956932,-0.018430680066347127,0.034
2024-11-21 01:19:06.370,0.105,0.058450367,-0.0465496326982975,0.034
2024-11-21 01:29:10.274,0.034,0.05636476,0.022364759802818296,0.068
2024-11-21 01:39:10.673,0.07100000000000001,0.05262451,-0.018375491261482246,0.096
2024-11-21 01:49:07.376,0.034,0.05504283,0.02104282936453819,0.105
2024-11-21 01:59:06.796,0.06,0.059594866,-0.0004051341116428353,0.034
2024-11-21 02:09:12.182,0.06,0.065430194,0.005430194139480593,0.079
2024-11-21 02:19:07.832,0.025,0.062625855,0.037625855207443236,0.068
2024-11-21 02:29:06.794,0.054,0.062203303,0.0082033029794693,0.105
2024-11-21 02:39:06.672,0.025,0.054230653,0.02923065274953842,0.034
2024-11-21 02:49:07.110,0.06,0.056589294,-0.0034107057750225045,0.07100000000000001
2024-11-21 02:59:07.410,0.061,0.06465786,0.003657859504222871,0.034
2024-11-21 03:09:11.889,0.034,0.06308541,0.029085407018661497,0.06
2024-11-21 03:19:06.544,0.025,0.051819097,0.026819097250699996,0.06
2024-11-21 03:29:07.609,0.025,0.055254415,0.030254414677619933,0.025
2024-11-21 03:39:06.520,0.06,0.055254415,-0.004745585322380064,0.054
2024-11-21 03:49:06.716,0.097,0.06420424,-0.03279576164484024,0.025
2024-11-21 03:59:07.374,0.025,0.058700316,0.0337003156542778,0.06
2024-11-21 04:09:06.683,0.062,0.05569331,-0.006306690245866775,0.061
2024-11-21 04:19:07.041,0.033,0.05885937,0.02585937064886093,0.034
2024-11-21 04:29:06.991,0.131,0.05346202,-0.07753797894716263,0.025
2024-11-21 04:39:06.727,0.068,0.07127216,0.003272157132625575,0.025
2024-11-21 04:49:07.075,0.095,0.053659666,-0.04134033367037773,0.06
2024-11-21 04:59:06.610,0.033,0.05129622,0.01829621922969818,0.097
2024-11-21 05:09:07.827,0.025,0.050475847,0.025475846976041792,0.025
2024-11-21 05:19:07.384,0.058,0.05528239,-0.00271760839223862,0.062
2024-11-21 05:29:08.172,0.058,0.064838946,0.006838945865631101,0.033
2024-11-21 05:39:07.850,0.025,0.07153322,0.04653321802616119,0.131
2024-11-21 05:49:11.743,0.054,0.062129196,0.008129195779561997,0.068
2024-11-21 05:59:07.018,0.04,0.05985135,0.019851348400115966,0.095
2024-11-21 06:09:08.234,0.109,0.069599174,-0.039400826036930084,0.033
2024-11-21 06:19:06.732,0.131,0.10604125,-0.02495874738693238,0.025
2024-11-21 06:29:07.054,0.097,0.10089607,0.0038960679173469515,0.058
2024-11-21 06:39:08.409,0.097,0.10275947,0.005759473025798795,0.058
2024-11-21 06:49:07.920,0.144,0.10275947,-0.04124052697420119,0.025
2024-11-21 06:59:08.233,0.184,0.12925693,-0.054743066072463986,0.054
2024-11-21 07:09:06.894,0.184,0.12854569,-0.05545431339740753,0.04
2024-11-21 07:19:09.931,0.175,0.13271542,-0.042284581065177906,0.109
2024-11-21 07:29:09.847,0.143,0.14527482,0.00227481794357301,0.131
2024-11-21 07:39:06.700,0.178,0.15713017,-0.020869833111762992,0.097
2024-11-21 07:49:11.393,0.196,0.14489812,-0.05110188341140748,0.097
2024-11-21 07:59:07.348,0.17,0.1701161,0.00011609673500059814,0.144
2024-11-21 08:09:09.143,0.194,0.17863584,-0.015364164352416998,0.184
2024-11-21 08:19:09.773,0.177,0.17003345,-0.006966545104980459,0.184
2024-11-21 08:29:06.838,0.171,0.17602228,0.005022276282310473,0.175
2024-11-21 08:39:06.849,0.184,0.17882599,-0.005174010634422299,0.143
2024-11-21 08:49:09.027,0.13,0.1453051,0.015305097103118892,0.178
2024-11-21 08:59:08.028,0.155,0.15357901,-0.0014209884405136097,0.196
2024-11-21 09:09:09.845,0.119,0.13626382,0.017263817548751836,0.17
2024-11-21 09:19:06.901,0.117,0.15207659,0.0350765870809555,0.194
2024-11-21 09:29:07.215,0.147,0.15154836,0.004548355817794808,0.177
2024-11-21 09:39:06.745,0.115,0.13377659,0.018776590228080745,0.171
2024-11-21 09:49:08.391,0.117,0.15022448,0.03322447705268859,0.184
2024-11-21 09:59:07.435,0.116,0.14834797,0.03234797382354736,0.13
2024-11-21 10:09:07.512,0.115,0.15303735,0.03803735435009002,0.155
2024-11-21 10:19:07.167,0.135,0.14962538,0.014625375866889945,0.119
2024-11-21 10:29:06.780,0.122,0.1436544,0.02165440607070923,0.117
2024-11-21 10:39:07.291,0.114,0.14216058,0.02816057956218719,0.147
2024-11-21 10:49:07.508,0.138,0.1512675,0.013267498731613148,0.115
2024-11-21 10:59:12.095,0.102,0.13881306,0.03681306350231171,0.117
2024-11-21 11:09:07.686,0.13,0.1321992,0.0021991980075836137,0.116
2024-11-21 11:19:06.840,0.122,0.1422834,0.02028339493274689,0.115
2024-11-21 11:29:06.924,0.081,0.1409788,0.05997879827022552,0.135
2024-11-21 11:39:06.947,0.153,0.11861371,-0.03438628751039505,0.122
2024-11-21 11:49:07.340,0.113,0.12665333,0.013653328537940976,0.114
2024-11-21 11:59:08.101,0.162,0.14609648,-0.015903517127037053,0.138
2024-11-21 12:09:08.020,0.065,0.111531,0.04653099685907364,0.102
2024-11-21 12:19:09.131,0.199,0.10808775,-0.09091225171089173,0.13
2024-11-21 12:29:07.334,0.169,0.18388276,0.014882758021354664,0.122
2024-11-21 12:39:06.796,0.176,0.19635288,0.02035288417339326,0.081
2024-11-21 12:49:07.137,0.156,0.1935729,0.03757289373874664,0.153
2024-11-21 12:59:07.121,0.227,0.20533592,-0.021664084911346443,0.113
2024-11-21 13:09:08.633,0.187,0.19123949,0.004239491105079651,0.162
2024-11-21 13:19:06.776,0.163,0.20610234,0.04310234141349792,0.065
2024-11-21 13:29:06.628,0.194,0.20737223,0.01337223327159881,0.199
2024-11-21 13:39:07.515,0.196,0.20224224,0.0062422403097152634,0.169
2024-11-21 13:49:06.944,0.156,0.20362514,0.0476251425743103,0.176
2024-11-21 13:59:09.067,0.127,0.2043242,0.07732420074939728,0.156
2024-11-21 14:09:08.136,0.126,0.15147531,0.025475310325622558,0.227
2024-11-21 14:19:06.651,0.094,0.14885773,0.0548577276468277,0.187
2024-11-21 14:29:06.827,0.125,0.1347146,0.009714603424072266,0.163
2024-11-21 14:39:06.810,0.102,0.14687306,0.04487305688858033,0.194
2024-11-21 14:49:07.182,0.199,0.14216462,-0.05683538222312928,0.196
2024-11-21 14:59:07.333,0.094,0.13255115,0.038551148533821106,0.156
2024-11-21 15:09:06.736,0.155,0.13498159,-0.020018412470817565,0.127
2024-11-21 15:19:07.067,0.125,0.1347659,0.00976589322090149,0.126
2024-11-21 15:29:07.532,0.111,0.14927366,0.038273663759231566,0.094
2024-11-21 15:39:07.503,0.1,0.14582933,0.045829334855079645,0.125
2024-11-21 15:49:06.882,0.12,0.13100965,0.011009653210639958,0.102
2024-11-21 15:59:07.913,0.129,0.14017256,0.0111725560426712,0.199
2024-11-21 16:09:07.914,0.095,0.15592586,0.06092585504055023,0.094
2024-11-21 16:19:07.145,0.123,0.1399356,0.01693559777736664,0.155
2024-11-21 16:29:07.053,0.161,0.15166423,-0.009335772752761845,0.125
2024-11-21 16:39:07.377,0.167,0.14469469,-0.02230531406402589,0.111
2024-11-21 16:49:06.830,0.104,0.1413868,0.03738680696487427,0.1
2024-11-21 16:59:08.302,0.105,0.14538248,0.04038247883319855,0.12
2024-11-21 17:09:06.829,0.147,0.1453207,-0.0016793013811111368,0.129
2024-11-21 17:19:07.158,0.141,0.16417727,0.023177268743515028,0.095
2024-11-21 17:29:06.918,0.14,0.17073555,0.030735552906990038,0.123
2024-11-21 17:39:07.265,0.108,0.16753268,0.05953268241882324,0.161
2024-11-21 17:49:07.135,0.122,0.1710092,0.04900919783115387,0.167
2024-11-21 17:59:07.061,0.146,0.1727132,0.026713205218315134,0.104
2024-11-21 18:09:10.615,0.138,0.16525118,0.02725118052959441,0.105
2024-11-21 18:19:06.723,0.139,0.17154846,0.03254845595359801,0.147
2024-11-21 18:29:10.733,0.106,0.16860007,0.06260006749629975,0.141
2024-11-21 18:39:07.121,0.114,0.16602698,0.05202697968482971,0.14
2024-11-21 18:49:07.175,0.106,0.17133297,0.0653329702615738,0.108
2024-11-21 18:59:07.630,0.146,0.16692075,0.020920751333236703,0.122
2024-11-21 19:09:07.099,0.106,0.15763405,0.05163404965400696,0.146
2024-11-21 19:19:06.991,0.147,0.1607006,0.013700604319572457,0.138
2024-11-21 19:29:07.333,0.107,0.15502554,0.04802554178237915,0.139
2024-11-21 19:39:07.157,0.139,0.1674356,0.028435601353645312,0.106
2024-11-21 19:49:07.630,0.156,0.16878924,0.01278923773765564,0.114
2024-11-21 19:59:06.534,0.139,0.1577519,0.018751902937889087,0.106
2024-11-21 20:09:06.605,0.106,0.16601054,0.0600105437040329,0.146
2024-11-21 20:19:06.976,0.106,0.16111363,0.05511363470554352,0.106
2024-11-21 20:29:11.663,0.139,0.16237313,0.02337312555313109,0.147
2024-11-21 20:39:09.307,0.139,0.16561858,0.026618583559989917,0.107
2024-11-21 20:49:07.531,0.14,0.16378994,0.02378994286060332,0.139
2024-11-21 20:59:07.864,0.107,0.16072047,0.05372046756744385,0.156
2024-11-21 21:09:08.420,0.096,0.16566218,0.06966218435764313,0.139
2024-11-21 21:19:07.167,0.112,0.1286903,0.016690302371978757,0.106
2024-11-21 21:29:08.790,0.099,0.12855011,0.029550112247467036,0.106
2024-11-21 21:39:09.323,0.059,0.107362315,0.048362315058708194,0.139
2024-11-21 21:49:06.792,0.025,0.05867848,0.033678481727838515,0.139
2024-11-21 21:59:06.853,0.033,0.057107463,0.02410746347904205,0.14
2024-11-21 22:09:06.996,0.033,0.056257192,0.02325719204545021,0.107
2024-11-21 22:19:06.760,0.058,0.057181332,-0.0008186677396297484,0.096
2024-11-21 22:29:06.983,0.093,0.066134855,-0.026865144848823547,0.112
2024-11-21 22:39:06.863,0.068,0.050953723,-0.017046276509761815,0.099
2024-11-21 22:49:09.138,0.06,0.05482669,-0.005173308253288267,0.059
2024-11-21 22:59:07.280,0.025,0.058435686,0.03343568593263626,0.025
2024-11-21 23:09:07.232,0.094,0.053243954,-0.04075604626536369,0.033
2024-11-21 23:19:07.598,0.068,0.044212442,-0.023787558108568196,0.033
2024-11-21 23:29:07.905,0.061,0.05451765,-0.006482350885868071,0.058
2024-11-21 23:39:07.189,0.059,0.05415006,-0.0048499401807785,0.093
2024-11-21 23:49:07.226,0.062,0.058170363,-0.003829636693000793,0.068
2024-11-21 23:59:06.911,0.025,0.055130925,0.03013092502951622,0.06
2024-11-22 00:09:08.369,0.114,0.05339244,-0.060607559919357304,0.025
2024-11-22 00:19:08.288,0.06,0.06702387,0.0070238733291626,0.094
2024-11-22 00:29:06.629,0.098,0.064035684,-0.03396431612968445,0.068
2024-11-22 00:39:16.756,0.025,0.062325235,0.037325235456228255,0.061
2024-11-22 00:49:06.649,0.025,0.054715075,0.029715074598789214,0.059
2024-11-22 00:59:07.338,0.035,0.055794455,0.02079445511102676,0.062
2024-11-22 01:09:08.224,0.06,0.05371735,-0.006282651275396345,0.025
2024-11-22 01:19:06.839,0.061,0.06370665,0.002706651329994203,0.114
2024-11-22 01:29:06.984,0.061,0.06197551,0.0009755089282989515,0.06
2024-11-22 01:39:06.946,0.034,0.06471738,0.030717382192611692,0.098
2024-11-22 01:49:07.468,0.025,0.053756475,0.028756475448608397,0.025
2024-11-22 01:59:07.011,0.025,0.054170925,0.02917092517018318,0.025
2024-11-22 02:09:08.482,0.059,0.05502883,-0.003971170276403424,0.035
2024-11-22 02:19:06.725,0.096,0.06436993,-0.03163006818294525,0.06
2024-11-22 02:29:06.802,0.059,0.04944941,-0.009550589710474011,0.061
2024-11-22 02:39:06.964,0.06,0.061808933,0.001808932572603228,0.061
2024-11-22 02:49:06.655,0.033,0.058015704,0.02501570415496826,0.034
2024-11-22 02:59:07.264,0.095,0.052662805,-0.04233719527721405,0.025
2024-11-22 03:09:07.259,0.059,0.051517412,-0.007482587933540341,0.025
2024-11-22 03:19:06.586,0.059,0.06477642,0.005776420593261722,0.059
2024-11-22 03:29:07.701,0.034,0.062345523,0.028345523387193677,0.096
2024-11-22 03:39:07.023,0.025,0.0528822,0.027882198244333266,0.059
2024-11-22 03:49:07.156,0.053,0.054324713,0.001324712604284288,0.06
2024-11-22 03:59:06.972,0.067,0.05316721,-0.013832790970802311,0.033
2024-11-22 04:09:07.261,0.059,0.059981607,0.0009816069006919892,0.095
2024-11-22 04:19:07.300,0.059,0.06603338,0.007033378243446353,0.059
2024-11-22 04:29:08.073,0.026,0.06351831,0.03751830810308457,0.059
2024-11-22 04:39:06.528,0.025,0.054179814,0.02917981371283531,0.034
2024-11-22 04:49:06.895,0.068,0.054239687,-0.013760313421487813,0.025
2024-11-22 04:59:06.442,0.058,0.05341573,-0.004584269404411319,0.053
2024-11-22 05:09:07.748,0.103,0.06437911,-0.038620889067649836,0.067
2024-11-22 05:19:07.067,0.058,0.05858914,0.0005891418159007997,0.059
2024-11-22 05:29:06.904,0.059,0.06383494,0.004834942877292636,0.059
2024-11-22 05:39:07.460,0.039,0.06442839,0.025428389072418213,0.026
2024-11-22 05:49:06.913,0.096,0.047878686,-0.0481213136613369,0.025
2024-11-22 05:59:07.086,0.101,0.08312486,-0.017875138878822333,0.068
2024-11-22 06:09:07.246,0.108,0.10606192,-0.0019380794763565051,0.058
2024-11-22 06:19:06.920,0.099,0.11229363,0.01329363083839416,0.103
2024-11-22 06:29:07.103,0.1,0.10345075,0.0034507527947425787,0.058
2024-11-22 06:39:06.573,0.142,0.105005264,-0.036994735717773425,0.059
2024-11-22 06:49:07.102,0.108,0.09686608,-0.011133921325206755,0.039
2024-11-22 06:59:06.532,0.132,0.10397989,-0.02802010697126389,0.096
2024-11-22 07:09:06.811,0.098,0.11040552,0.012405519604682919,0.101
2024-11-22 07:19:06.747,0.082,0.12191464,0.03991464006900787,0.108
2024-11-22 07:29:07.053,0.147,0.11710729,-0.029892712950706474,0.099
2024-11-22 07:39:07.225,0.113,0.13131814,0.018318137049674985,0.1
2024-11-22 07:49:07.707,0.144,0.14549486,0.0014948633909225573,0.142
2024-11-22 07:59:06.810,0.112,0.13072272,0.01872271645069122,0.108
2024-11-22 08:09:07.030,0.162,0.14732075,-0.014679252624511724,0.132
2024-11-22 08:19:07.040,0.113,0.13568649,0.022686486959457394,0.098
2024-11-22 08:29:06.726,0.113,0.14728597,0.03428596806526184,0.082
2024-11-22 08:39:09.054,0.145,0.1474537,0.0024536955356598,0.147
2024-11-22 08:49:08.643,0.138,0.13286692,-0.00513308095932008,0.113
2024-11-22 08:59:07.496,0.144,0.14240111,-0.0015988858938217054,0.144
2024-11-22 09:09:11.831,0.121,0.13246068,0.01146068358421326,0.112
2024-11-22 09:19:07.598,0.113,0.13995685,0.02695684683322906,0.162
2024-11-22 09:29:07.405,0.112,0.14390938,0.03190937983989715,0.113
2024-11-22 09:39:07.235,0.112,0.14750245,0.03550245213508606,0.113
2024-11-22 09:49:08.614,0.12,0.14655337,0.02655336737632752,0.145
2024-11-22 09:59:06.734,0.129,0.13974696,0.010746963977813717,0.138
2024-11-22 10:09:10.543,0.147,0.13936736,-0.00763264310359954,0.144
2024-11-22 10:19:07.853,0.113,0.1274161,0.014416104078292843,0.121
2024-11-22 10:29:08.293,0.153,0.14609525,-0.006904753923416135,0.113
2024-11-22 10:39:11.415,0.089,0.12629552,0.03729552185535431,0.112
2024-11-22 10:49:07.406,0.142,0.12097717,-0.021022829234600054,0.112
2024-11-22 10:59:07.439,0.112,0.12883893,0.016838926553726194,0.12
2024-11-22 11:09:08.179,0.081,0.14459936,0.06359936320781708,0.129
2024-11-22 11:19:10.329,0.111,0.11743206,0.006432057857513426,0.147
2024-11-22 11:29:10.387,0.112,0.14573967,0.03373967456817627,0.113
2024-11-22 11:39:07.693,0.112,0.14257066,0.03057065951824188,0.153
2024-11-22 11:49:08.790,0.127,0.14071997,0.01371996510028839,0.089
2024-11-22 11:59:07.237,0.158,0.16053031,0.002530313849449156,0.142
2024-11-22 12:09:07.559,0.078,0.13879001,0.060790011405944824,0.112
2024-11-22 12:19:07.009,0.141,0.11639891,-0.024601091802120195,0.081
2024-11-22 12:29:06.876,0.11,0.12460618,0.0146061772108078,0.111
2024-11-22 12:39:06.528,0.11,0.14181356,0.03181356132030487,0.112
2024-11-22 12:49:08.324,0.126,0.14177783,0.015777828335762023,0.112
2024-11-22 12:59:06.701,0.129,0.15912211,0.03012210941314697,0.127
2024-11-22 13:09:07.612,0.096,0.15795001,0.0619500138759613,0.158
2024-11-22 13:19:08.993,0.128,0.14101303,0.01301302623748779,0.078
2024-11-22 13:29:07.084,0.128,0.15919107,0.031191071987152097,0.141
2024-11-22 13:39:06.925,0.097,0.15665793,0.05965793418884277,0.11
2024-11-22 13:49:07.242,0.127,0.14821762,0.021217618465423582,0.11
2024-11-22 13:59:12.955,0.128,0.1560297,0.028029701232910154,0.126
2024-11-22 14:09:07.207,0.159,0.1560332,-0.002966796994209292,0.129
2024-11-22 14:19:08.671,0.096,0.13836607,0.042366073369979856,0.096
2024-11-22 14:29:07.819,0.189,0.13839628,-0.050603721976280214,0.128
2024-11-22 14:39:07.236,0.137,0.14337522,0.006375217914581288,0.128
2024-11-22 14:49:06.849,0.189,0.14997216,-0.039027844309806825,0.097
2024-11-22 14:59:06.781,0.106,0.14326815,0.037268153071403506,0.127
2024-11-22 15:09:06.934,0.167,0.15056641,-0.01643358600139619,0.128
2024-11-22 15:19:07.286,0.128,0.14356063,0.015560633063316343,0.159
2024-11-22 15:29:06.872,0.153,0.15655087,0.003550869345664981,0.096
2024-11-22 15:39:07.356,0.126,0.15144512,0.025445120573043822,0.189
2024-11-22 15:49:07.149,0.143,0.15950343,0.016503430128097546,0.137
2024-11-22 15:59:08.385,0.113,0.1255211,0.01252109360694885,0.189
2024-11-22 16:09:07.235,0.12,0.14233163,0.022331629991531377,0.106
2024-11-22 16:19:06.730,0.142,0.13649967,-0.005500326871871936,0.167
2024-11-22 16:29:06.786,0.144,0.13150974,-0.012490263819694508,0.128
2024-11-22 16:39:08.041,0.113,0.12620637,0.013206368207931515,0.153
2024-11-22 16:49:07.286,0.081,0.14183246,0.06083245599269867,0.126
2024-11-22 16:59:07.271,0.081,0.11440161,0.03340160870552063,0.143
2024-11-22 17:09:07.391,0.122,0.115650505,-0.006349495172500608,0.113
2024-11-22 17:19:07.660,0.132,0.1581252,0.026125206828117364,0.12
2024-11-22 17:29:07.559,0.093,0.14785342,0.054853419184684754,0.142
2024-11-22 17:39:07.231,0.091,0.14400595,0.053005954265594485,0.144
2024-11-22 17:49:07.414,0.139,0.13465282,-0.004347176790237439,0.113
2024-11-22 17:59:07.211,0.164,0.17800033,0.014000330924987786,0.081
2024-11-22 18:09:07.191,0.114,0.17099728,0.05699727690219879,0.081
2024-11-22 18:19:08.477,0.106,0.16931657,0.06331657493114472,0.122
2024-11-22 18:29:07.088,0.106,0.16525403,0.05925402665138245,0.132
2024-11-22 18:39:07.636,0.106,0.16524394,0.059243938565254214,0.093
2024-11-22 18:49:06.483,0.138,0.1653938,0.027393799543380726,0.091
2024-11-22 18:59:08.037,0.139,0.17146648,0.032466484665870654,0.139
2024-11-22 19:09:06.950,0.106,0.16418843,0.05818842971324921,0.164
2024-11-22 19:19:07.044,0.114,0.16202085,0.04802084720134735,0.114
2024-11-22 19:29:07.846,0.114,0.16697113,0.05297113215923309,0.106
2024-11-22 19:39:07.690,0.137,0.1671492,0.030149201035499562,0.106
2024-11-22 19:49:07.066,0.138,0.16770934,0.029709335684776295,0.106
2024-11-22 19:59:07.436,0.139,0.16910297,0.030102966785430896,0.138
2024-11-22 20:09:06.733,0.108,0.16247095,0.054470951676368715,0.139
2024-11-22 20:19:07.144,0.091,0.16921705,0.07821705007553101,0.106
2024-11-22 20:29:07.021,0.157,0.13013075,-0.02686924707889557,0.114
2024-11-22 20:39:06.721,0.151,0.12869662,-0.022303379535675044,0.114
2024-11-22 20:49:06.730,0.165,0.13752112,-0.027478882074356087,0.137
2024-11-22 20:59:07.576,0.132,0.12352833,-0.008471668481826788,0.138
2024-11-22 21:09:07.468,0.123,0.13266523,0.009665231823921205,0.139
2024-11-22 21:19:09.671,0.08,0.11398038,0.03398038268089294,0.108
2024-11-22 21:29:07.851,0.088,0.097562626,0.00956262600421906,0.091
2024-11-22 21:39:06.715,0.113,0.09917143,-0.013828570127487186,0.157
2024-11-22 21:49:07.467,0.114,0.12466071,0.010660708010196682,0.151
2024-11-22 21:59:07.195,0.123,0.12494544,0.0019454393982887286,0.165
2024-11-22 22:09:07.199,0.025,0.1135986,0.08859860002994538,0.132
2024-11-22 22:19:06.558,0.059,0.058611877,-0.0003881227374076812,0.123
2024-11-22 22:29:07.172,0.025,0.0652735,0.040273500978946684,0.08
2024-11-22 22:39:06.941,0.094,0.05874436,-0.035255640238523483,0.088
2024-11-22 22:49:06.856,0.025,0.04920482,0.02420481890439987,0.113
2024-11-22 22:59:06.877,0.105,0.058633514,-0.046366486251354214,0.114
2024-11-22 23:09:08.954,0.034,0.0552626,0.021262599140405652,0.123
2024-11-22 23:19:06.740,0.025,0.057646718,0.032646717876195906,0.025
2024-11-22 23:29:08.548,0.025,0.053139232,0.028139232099056243,0.059
2024-11-22 23:39:07.109,0.06,0.053262282,-0.006737717837095258,0.025
2024-11-22 23:49:07.672,0.088,0.061386626,-0.02661337378621101,0.094
2024-11-22 23:59:06.890,0.07,0.04197494,-0.028025060594081885,0.025
2024-11-23 00:09:06.832,0.025,0.06262865,0.03762864917516708,0.105
2024-11-23 00:19:06.966,0.034,0.053608377,0.019608376532793043,0.034
2024-11-23 00:29:06.470,0.097,0.0522268,-0.04477319952845574,0.025
2024-11-23 00:39:07.037,0.06,0.055894926,-0.004105073809623716,0.025
2024-11-23 00:49:06.723,0.108,0.060427528,-0.04757247212529182,0.06
2024-11-23 00:59:07.331,0.025,0.06543028,0.04043028354644775,0.088
2024-11-23 01:09:06.873,0.035,0.053654145,0.018654145449399945,0.07
2024-11-23 01:19:07.881,0.025,0.052336253,0.027336253225803374,0.025
2024-11-23 01:29:06.731,0.068,0.053573906,-0.014426093578338628,0.034
2024-11-23 01:39:07.846,0.059,0.059725955,0.0007259551286697419,0.097
2024-11-23 01:49:08.686,0.025,0.06535951,0.04035951048135757,0.06
2024-11-23 01:59:06.856,0.025,0.061412696,0.03641269579529762,0.108
2024-11-23 02:09:07.104,0.025,0.05440884,0.02940884083509445,0.025
2024-11-23 02:19:06.807,0.06,0.05505364,-0.0049463598430156686,0.035
2024-11-23 02:29:06.980,0.058,0.058737993,0.0007379932403564424,0.025
2024-11-23 02:39:09.515,0.094,0.06470408,-0.029295917093753815,0.068
2024-11-23 02:49:07.003,0.059,0.049632046,-0.009367953628301617,0.059
2024-11-23 02:59:07.650,0.033,0.061990935,0.02899093535542488,0.025
2024-11-23 03:09:07.604,0.059,0.052998696,-0.006001304477453229,0.025
2024-11-23 03:19:07.565,0.061,0.065160796,0.00416079604625702,0.025
2024-11-23 03:29:06.996,0.058,0.052023992,-0.005976008057594302,0.06
2024-11-23 03:39:08.682,0.059,0.065163165,0.006163165330886844,0.058
2024-11-23 03:49:07.166,0.094,0.06458095,-0.029419052839279175,0.094
2024-11-23 03:59:07.795,0.025,0.051344346,0.02634434625506401,0.059
2024-11-23 04:09:06.869,0.06,0.054155163,-0.005844836533069608,0.033
2024-11-23 04:19:08.418,0.025,0.060211774,0.035211773961782454,0.059
2024-11-23 04:29:07.500,0.058,0.055594496,-0.0024055035710334807,0.061
2024-11-23 04:39:07.092,0.058,0.06619446,0.00819445979595184,0.058
2024-11-23 04:49:06.916,0.059,0.056914844,-0.0020851563811302154,0.059
2024-11-23 04:59:12.175,0.025,0.0636255,0.038625499606132506,0.094
2024-11-23 05:09:06.887,0.025,0.056154493,0.03115449324250221,0.025
2024-11-23 05:19:06.803,0.059,0.055064414,-0.003935586303472516,0.06
2024-11-23 05:29:06.960,0.033,0.06208269,0.029082689255475996,0.025
2024-11-23 05:39:08.789,0.094,0.048823234,-0.04517676630616188,0.058
2024-11-23 05:49:06.826,0.067,0.05107568,-0.015924321681261067,0.058
2024-11-23 05:59:07.752,0.08,0.052993905,-0.027006095200777055,0.059
2024-11-23 06:09:08.812,0.038,0.07262571,0.03462571156024933,0.025
2024-11-23 06:19:06.548,0.061,0.0677024,0.006702397704124452,0.025
2024-11-23 06:29:06.922,0.085,0.075950935,-0.009049064517021185,0.059
2024-11-23 06:39:07.428,0.094,0.08370975,-0.010290253400802613,0.033
2024-11-23 06:49:06.851,0.119,0.081140086,-0.037859913945198054,0.094
2024-11-23 06:59:06.806,0.061,0.09098495,0.029984947979450227,0.067
2024-11-23 07:09:06.610,0.085,0.08702609,0.0020260894298553406,0.08
2024-11-23 07:19:07.301,0.061,0.08924489,0.028244887232780458,0.038
2024-11-23 07:29:07.095,0.08600000000000001,0.082987964,-0.003012035846710212,0.061
2024-11-23 07:39:06.997,0.094,0.08824415,-0.0057558524012565615,0.085
2024-11-23 07:49:07.570,0.085,0.094145164,0.00914516389369964,0.094
2024-11-23 07:59:06.968,0.061,0.099780016,0.03878001564741135,0.119
2024-11-23 08:09:06.976,0.134,0.09435725,-0.03964274787902833,0.061
2024-11-23 08:19:07.106,0.102,0.12136153,0.019361531317234046,0.085
2024-11-23 08:29:06.898,0.101,0.117825165,0.016825165390968316,0.061
2024-11-23 08:39:06.738,0.077,0.121551365,0.04455136466026306,0.08600000000000001
2024-11-23 08:49:06.760,0.103,0.10606677,0.0030667708516120967,0.094
2024-11-23 08:59:06.710,0.07100000000000001,0.09655489,0.02555489027500152,0.085
2024-11-23 09:09:07.336,0.07100000000000001,0.09222883,0.02122882986068725,0.061
2024-11-23 09:19:07.439,0.039,0.0927434,0.0537433967590332,0.134
2024-11-23 09:29:06.796,0.126,0.08709929,-0.03890070861577988,0.102
2024-11-23 09:39:07.703,0.103,0.11108698,0.008086979508399969,0.101
2024-11-23 09:49:07.384,0.1,0.12470829,0.024708287417888636,0.077
2024-11-23 09:59:07.001,0.068,0.12445894,0.05645893883705139,0.103
2024-11-23 10:09:06.766,0.139,0.106692396,-0.03230760389566423,0.07100000000000001
2024-11-23 10:19:07.287,0.085,0.114685975,0.029685975015163416,0.07100000000000001
2024-11-23 10:29:06.721,0.135,0.08957403,-0.04542596846818925,0.039
2024-11-23 10:39:10.586,0.07100000000000001,0.115352616,0.044352615714073174,0.126
2024-11-23 10:49:07.195,0.141,0.106882155,-0.03411784505844115,0.103
2024-11-23 10:59:07.469,0.102,0.11720461,0.015204606533050544,0.1
2024-11-23 11:09:06.881,0.141,0.12377371,-0.01722629106044768,0.068
2024-11-23 11:19:06.886,0.068,0.11403343,0.04603343081474304,0.139
2024-11-23 11:29:06.768,0.115,0.10672148,-0.00827851682901383,0.085
2024-11-23 11:39:07.386,0.099,0.12646218,0.027462176442146297,0.135
2024-11-23 11:49:06.868,0.068,0.123737685,0.055737685382366176,0.07100000000000001
2024-11-23 11:59:07.605,0.068,0.108530685,0.04053068530559539,0.141
2024-11-23 12:09:07.115,0.107,0.10678214,-0.00021786165237426547,0.102
2024-11-23 12:19:07.312,0.099,0.12406407,0.025064072966575618,0.141
2024-11-23 12:29:06.992,0.099,0.12169958,0.022699579060077663,0.068
2024-11-23 12:39:08.451,0.098,0.12189818,0.023898181736469265,0.115
2024-11-23 12:49:08.317,0.075,0.11949257,0.044492568075656894,0.099
2024-11-23 12:59:08.532,0.13,0.10501709,-0.024982911646366124,0.068
2024-11-23 13:09:07.272,0.099,0.11238383,0.01338382756710052,0.068
2024-11-23 13:19:07.623,0.099,0.12132785,0.022327847242355342,0.107
2024-11-23 13:29:07.726,0.099,0.12009472,0.021094716548919673,0.099
2024-11-23 13:39:06.782,0.131,0.12620528,-0.004794719576835638,0.099
2024-11-23 13:49:06.942,0.126,0.113244526,-0.012755473911762238,0.098
2024-11-23 13:59:06.620,0.14,0.12218954,-0.017810463309288038,0.075
2024-11-23 14:09:07.048,0.067,0.1128415,0.04584150183200836,0.13
2024-11-23 14:19:06.497,0.099,0.107167155,0.008167154550552364,0.099
2024-11-23 14:29:07.108,0.108,0.12605873,0.018058727502822877,0.099
2024-11-23 14:39:07.736,0.157,0.12458669,-0.03241331350803375,0.099
2024-11-23 14:49:07.833,0.098,0.11099886,0.012998861491680141,0.131
2024-11-23 14:59:07.177,0.108,0.115653716,0.007653716027736665,0.126
2024-11-23 15:09:07.306,0.067,0.122949444,0.05594944375753402,0.14
2024-11-23 15:19:06.886,0.126,0.106153026,-0.019846973776817323,0.067
2024-11-23 15:29:07.622,0.1,0.11796906,0.017969058454036707,0.099
2024-11-23 15:39:07.223,0.099,0.12454304,0.025543040990829463,0.108
2024-11-23 15:49:07.560,0.076,0.12445048,0.048450482428073885,0.157
2024-11-23 15:59:06.577,0.1,0.10537512,0.005375118553638453,0.098
2024-11-23 16:09:07.188,0.099,0.12532188,0.0263218799829483,0.108
2024-11-23 16:19:07.356,0.132,0.124597274,-0.00740272623300553,0.067
2024-11-23 16:29:06.882,0.1,0.1112538,0.011253798007965082,0.126
2024-11-23 16:39:07.502,0.109,0.12076719,0.011767191052436829,0.1
2024-11-23 16:49:06.667,0.068,0.12005708,0.05205708366632461,0.099
2024-11-23 16:59:06.940,0.112,0.1000787,-0.011921298027038577,0.076
2024-11-23 17:09:07.922,0.079,0.0881092,0.009109202682971954,0.1
2024-11-23 17:19:06.710,0.113,0.08380028,-0.029199721395969394,0.099
2024-11-23 17:29:09.008,0.038,0.08715865,0.049158650159835816,0.132
2024-11-23 17:39:08.127,0.07100000000000001,0.08017286,0.009172859132289879,0.1
2024-11-23 17:49:07.144,0.046,0.09001873,0.04401872688531876,0.109
2024-11-23 17:59:06.903,0.091,0.07912344,-0.01187656259536743,0.068
2024-11-23 18:09:06.915,0.057,0.05650134,-0.0004986598789691946,0.112
2024-11-23 18:19:07.481,0.058,0.07619323,0.01819322836399078,0.079
2024-11-23 18:29:06.607,0.057,0.076620236,0.01962023603916168,0.113
2024-11-23 18:39:06.591,0.058,0.07462552,0.01662552189826965,0.038
2024-11-23 18:49:07.112,0.057,0.07399444,0.01699444282054901,0.07100000000000001
2024-11-23 18:59:07.554,0.091,0.06869199,-0.022308008730411527,0.046
2024-11-23 19:09:06.794,0.067,0.041773506,-0.025226494491100315,0.091
2024-11-23 19:19:07.482,0.059,0.05047915,-0.008520848691463467,0.057
2024-11-23 19:29:07.320,0.024,0.055206753,0.031206753313541412,0.058
2024-11-23 19:39:06.661,0.091,0.055309962,-0.0356900375187397,0.057
2024-11-23 19:49:06.482,0.057,0.04194286,-0.015057139068841936,0.058
2024-11-23 19:59:07.757,0.091,0.06346307,-0.027536930501461027,0.057
2024-11-23 20:09:09.470,0.057,0.04032142,-0.01667857912182808,0.091
2024-11-23 20:19:06.861,0.024,0.06331988,0.03931987679004669,0.067
2024-11-23 20:29:06.671,0.024,0.053991117,0.02999111658334732,0.059
2024-11-23 20:39:06.733,0.024,0.054304957,0.030304957389831542,0.024
2024-11-23 20:49:06.490,0.057,0.054450642,-0.002549357682466509,0.091
2024-11-23 20:59:06.338,0.057,0.06307623,0.006076227903366087,0.057
2024-11-23 21:09:06.946,0.024,0.06960657,0.04560657238960266,0.091
2024-11-23 21:19:07.877,0.025,0.053321555,0.028321555256843566,0.057
2024-11-23 21:29:08.704,0.033,0.052996356,0.019996356040239333,0.024
2024-11-23 21:39:06.503,0.058,0.05139825,-0.006601748794317248,0.024
2024-11-23 21:49:06.952,0.067,0.0609611,-0.006038898795843128,0.024
2024-11-23 21:59:06.975,0.059,0.049037527,-0.009962472707033154,0.057
2024-11-23 22:09:06.885,0.06,0.060429428,0.00042942777276039346,0.057
2024-11-23 22:19:06.837,0.025,0.056988817,0.03198881670832634,0.024
2024-11-23 22:29:07.241,0.06,0.05174453,-0.008255468159914015,0.025
2024-11-23 22:39:06.824,0.025,0.054139152,0.0291391521692276,0.033
2024-11-23 22:49:07.266,0.095,0.051756307,-0.04324369251728058,0.058
2024-11-23 22:59:07.497,0.068,0.042477254,-0.025522746175527578,0.067
2024-11-23 23:09:07.113,0.06,0.04887703,-0.01112296938896179,0.059
2024-11-23 23:19:07.134,0.034,0.054093286,0.020093286395072935,0.06
2024-11-23 23:29:07.972,0.025,0.051093824,0.026093824207782744,0.025
2024-11-23 23:39:06.599,0.067,0.05174453,-0.01525546815991402,0.06
2024-11-23 23:49:09.882,0.058,0.048826464,-0.009173536479473117,0.025
2024-11-23 23:59:06.752,0.059,0.060914002,0.0019140023589134247,0.095
2024-11-24 00:09:07.450,0.025,0.06114434,0.03614434078335762,0.068
2024-11-24 00:19:06.982,0.053,0.058542024,0.005542024344205858,0.06
2024-11-24 00:29:07.623,0.034,0.051016636,0.017016636192798612,0.034
2024-11-24 00:39:07.017,0.06,0.052133452,-0.00786654785275459,0.025
2024-11-24 00:49:06.592,0.06,0.06383003,0.0038300329446792625,0.067
2024-11-24 00:59:08.096,0.098,0.060168523,-0.03783147665858269,0.058
2024-11-24 01:09:07.386,0.034,0.05613036,0.022130360811948774,0.059
2024-11-24 01:19:06.892,0.063,0.04728729,-0.015712710946798325,0.025
2024-11-24 01:29:06.564,0.059,0.05768281,-0.0013171915113925903,0.053
2024-11-24 01:39:06.670,0.104,0.06396899,-0.04003100627660751,0.034
2024-11-24 01:49:06.863,0.06,0.055981833,-0.004018166512250898,0.06
2024-11-24 01:59:06.979,0.061,0.059794035,-0.0012059651911258684,0.06
2024-11-24 02:09:07.013,0.053,0.058103554,0.005103553950786592,0.098
2024-11-24 02:19:07.782,0.025,0.051437687,0.02643768712878227,0.034
2024-11-24 02:29:06.574,0.068,0.054405533,-0.013594467222690587,0.063
2024-11-24 02:39:10.072,0.06,0.059678707,-0.00032129272818565147,0.059
2024-11-24 02:49:06.969,0.025,0.06808055,0.04308055192232132,0.104
2024-11-24 02:59:07.183,0.06,0.06047214,0.0004721382260322593,0.06
2024-11-24 03:09:08.412,0.025,0.067985125,0.04298512488603592,0.061
2024-11-24 03:19:08.444,0.068,0.055522867,-0.012477133452892308,0.053
2024-11-24 03:29:06.879,0.06,0.06010337,0.00010337173938751443,0.025
2024-11-24 03:39:07.399,0.06,0.06512784,0.005127842128276827,0.068
2024-11-24 03:49:07.261,0.025,0.061579376,0.0365793764591217,0.06
2024-11-24 03:59:06.906,0.025,0.054161027,0.029161027073860167,0.025
2024-11-24 04:09:06.628,0.08,0.05416758,-0.02583242014050484,0.06
2024-11-24 04:19:07.227,0.059,0.050943226,-0.008056774377822873,0.025
2024-11-24 04:29:07.498,0.106,0.064720385,-0.04127961522340774,0.068
2024-11-24 04:39:06.823,0.06,0.06005326,5.325913429260476e-05,0.06
2024-11-24 04:49:07.010,0.062,0.061088797,-0.0009112032949924465,0.06
2024-11-24 04:59:07.282,0.034,0.058418665,0.024418665081262586,0.025
2024-11-24 05:09:07.216,0.025,0.052606747,0.027606746554374693,0.025
2024-11-24 05:19:07.084,0.059,0.053737987,-0.005262013167142865,0.08
2024-11-24 05:29:12.462,0.06,0.06437791,0.004377911388874056,0.059
2024-11-24 05:39:09.696,0.06,0.06755941,0.007559413611888888,0.106
2024-11-24 05:49:07.393,0.034,0.06739846,0.03339845871925354,0.06
2024-11-24 05:59:08.962,0.025,0.059421025,0.034421025216579436,0.062
2024-11-24 06:09:07.742,0.025,0.05808805,0.03308804929256439,0.034
2024-11-24 06:19:07.141,0.059,0.057457916,-0.0015420835614204376,0.025
2024-11-24 06:29:08.709,0.059,0.068103164,0.009103164434432987,0.059
2024-11-24 06:39:06.917,0.119,0.0667615,-0.05223849886655807,0.06
2024-11-24 06:49:07.324,0.025,0.07465745,0.04965744763612747,0.06
2024-11-24 06:59:07.659,0.06,0.056689624,-0.0033103762567043282,0.034
2024-11-24 07:09:09.977,0.025,0.06662983,0.04162982702255249,0.025
2024-11-24 07:19:06.749,0.058,0.05929751,0.001297509491443631,0.025
2024-11-24 07:29:06.806,0.067,0.070343286,0.0033432857990264853,0.059
2024-11-24 07:39:10.282,0.058,0.064599104,0.006599104225635526,0.059
2024-11-24 07:49:09.321,0.093,0.07534855,-0.017651451408863067,0.119
2024-11-24 07:59:07.091,0.058,0.060796168,0.00279616770148277,0.025
2024-11-24 08:09:06.711,0.093,0.07226796,-0.020732042968273162,0.06
2024-11-24 08:19:06.925,0.067,0.06318887,-0.0038111267685890238,0.025
2024-11-24 08:29:06.797,0.057,0.06782532,0.010825317382812498,0.058
2024-11-24 08:39:09.327,0.06,0.07323327,0.013233269155025484,0.067
2024-11-24 08:49:08.535,0.066,0.06481691,-0.0011830929517746003,0.058
2024-11-24 08:59:07.297,0.058,0.065047435,0.00704743546247482,0.093
2024-11-24 09:09:07.837,0.024,0.06627849,0.04227848744392395,0.058
2024-11-24 09:19:08.903,0.09,0.069411874,-0.02058812618255615,0.093
2024-11-24 09:29:07.380,0.066,0.059296343,-0.006703656524419788,0.067
2024-11-24 09:39:07.708,0.024,0.06313124,0.039131242990493774,0.057
2024-11-24 09:49:06.778,0.056,0.06251728,0.006517277896404265,0.06
2024-11-24 09:59:10.710,0.057,0.07324477,0.01624477285146713,0.066
2024-11-24 10:09:11.106,0.057,0.072697274,0.01569727438688278,0.058
2024-11-24 10:19:07.941,0.024,0.06729031,0.04329031354188919,0.024
2024-11-24 10:29:06.876,0.089,0.06372264,-0.025277359724044796,0.09
2024-11-24 10:39:09.168,0.065,0.05665942,-0.008340580910444262,0.066
2024-11-24 10:49:06.992,0.056,0.0611429,0.005142899096012114,0.024
2024-11-24 10:59:06.682,0.064,0.07086918,0.006869177579879759,0.056
2024-11-24 11:09:06.992,0.056,0.06290865,0.006908649444580077,0.057
2024-11-24 11:19:07.756,0.032,0.07111852,0.03911851871013641,0.057
2024-11-24 11:29:07.098,0.056,0.062376536,0.006376536428928374,0.024
2024-11-24 11:39:09.663,0.055,0.068100475,0.013100474774837494,0.089
2024-11-24 11:49:07.567,0.024,0.07360865,0.049608651757240295,0.065
2024-11-24 11:59:06.898,0.088,0.0633005,-0.024699502170085902,0.056
2024-11-24 12:09:07.871,0.055,0.05646947,0.0014694702625274655,0.064
2024-11-24 12:19:06.952,0.088,0.07251903,-0.015480973303318019,0.056
2024-11-24 12:29:06.970,0.024,0.05483277,0.03083277142047882,0.032
2024-11-24 12:39:07.213,0.055,0.06167332,0.006673320829868316,0.056
2024-11-24 12:49:07.983,0.065,0.06664586,0.001645860671997068,0.055
2024-11-24 12:59:07.631,0.024,0.062157616,0.03815761601924896,0.024
2024-11-24 13:09:06.932,0.055,0.062590554,0.007590554356575012,0.088
2024-11-24 13:19:06.994,0.024,0.07198166,0.04798166102170944,0.055
2024-11-24 13:29:06.930,0.056,0.07020467,0.01420466774702072,0.088
2024-11-24 13:39:07.687,0.056,0.064803205,0.008803205430507659,0.024
2024-11-24 13:49:07.591,0.088,0.07190664,-0.01609335887432098,0.055
2024-11-24 13:59:06.520,0.032,0.05663288,0.024632880121469497,0.065
2024-11-24 14:09:06.927,0.056,0.061140742,0.005140742152929305,0.024
2024-11-24 14:19:07.308,0.064,0.07236094,0.008360940277576445,0.055
2024-11-24 14:29:07.675,0.024,0.05970977,0.03570976874232292,0.024
2024-11-24 14:39:06.639,0.089,0.061995976,-0.027004024326801296,0.056
2024-11-24 14:49:10.613,0.061,0.055166714,-0.005833286106586455,0.056
2024-11-24 14:59:06.825,0.089,0.063526414,-0.02547358566522598,0.088
2024-11-24 15:09:08.976,0.024,0.053051144,0.029051143884658813,0.032
2024-11-24 15:19:06.442,0.096,0.061670117,-0.03432988291978836,0.056
2024-11-24 15:29:08.931,0.056,0.05717524,0.0011752414107322681,0.064
2024-11-24 15:39:09.642,0.024,0.06698005,0.04298004901409149,0.024
2024-11-24 15:49:07.696,0.032,0.062847994,0.03084799426794052,0.089
2024-11-24 15:59:06.598,0.024,0.059057288,0.035057287871837615,0.061
2024-11-24 16:09:06.660,0.065,0.06975732,0.004757319986820219,0.089
2024-11-24 16:19:10.438,0.056,0.059922617,0.0039226169288158405,0.024
2024-11-24 16:29:07.750,0.056,0.070524774,0.014524774491786956,0.096
2024-11-24 16:39:08.273,0.056,0.06838076,0.01238075816631317,0.056
2024-11-24 16:49:08.499,0.113,0.070815615,-0.04218438464403153,0.024
2024-11-24 16:59:07.159,0.024,0.07164893,0.04764893299341202,0.032
2024-11-24 17:09:06.604,0.056,0.059591338,0.003591338038444518,0.024
2024-11-24 17:19:07.579,0.064,0.07140248,0.00740248268842697,0.065
2024-11-24 17:29:07.435,0.056,0.060726162,0.004726162046194075,0.056
2024-11-24 17:39:07.125,0.032,0.06795444,0.035954443395137786,0.056
2024-11-24 17:49:07.842,0.024,0.0622907,0.038290698289871215,0.056
2024-11-24 17:59:06.650,0.064,0.07019399,0.006193991065025328,0.113
2024-11-24 18:09:07.779,0.056,0.060610015,0.00461001494526863,0.024
2024-11-24 18:19:06.859,0.032,0.06779897,0.03579897212982178,0.056
2024-11-24 18:29:07.992,0.024,0.06194138,0.03794138154387474,0.064
2024-11-24 18:39:06.652,0.064,0.061005305,-0.0029946945011615766,0.056
2024-11-24 18:49:06.974,0.056,0.05995139,0.00395139107108116,0.032
2024-11-24 18:59:09.250,0.097,0.06787731,-0.02912269246578217,0.024
2024-11-24 19:09:07.302,0.024,0.054203913,0.03020391261577606,0.064
2024-11-24 19:19:07.068,0.064,0.05530939,-0.008690611213445665,0.056
2024-11-24 19:29:06.859,0.064,0.049380027,-0.014619973242282869,0.032
2024-11-24 19:39:06.527,0.096,0.05189428,-0.04410571894049645,0.024
2024-11-24 19:49:07.194,0.069,0.047294002,-0.021705997973680502,0.064
2024-11-24 19:59:07.250,0.065,0.05776637,-0.007233629524707796,0.056
2024-11-24 20:09:06.659,0.024,0.050658993,0.026658993422985076,0.097
2024-11-24 20:19:07.123,0.088,0.052875757,-0.03512424278259277,0.024
2024-11-24 20:29:06.961,0.056,0.04261097,-0.013389030605554582,0.064
2024-11-24 20:39:06.804,0.056,0.06434902,0.008349018037319182,0.064
2024-11-24 20:49:07.635,0.057,0.06649776,0.009497758030891416,0.096
2024-11-24 20:59:07.353,0.056,0.06439073,0.008390726387500762,0.069
2024-11-24 21:09:09.729,0.056,0.06638281,0.010382810473442076,0.065
2024-11-24 21:19:08.704,0.089,0.06291743,-0.026082566320896144,0.024
2024-11-24 21:29:06.994,0.065,0.041049547,-0.023950452506542208,0.088
2024-11-24 21:39:09.294,0.057,0.04755685,-0.009443148940801623,0.056
2024-11-24 21:49:07.434,0.024,0.056672473,0.03267247250676155,0.056
2024-11-24 21:59:07.791,0.09,0.052819513,-0.03718048721551895,0.057
2024-11-24 22:09:07.112,0.057,0.039458964,-0.017541035979986193,0.056
2024-11-24 22:19:07.328,0.091,0.06307742,-0.0279225800037384,0.056
2024-11-24 22:29:10.531,0.024,0.040700622,0.016700621902942657,0.089
2024-11-24 22:39:07.470,0.066,0.05436414,-0.011635858923196796,0.065
2024-11-24 22:49:09.442,0.057,0.046910815,-0.01008918505907059,0.057
2024-11-24 22:59:07.115,0.1,0.062082388,-0.03791761249303818,0.024
2024-11-24 23:09:07.249,0.058,0.050111692,-0.007888307601213458,0.09
2024-11-24 23:19:07.336,0.058,0.06277895,0.004778949737548825,0.057
2024-11-24 23:29:06.523,0.024,0.06823747,0.04423746860027313,0.091
2024-11-24 23:39:07.070,0.057,0.05229424,-0.00470576059818268,0.024
2024-11-24 23:49:06.828,0.066,0.06255798,-0.003442019581794742,0.066
2024-11-24 23:59:07.326,0.057,0.049571365,-0.007428634881973269,0.057
2024-11-25 00:09:06.708,0.033,0.07301023,0.04001022857427597,0.1
2024-11-25 00:19:07.248,0.024,0.05565821,0.031658210068941116,0.058
2024-11-25 00:29:10.980,0.024,0.056580298,0.03258029764890671,0.058
2024-11-25 00:39:08.743,0.056,0.05520008,-0.0007999186813831341,0.024
2024-11-25 00:49:07.189,0.057,0.06537383,0.00837383049726486,0.057
2024-11-25 00:59:07.234,0.032,0.0655012,0.033501198172569274,0.066
2024-11-25 01:09:06.976,0.091,0.05276968,-0.038230320423841474,0.057
2024-11-25 01:19:08.800,0.041,0.045366645,0.004366644859313963,0.033
2024-11-25 01:29:07.670,0.058,0.050199803,-0.007800197035074237,0.024
2024-11-25 01:39:06.351,0.083,0.06443135,-0.018568653047084813,0.024
2024-11-25 01:49:06.754,0.091,0.048967216,-0.042032783836126325,0.056
2024-11-25 01:59:07.579,0.024,0.04584866,0.02184866017103195,0.057
2024-11-25 02:09:07.890,0.032,0.05413533,0.022135330021381378,0.032
2024-11-25 02:19:07.580,0.024,0.05311134,0.02911134085059166,0.091
2024-11-25 02:29:06.860,0.024,0.0470151,0.023015100717544555,0.041
2024-11-25 02:39:08.731,0.024,0.04679288,0.022792879700660705,0.058
2024-11-25 02:49:06.545,0.066,0.048367653,-0.017632346957921985,0.083
2024-11-25 02:59:07.051,0.057,0.05875332,0.0017533190846443156,0.091
2024-11-25 03:09:08.837,0.024,0.066505,0.04250499999523163,0.024
2024-11-25 03:19:09.460,0.033,0.047402773,0.014402773052453993,0.032
2024-11-25 03:29:07.752,0.024,0.053522456,0.02952245643734932,0.024
2024-11-25 03:39:07.032,0.024,0.04779156,0.023791559249162673,0.024
2024-11-25 03:49:07.465,0.057,0.04740039,-0.009599611133337023,0.024
2024-11-25 03:59:11.847,0.085,0.065593466,-0.019406533837318427,0.066
2024-11-25 04:09:12.003,0.032,0.055215176,0.023215176194906234,0.057
2024-11-25 04:19:06.910,0.057,0.05351213,-0.003487870067358019,0.024
2024-11-25 04:29:08.972,0.024,0.06521947,0.041219469368457794,0.033
2024-11-25 04:39:07.144,0.057,0.047824077,-0.009175922691822054,0.024
2024-11-25 04:49:06.562,0.057,0.06518695,0.00818694758415222,0.024
2024-11-25 04:59:07.487,0.032,0.06521947,0.033219469368457794,0.057
2024-11-25 05:09:11.321,0.024,0.05325919,0.029259190171957015,0.085
2024-11-25 05:19:06.976,0.024,0.047270823,0.023270823270082473,0.032
2024-11-25 05:29:07.898,0.024,0.047252495,0.02325249484181404,0.057
2024-11-25 05:39:11.065,0.024,0.048400708,0.02440070754289627,0.024
2024-11-25 05:49:16.762,0.064,0.048226804,-0.01577319645881653,0.057
2024-11-25 05:59:10.250,0.023,0.06086309,0.03786308881640434,0.057
2024-11-25 06:09:07.119,0.031,0.049780812,0.018780812114477158,0.032
2024-11-25 06:19:06.821,0.024,0.056024183,0.032024182587862014,0.024
2024-11-25 06:29:08.180,0.054,0.05788893,0.003888928800821305,0.024
2024-11-25 06:39:07.344,0.024,0.06869485,0.04469485229253769,0.024
2024-11-25 06:49:07.120,0.085,0.057876702,-0.027123297601938254,0.024
2024-11-25 06:59:08.862,0.023,0.057820603,0.034820603251457215,0.064
2024-11-25 07:09:10.124,0.094,0.060908556,-0.03309144401550293,0.023
2024-11-25 07:19:06.944,0.056,0.060639005,0.00463900515437126,0.031
2024-11-25 07:29:06.869,0.056,0.07021678,0.014216782391071318,0.024
2024-11-25 07:39:07.330,0.073,0.06889785,-0.00410214918851852,0.054
2024-11-25 07:49:07.360,0.103,0.079330906,-0.023669093728065485,0.024
2024-11-25 07:59:09.595,0.096,0.08537605,-0.010623953402042391,0.085
2024-11-25 08:09:09.286,0.103,0.0898796,-0.013120397806167597,0.023
2024-11-25 08:19:08.495,0.056,0.08760667,0.03160666847229004,0.094
2024-11-25 08:29:06.874,0.103,0.08165547,-0.021344527482986445,0.056
2024-11-25 08:39:07.334,0.07100000000000001,0.08766143,0.01666143023967742,0.056
2024-11-25 08:49:09.008,0.07100000000000001,0.088546075,0.017546074926853172,0.073
2024-11-25 08:59:10.673,0.039,0.09609318,0.057093177795410156,0.103
2024-11-25 09:09:09.135,0.08,0.08769763,0.00769763261079788,0.096
2024-11-25 09:19:08.927,0.102,0.09036732,-0.011632682800292962,0.103
2024-11-25 09:29:11.802,0.079,0.09628725,0.017287250518798827,0.056
2024-11-25 09:39:09.481,0.07,0.089455955,0.019455954730510705,0.103
2024-11-25 09:49:07.716,0.048,0.093925,0.045924999237060546,0.07100000000000001
2024-11-25 09:59:07.695,0.07100000000000001,0.08733788,0.016337881326675407,0.07100000000000001
2024-11-25 10:09:06.821,0.12,0.08355019,-0.03644980758428573,0.039
2024-11-25 10:19:09.668,0.07200000000000001,0.09061162,0.018611621737480155,0.08
2024-11-25 10:29:07.381,0.113,0.08483929,-0.02816070812940598,0.102
2024-11-25 10:39:10.167,0.07100000000000001,0.09875028,0.027750278353691094,0.079
2024-11-25 10:49:08.174,0.102,0.09275096,-0.009249040901660913,0.07
2024-11-25 10:59:09.686,0.079,0.08274506,0.0037450603246688835,0.048
2024-11-25 11:09:15.537,0.079,0.07885894,-0.00014105820655822832,0.07100000000000001
2024-11-25 11:19:28.433,0.113,0.08626745,-0.02673255103826523,0.12
2024-11-25 11:29:06.823,0.04,0.09697937,0.056979372203350066,0.07200000000000001
2024-11-25 11:39:07.505,0.102,0.08992242,-0.012077579319477075,0.113
2024-11-25 11:49:07.735,0.04,0.094152026,0.05415202587842941,0.07100000000000001
2024-11-25 11:59:07.175,0.109,0.087940216,-0.021059783935546875,0.102
2024-11-25 12:09:09.403,0.048,0.09409466,0.0460946564078331,0.079
2024-11-25 12:19:09.066,0.079,0.08736601,0.008366007268428802,0.079
2024-11-25 12:29:06.728,0.104,0.086451106,-0.01754889422655105,0.113
2024-11-25 12:39:09.965,0.055,0.069034405,0.014034405052661895,0.04
2024-11-25 12:49:07.264,0.095,0.081314266,-0.013685734272003175,0.102
2024-11-25 12:59:08.865,0.048,0.05737558,0.009375580072402953,0.04
2024-11-25 13:09:08.654,0.073,0.08777429,0.014774291634559636,0.109
2024-11-25 13:19:07.133,0.073,0.08502708,0.012027076303958897,0.048
2024-11-25 13:29:07.030,0.048,0.09023051,0.042230509638786315,0.079
2024-11-25 13:39:07.360,0.104,0.08485659,-0.019143407881259913,0.104
2024-11-25 13:49:07.489,0.04,0.090188526,0.05018852561712265,0.055
2024-11-25 13:59:08.880,0.112,0.08642623,-0.025573771715164187,0.095
2024-11-25 14:09:07.685,0.07200000000000001,0.08677066,0.014770661175250999,0.048
2024-11-25 14:19:08.211,0.04,0.084792964,0.04479296416044235,0.073
2024-11-25 14:29:09.154,0.08,0.077594765,-0.0024052354693412797,0.073
2024-11-25 14:39:08.110,0.04,0.07543557,0.035435571372509,0.048
2024-11-25 14:49:07.010,0.104,0.084734045,-0.019265955030918117,0.104
2024-11-25 14:59:07.102,0.08,0.08090219,0.0009021890163421614,0.04
2024-11-25 15:09:08.063,0.04,0.0855626,0.045562601685523986,0.112
2024-11-25 15:19:06.920,0.102,0.0844204,-0.017579602122306817,0.07200000000000001
2024-11-25 15:29:08.174,0.07200000000000001,0.08799061,0.01599061179161071,0.04
2024-11-25 15:39:10.050,0.08,0.084090106,0.004090106189250944,0.08
2024-11-25 15:49:07.987,0.08,0.078030534,-0.001969465911388399,0.04
2024-11-25 15:59:07.239,0.07200000000000001,0.083581194,0.011581194281578056,0.104
2024-11-25 16:09:06.878,0.048,0.09369863,0.04569862824678421,0.08
2024-11-25 16:19:11.069,0.04,0.08210394,0.04210393786430359,0.04
2024-11-25 16:29:06.784,0.113,0.084202394,-0.028797606110572818,0.102
2024-11-25 16:39:10.187,0.073,0.087966144,0.014966144084930424,0.07200000000000001
2024-11-25 16:49:07.285,0.097,0.087636985,-0.00936301511526108,0.08
2024-11-25 16:59:09.163,0.073,0.09802367,0.025023667931556706,0.08
2024-11-25 17:09:07.119,0.084,0.088759944,0.004759943842887873,0.07200000000000001
2024-11-25 17:19:09.442,0.094,0.09427424,0.00027423775196075417,0.048
2024-11-25 17:29:06.548,0.068,0.09614597,0.028145972609519954,0.04
2024-11-25 17:39:07.051,0.111,0.088708006,-0.02229199415445328,0.113
2024-11-25 17:49:06.650,0.036,0.09561168,0.05961167657375336,0.073
2024-11-25 17:59:07.719,0.036,0.08788736,0.05188736164569855,0.097
2024-11-25 18:09:07.624,0.068,0.086347826,0.01834782582521438,0.073
2024-11-25 18:19:06.909,0.069,0.09806906,0.029069056868553156,0.084
2024-11-25 18:29:10.013,0.069,0.09143847,0.02243847227096557,0.094
2024-11-25 18:39:07.109,0.044,0.08565876,0.04165875887870789,0.068
2024-11-25 18:49:07.680,0.111,0.08112308,-0.029876923620700838,0.111
2024-11-25 18:59:07.054,0.069,0.08621238,0.017212381720542902,0.036
2024-11-25 19:09:06.910,0.045,0.0758183,0.030818300247192384,0.036
2024-11-25 19:19:07.016,0.036,0.0719718,0.03597179645299912,0.068
2024-11-25 19:29:06.950,0.036,0.072463386,0.03646338576078415,0.069
2024-11-25 19:39:07.202,0.07,0.07180856,0.0018085616827011042,0.069
2024-11-25 19:49:10.956,0.07,0.06597442,-0.004025578200817115,0.044
2024-11-25 19:59:07.054,0.079,0.08681031,0.007810313165187835,0.111
2024-11-25 20:09:07.382,0.037,0.07479466,0.03779465752840042,0.069
2024-11-25 20:19:10.091,0.079,0.07756398,-0.0014360212683677681,0.045
2024-11-25 20:29:06.992,0.07,0.06878923,-0.0012107712030410833,0.036
2024-11-25 20:39:08.209,0.037,0.07908364,0.0420836364030838,0.036
2024-11-25 20:49:10.675,0.037,0.07138443,0.03438442993164063,0.07
2024-11-25 20:59:12.551,0.07,0.06954662,-0.0004533824324607916,0.07
2024-11-25 21:09:12.233,0.131,0.07872663,-0.052273373067379,0.079
2024-11-25 21:19:06.975,0.06,0.06206554,0.00206554174423218,0.037
2024-11-25 21:29:08.735,0.061,0.059679504,-0.0013204955160617815,0.079
2024-11-25 21:39:07.588,0.034,0.055550378,0.021550377815961835,0.07
2024-11-25 21:49:07.148,0.095,0.05250039,-0.042499610483646394,0.037
2024-11-25 21:59:08.352,0.06,0.042599883,-0.0174001170694828,0.037
2024-11-25 22:09:08.858,0.026,0.05699843,0.03099843168258667,0.07
2024-11-25 22:19:07.663,0.025,0.05850129,0.033501288294792174,0.131
2024-11-25 22:29:09.032,0.069,0.058789287,-0.010210713237524038,0.06
2024-11-25 22:39:12.443,0.06,0.061433572,0.0014335723221302055,0.061
2024-11-25 22:49:07.876,0.061,0.060842812,-0.00015718793869018421,0.034
2024-11-25 22:59:06.722,0.063,0.055563632,-0.007436367601156235,0.095
2024-11-25 23:09:08.325,0.026,0.049996223,0.02399622330069542,0.06
2024-11-25 23:19:06.799,0.07200000000000001,0.05180413,-0.02019587096571923,0.026
2024-11-25 23:29:08.855,0.06,0.046875637,-0.01312436297535896,0.025
2024-11-25 23:39:07.274,0.097,0.059948184,-0.03705181640386582,0.069
2024-11-25 23:49:06.550,0.07,0.04916202,-0.020837980955839164,0.06
2024-11-25 23:59:16.844,0.026,0.046628594,0.020628594398498536,0.061
2024-11-26 00:09:08.589,0.025,0.05330307,0.028303070366382597,0.063
2024-11-26 00:19:07.797,0.059,0.053361934,-0.005638066321611401,0.026
2024-11-26 00:29:07.948,0.059,0.06441262,0.005412623643875125,0.07200000000000001
2024-11-26 00:39:06.814,0.069,0.06390983,-0.005090171337127691,0.06
2024-11-26 00:49:06.836,0.025,0.05866835,0.0336683489382267,0.097
2024-11-26 00:59:09.253,0.025,0.060120177,0.03512017652392387,0.07
2024-11-26 01:09:09.989,0.105,0.054085836,-0.05091416418552398,0.026
2024-11-26 01:19:07.226,0.059,0.057676997,-0.0013230029642581909,0.025
2024-11-26 01:29:06.857,0.097,0.06404692,-0.03295308065414429,0.059
2024-11-26 01:39:07.900,0.025,0.056855887,0.03185588717460632,0.059
2024-11-26 01:49:25.937,0.061,0.05329545,-0.007704551577568053,0.069
2024-11-26 01:59:07.160,0.06,0.057713438,-0.0022865621745586373,0.025
2024-11-26 02:09:07.598,0.096,0.06442622,-0.031573779046535494,0.025
2024-11-26 02:19:07.357,0.06,0.04959229,-0.010407709926366804,0.105
2024-11-26 02:29:07.082,0.035,0.060883183,0.025883183032274243,0.059
2024-11-26 02:39:08.966,0.025,0.06010016,0.03510016053915024,0.097
2024-11-26 02:49:12.783,0.06,0.053866405,-0.006133594959974287,0.025
2024-11-26 02:59:17.473,0.069,0.06579732,-0.0032026785016059933,0.061
2024-11-26 03:09:07.342,0.061,0.05994945,-0.0010505498051643358,0.06
2024-11-26 03:19:06.787,0.025,0.062726215,0.0377262145280838,0.096
2024-11-26 03:29:06.708,0.034,0.05574277,0.0217427704334259,0.06
2024-11-26 03:39:07.328,0.06,0.05292016,-0.007079841047525404,0.035
2024-11-26 03:49:07.098,0.06,0.064796045,0.004796045422554018,0.025
2024-11-26 03:59:07.448,0.07200000000000001,0.06328975,-0.008710253357887277,0.06
2024-11-26 04:09:06.962,0.025,0.049683616,0.024683615565299986,0.069
2024-11-26 04:19:07.748,0.061,0.054041356,-0.006958644151687621,0.061
2024-11-26 04:29:07.282,0.034,0.058490142,0.024490142226219175,0.025
2024-11-26 04:39:07.574,0.096,0.05304321,-0.04295679098367691,0.034
2024-11-26 04:49:07.533,0.06,0.05128476,-0.008715239763259885,0.06
2024-11-26 04:59:06.863,0.061,0.06123823,0.0002382292747497572,0.06
2024-11-26 05:09:07.520,0.025,0.052474312,0.027474312484264372,0.07200000000000001
2024-11-26 05:19:06.893,0.094,0.05381235,-0.04018764892220497,0.025
2024-11-26 05:29:07.618,0.059,0.0512146,-0.007785398155450818,0.061
2024-11-26 05:39:06.768,0.104,0.06439954,-0.03960045957565307,0.034
2024-11-26 05:49:07.421,0.025,0.05936325,0.03436324968934059,0.096
2024-11-26 05:59:08.538,0.059,0.054392748,-0.0046072524189949005,0.06
2024-11-26 06:09:07.425,0.057,0.06707119,0.010071191966533659,0.061
2024-11-26 06:19:08.313,0.058,0.067784235,0.009784234881401059,0.025
2024-11-26 06:29:08.235,0.058,0.06916352,0.011163523614406583,0.094
2024-11-26 06:39:07.526,0.025,0.06268356,0.03768355995416641,0.059
2024-11-26 06:49:08.097,0.057,0.064165965,0.00716596472263336,0.104
2024-11-26 06:59:07.408,0.058,0.06913787,0.011137871265411374,0.025
2024-11-26 07:09:07.031,0.032,0.06722891,0.03522891330718994,0.059
2024-11-26 07:19:08.363,0.024,0.058065776,0.03406577578186989,0.057
2024-11-26 07:29:08.223,0.073,0.061079934,-0.011920065760612483,0.058
2024-11-26 07:39:06.707,0.099,0.07748526,-0.021514736652374272,0.058
2024-11-26 07:49:07.055,0.105,0.086523704,-0.018476295769214626,0.025
2024-11-26 07:59:07.231,0.07200000000000001,0.08160416,0.009604160368442527,0.057
2024-11-26 08:09:06.868,0.04,0.083143,0.04314300328493118,0.058
2024-11-26 08:19:12.995,0.113,0.07462797,-0.03837202686071396,0.032
2024-11-26 08:29:07.506,0.07200000000000001,0.09225069,0.020250689864158622,0.024
2024-11-26 08:39:07.799,0.07100000000000001,0.08329115,0.012291150629520409,0.073
2024-11-26 08:59:08.336,0.08600000000000001,0.092246145,0.0062461450099945,0.105
2024-11-26 09:09:07.808,0.051,0.09917928,0.04817928278446198,0.07200000000000001
2024-11-26 09:19:07.507,0.063,0.06643658,0.0034365813136100765,0.04
2024-11-26 09:29:06.932,0.047,0.0904323,0.0434323011636734,0.113
2024-11-26 09:39:10.819,0.055,0.07034259,0.015342592895030975,0.07200000000000001
2024-11-26 09:49:07.772,0.055,0.08130172,0.026301718950271606,0.07100000000000001
2024-11-26 09:59:08.029,0.055,0.080861285,0.02586128532886505,0.095
2024-11-26 10:09:07.941,0.047,0.081086226,0.03408622580766678,0.08600000000000001
2024-11-26 10:19:07.896,0.046,0.07010014,0.024100143551826478,0.051
2024-11-26 10:29:07.885,0.055,0.06444849,0.009448490738868713,0.063
2024-11-26 10:39:07.773,0.054,0.07209993,0.01809993153810501,0.047
2024-11-26 10:49:06.880,0.054,0.06836879,0.014368792533874512,0.055
2024-11-26 10:59:07.815,0.046,0.068155356,0.022155355751514436,0.055
2024-11-26 11:09:07.087,0.054,0.053803965,-0.00019603455066680847,0.055
2024-11-26 11:19:07.105,0.046,0.0598934,0.013893399477005006,0.047
2024-11-26 11:29:07.738,0.069,0.05226234,-0.016737660259008413,0.046
2024-11-26 11:39:07.118,0.06,0.07197356,0.011973562240600588,0.055
2024-11-26 11:49:08.450,0.067,0.07010186,0.0031018571853637655,0.054
2024-11-26 11:59:07.222,0.047,0.07197356,0.024973562240600586,0.054
2024-11-26 12:09:07.099,0.047,0.05072203,0.003722029060125351,0.046
2024-11-26 12:19:06.738,0.055,0.05314583,-0.0018541704118251803,0.054
2024-11-26 12:29:07.512,0.031,0.05840407,0.027404069393873215,0.046
2024-11-26 12:39:08.068,0.031,0.046082277,0.015082276850938797,0.069
2024-11-26 12:49:06.794,0.031,0.04578351,0.014783508569002152,0.06
2024-11-26 12:59:06.640,0.056,0.04417238,-0.011827619880437852,0.067
2024-11-26 13:09:07.207,0.041,0.068291746,0.02729174607992172,0.047
2024-11-26 13:19:07.654,0.033,0.046939146,0.013939145773649214,0.047
2024-11-26 13:29:07.362,0.033,0.046143,0.013142999082803725,0.055
2024-11-26 13:39:07.412,0.033,0.0512546,0.018254600286483763,0.031
2024-11-26 13:49:06.770,0.033,0.0518597,0.018859699189662932,0.031
2024-11-26 13:59:07.423,0.04,0.042300902,0.002300902307033538,0.031
2024-11-26 14:09:07.977,0.033,0.05534042,0.022340420454740523,0.056
2024-11-26 14:19:07.212,0.033,0.050715443,0.01771544274687767,0.041
2024-11-26 14:29:08.492,0.04,0.04352476,0.0035247607529163352,0.033
2024-11-26 14:39:07.464,0.033,0.045547754,0.012547753572463988,0.033
2024-11-26 14:49:06.814,0.033,0.04364532,0.010645318597555159,0.033
2024-11-26 14:59:06.684,0.041,0.04222385,0.0012238484025001509,0.033
2024-11-26 15:09:09.022,0.033,0.04862904,0.015629041761159895,0.04
2024-11-26 15:19:07.044,0.033,0.043105263,0.010105263262987135,0.033
2024-11-26 15:29:07.198,0.041,0.043038446,0.0020384464561939222,0.033
2024-11-26 15:39:09.091,0.033,0.048201654,0.015201654106378554,0.04
2024-11-26 15:49:07.666,0.033,0.041932676,0.00893267598748207,0.033
2024-11-26 15:59:06.693,0.04,0.043038446,0.003038446456193923,0.033
2024-11-26 16:09:06.699,0.033,0.045465227,0.012465227216482161,0.041
2024-11-26 16:19:06.928,0.04,0.04302952,0.0030295206606388084,0.033
2024-11-26 16:29:07.311,0.033,0.047902744,0.014902744263410567,0.033
2024-11-26 16:39:07.850,0.033,0.043038446,0.010038446456193922,0.041
2024-11-26 16:49:06.555,0.048,0.04318229,-0.004817708909511567,0.033
2024-11-26 16:59:07.351,0.017,0.05690267,0.03990266937017441,0.033
2024-11-26 17:09:06.569,0.027,0.034486312,0.007486312419176102,0.04
2024-11-26 17:19:06.750,0.036,0.047490485,0.011490485012531283,0.033
2024-11-26 17:29:07.345,0.028,0.048465982,0.02046598207950592,0.04
2024-11-26 17:39:07.067,0.044,0.04862538,0.004625379800796511,0.033
2024-11-26 17:49:08.091,0.053,0.061672438,0.008672437936067583,0.033
2024-11-26 17:59:07.231,0.044,0.06564901,0.02164901024103165,0.048
2024-11-26 18:09:07.572,0.044,0.060562607,0.016562606900930407,0.017
2024-11-26 18:19:07.232,0.044,0.060519926,0.01651992624998093,0.027
2024-11-26 18:29:07.157,0.052,0.060904533,0.008904532670974734,0.036
2024-11-26 18:39:07.078,0.052,0.06511278,0.013112777054309847,0.028
2024-11-26 18:49:06.929,0.044,0.08074466,0.036744661390781405,0.044
2024-11-26 18:59:09.104,0.044,0.063900396,0.01990039622783661,0.053
2024-11-26 19:09:06.822,0.044,0.05600583,0.012005831807851794,0.044
2024-11-26 19:19:06.962,0.052,0.055554017,0.0035540174245834374,0.044
2024-11-26 19:29:07.199,0.052,0.05971118,0.007711180627346041,0.044
2024-11-26 19:39:07.555,0.028,0.07136475,0.04336475294828415,0.052
2024-11-26 19:49:07.244,0.037,0.040194694,0.003194693952798845,0.052
2024-11-26 19:59:07.251,0.028,0.04396339,0.015963391333818435,0.044
2024-11-26 20:09:07.129,0.028,0.040702034,0.012702033787965774,0.044
2024-11-26 20:19:06.752,0.028,0.041316528,0.013316527873277664,0.044
2024-11-26 20:29:07.396,0.028,0.04026957,0.012269568562507629,0.052
2024-11-26 20:39:06.810,0.037,0.04026957,0.0032695685625076312,0.052
2024-11-26 20:49:07.399,0.029,0.042285483,0.013285483330488203,0.028
2024-11-26 20:59:07.236,0.029,0.04066847,0.011668468922376631,0.037
2024-11-26 21:09:07.205,0.018,0.03929281,0.021292808622121812,0.028
2024-11-26 21:19:06.719,0.017,0.035068102,0.018068102180957793,0.028
2024-11-26 21:29:11.212,0.034,0.028607927,-0.005392072737216952,0.028
2024-11-26 21:39:06.880,0.026,0.032374255,0.006374255359172822,0.028
2024-11-26 21:49:07.081,0.017,0.026621839,0.009621839031577109,0.037
2024-11-26 21:59:07.545,0.017,0.027568497,0.010568496763706206,0.029
2024-11-26 22:09:07.137,0.018,0.02641263,0.008412630453705789,0.029
2024-11-26 22:19:07.950,0.018,0.026291624,0.008291623711586,0.018
2024-11-26 22:29:06.862,0.026,0.026291624,0.00029162371158599973,0.017
2024-11-26 22:39:07.381,0.017,0.026462039,0.009462038978934287,0.034
2024-11-26 22:49:07.312,0.017,0.026273297,0.009273297145962714,0.026
2024-11-26 22:59:06.950,0.017,0.026273297,0.009273297145962714,0.017
2024-11-26 23:09:08.119,0.017,0.025225112,0.008225112214684485,0.017
2024-11-26 23:19:06.824,0.017,0.023411324,0.006411324247717856,0.018
2024-11-26 23:29:07.127,0.026,0.023420248,-0.002579751819372176,0.018
2024-11-26 23:39:07.136,0.017,0.019727554,0.0027275541722774493,0.026
2024-11-26 23:49:06.930,0.017,0.016359113,-0.0006408868432044995,0.017
2024-11-26 23:59:07.416,0.017,0.016340787,-0.0006592134088277829,0.017
2024-11-27 00:09:08.202,0.017,0.016039263,-0.000960736542940141,0.017
2024-11-27 00:19:07.498,0.027,0.016019631,-0.010980368822813034,0.017
2024-11-27 00:29:06.871,0.025,0.028199729,0.003199728578329085,0.017
2024-11-27 00:39:07.266,0.017,0.017859768,0.0008597681224346149,0.026
2024-11-27 00:49:08.371,0.017,0.01769175,0.0006917500793933856,0.017
2024-11-27 00:59:06.992,0.017,0.017710077,0.000710076645016669,0.017
2024-11-27 01:09:06.827,0.017,0.01598482,-0.0010151797980070126,0.017
2024-11-27 01:19:06.998,0.02,0.01601207,-0.003987929299473763,0.017
2024-11-27 01:29:07.150,0.025,0.021145806,-0.003854194283485414,0.027
2024-11-27 01:39:07.317,0.017,0.02226972,0.005269720211625098,0.025
2024-11-27 01:49:07.450,0.017,0.022092763,0.005092763334512709,0.017
2024-11-27 01:59:07.029,0.017,0.021063602,0.004063601598143576,0.017
2024-11-27 02:09:08.544,0.017,0.019629108,0.0026291077882051456,0.017
2024-11-27 02:19:07.116,0.017,0.019619705,0.0026197051554918277,0.017
2024-11-27 02:29:07.181,0.026,0.016401455,-0.009598545193672179,0.02
2024-11-27 02:39:07.658,0.025,0.018383265,-0.006616735458374025,0.025
2024-11-27 02:49:07.197,0.017,0.024735224,0.007735223501920699,0.017
2024-11-27 02:59:07.981,0.017,0.018233579,0.0012335786521434772,0.017
2024-11-27 03:09:07.891,0.048,0.016762232,-0.031237767592072488,0.017
2024-11-27 03:19:06.783,0.017,0.021648815,0.004648814901709555,0.017
2024-11-27 03:29:11.817,0.017,0.016743906,-0.0002560941576957715,0.017
2024-11-27 03:39:07.397,0.025,0.018594356,-0.00640564374625683,0.026
2024-11-27 03:49:07.468,0.025,0.023019882,-0.0019801180809736266,0.025
2024-11-27 03:59:11.390,0.017,0.023019882,0.006019881919026374,0.017
2024-11-27 04:09:08.117,0.017,0.021812592,0.004812591701745986,0.017
2024-11-27 04:19:07.518,0.017,0.037575968,0.020575967609882354,0.048
2024-11-27 04:29:06.964,0.017,0.03755764,0.02055763918161392,0.017
2024-11-27 04:39:06.793,0.017,0.03763139,0.02063138875365257,0.017
2024-11-27 04:49:07.910,0.017,0.03652997,0.019529969424009322,0.025
2024-11-27 04:59:07.307,0.033,0.03753283,0.004532828748226164,0.025
2024-11-27 05:09:07.643,0.025,0.04429038,0.01929037868976593,0.017
2024-11-27 05:19:06.767,0.017,0.019335575,0.0023355754017829883,0.017
2024-11-27 05:29:08.055,0.017,0.017363394,0.00036339367926120636,0.017
2024-11-27 05:39:08.158,0.017,0.01735447,0.00035446974635124084,0.017
2024-11-27 05:49:08.529,0.017,0.016444778,-0.0005552219301462186,0.017
2024-11-27 05:59:07.837,0.017,0.015905133,-0.0010948674827814114,0.017
2024-11-27 06:09:07.712,0.017,0.024247525,0.007247525259852408,0.033
2024-11-27 06:19:08.539,0.025,0.027314799,0.002314798906445502,0.025
2024-11-27 06:29:07.290,0.025,0.029991178,0.004991177842020987,0.017
2024-11-27 06:39:07.003,0.017,0.026837956,0.00983795616030693,0.017
2024-11-27 06:49:07.078,0.052,0.025484921,-0.02651507858932018,0.017
2024-11-27 06:59:09.145,0.053,0.048166335,-0.004833665370941161,0.017
2024-11-27 07:09:08.874,0.057,0.045798168,-0.011201832413673403,0.017
2024-11-27 07:19:08.004,0.062,0.036129016,-0.025870983570814132,0.017
2024-11-27 07:29:07.113,0.053,0.040707964,-0.012292035549879073,0.025
2024-11-27 07:39:07.387,0.053,0.04981528,-0.0031847214996814713,0.025
2024-11-27 07:49:07.881,0.061,0.04919883,-0.011801171362400054,0.017
2024-11-27 07:59:09.080,0.052,0.05737144,0.005371441274881365,0.052
2024-11-27 08:09:07.205,0.061,0.069398835,0.008398835301399232,0.053
2024-11-27 08:19:08.985,0.113,0.08248264,-0.030517356574535373,0.057
2024-11-27 08:29:07.684,0.085,0.101332724,0.016332724094390863,0.062
2024-11-27 08:39:07.444,0.127,0.09038277,-0.03661723029613495,0.053
2024-11-27 08:49:08.133,0.118,0.09483726,-0.0231627367734909,0.053
2024-11-27 08:59:07.984,0.118,0.09535618,-0.02264381873607635,0.061
2024-11-27 09:09:07.716,0.126,0.09481103,-0.031188970267772675,0.052
2024-11-27 09:19:07.280,0.085,0.09475048,0.00975047886371612,0.061
2024-11-27 09:29:07.237,0.093,0.09863185,0.0056318513751029975,0.113
2024-11-27 09:39:07.369,0.124,0.10578781,-0.018212186336517333,0.085
2024-11-27 09:49:10.962,0.092,0.111413136,0.019413136124610902,0.127
2024-11-27 09:59:07.533,0.08600000000000001,0.10003398,0.014033983588218682,0.118
2024-11-27 10:09:07.353,0.134,0.09330147,-0.04069853240251542,0.118
2024-11-27 10:19:07.828,0.085,0.10583258,0.02083257675170898,0.126
2024-11-27 10:29:07.910,0.116,0.10373304,-0.012266959607601172,0.085
2024-11-27 10:39:06.695,0.13,0.107313246,-0.022686754465103154,0.093
2024-11-27 10:49:08.154,0.133,0.1529144,0.019914404869079583,0.124
2024-11-27 10:59:07.584,0.148,0.14224611,-0.005753887772560112,0.092
2024-11-27 11:09:07.884,0.126,0.13250153,0.006501527667045592,0.08600000000000001
2024-11-27 11:19:07.921,0.149,0.14484876,-0.004151236057281488,0.134
2024-11-27 11:29:06.723,0.135,0.13622919,0.0012291872501373202,0.085
2024-11-27 11:39:06.809,0.119,0.14339308,0.024393084406852727,0.116
2024-11-27 11:49:07.622,0.128,0.14873543,0.020735433816909787,0.13
2024-11-27 11:59:07.649,0.129,0.14511709,0.016117089152336117,0.133
2024-11-27 12:09:07.200,0.121,0.14087732,0.019877321362495426,0.148
2024-11-27 12:19:09.356,0.105,0.14581054,0.04081054449081421,0.126
2024-11-27 12:29:07.257,0.113,0.13051142,0.01751141798496246,0.149
2024-11-27 12:39:07.645,0.099,0.12559214,0.026592142343521114,0.135
2024-11-27 12:49:07.105,0.079,0.12750445,0.04850445306301117,0.119
2024-11-27 12:59:06.825,0.117,0.09579829,-0.0212017087340355,0.128
2024-11-27 13:09:08.562,0.08,0.10056769,0.020567691028118132,0.129
2024-11-27 13:19:08.064,0.084,0.091639675,0.007639675199985499,0.121
2024-11-27 13:29:08.135,0.075,0.084362924,0.009362924098968509,0.105
2024-11-27 13:39:07.587,0.109,0.09112464,-0.01787536108493805,0.113
2024-11-27 13:49:06.961,0.058,0.097842924,0.039842924296855924,0.099
2024-11-27 13:59:07.543,0.058,0.089762926,0.03176292610168457,0.079
2024-11-27 14:09:07.864,0.065,0.08727228,0.0222722789645195,0.117
2024-11-27 14:19:06.671,0.057,0.07339017,0.0163901709318161,0.08
2024-11-27 14:29:07.799,0.088,0.08350017,-0.0044998307824134776,0.084
2024-11-27 14:39:07.641,0.025,0.0635093,0.03850930035114288,0.075
2024-11-27 14:49:06.759,0.056,0.074700005,0.0187000053524971,0.109
2024-11-27 14:59:07.618,0.064,0.07981496,0.015814963042736052,0.058
2024-11-27 15:09:07.535,0.057,0.07204733,0.015047330439090727,0.058
2024-11-27 15:19:07.146,0.025,0.07036294,0.04536294043064117,0.065
2024-11-27 15:29:08.051,0.056,0.06618234,0.010182337701320647,0.057
2024-11-27 15:39:08.482,0.123,0.075281896,-0.047718104302883146,0.088
2024-11-27 15:49:06.662,0.049,0.074192785,0.02519278472661972,0.025
2024-11-27 15:59:06.935,0.103,0.078478605,-0.02452139544486999,0.056
2024-11-27 16:09:07.014,0.07200000000000001,0.08607942,0.014079418659210197,0.064
2024-11-27 16:19:08.330,0.081,0.0870131,0.006013103067874906,0.057
2024-11-27 16:29:08.922,0.04,0.074654184,0.03465418428182602,0.025
2024-11-27 16:39:08.270,0.07100000000000001,0.07715922,0.006159218490123741,0.056
2024-11-27 16:49:06.690,0.104,0.08738862,-0.01661138021945953,0.123
2024-11-27 16:59:08.779,0.048,0.08952035,0.04152035009860992,0.049
2024-11-27 17:09:08.376,0.115,0.08548936,-0.02951063752174378,0.103
2024-11-27 17:19:07.200,0.083,0.11722153,0.03422152680158615,0.07200000000000001
2024-11-27 17:29:07.098,0.115,0.11470648,-0.000293520987033849,0.081
2024-11-27 17:39:07.418,0.083,0.10923498,0.026234981238842006,0.04
2024-11-27 17:49:07.056,0.06,0.098020926,0.038020926117897036,0.07100000000000001
2024-11-27 17:59:07.200,0.091,0.10143556,0.010435557007789614,0.104
2024-11-27 18:09:07.047,0.083,0.1068559,0.023855899095535274,0.048
2024-11-27 18:19:07.236,0.084,0.11418518,0.030185176789760584,0.115
2024-11-27 18:29:08.461,0.052,0.111649126,0.05964912581443787,0.083
2024-11-27 18:39:06.622,0.092,0.113765985,0.021765984773635866,0.115
2024-11-27 18:49:08.470,0.059,0.10946016,0.05046016013622284,0.083
2024-11-27 18:59:07.015,0.115,0.10975029,-0.005249706804752355,0.06
2024-11-27 19:09:07.649,0.083,0.11338361,0.030383613526821132,0.091
2024-11-27 19:19:06.939,0.116,0.10802413,-0.007975872218608862,0.083
2024-11-27 19:29:06.866,0.051,0.1148206,0.06382059955596925,0.084
2024-11-27 19:39:08.183,0.093,0.09766603,0.004666032612323762,0.052
2024-11-27 19:49:08.186,0.044,0.106911056,0.06291105574369431,0.092
2024-11-27 19:59:07.701,0.068,0.074822985,0.006822984635829921,0.059
2024-11-27 20:09:08.531,0.068,0.09103908,0.023039076447486873,0.115
2024-11-27 20:19:07.455,0.078,0.09068411,0.012684108436107636,0.083
2024-11-27 20:29:06.783,0.036,0.07986575,0.043865753650665286,0.116
2024-11-27 20:39:07.333,0.036,0.080570295,0.0445702954530716,0.051
2024-11-27 20:49:06.635,0.113,0.07984521,-0.03315478760004044,0.093
2024-11-27 20:59:07.667,0.08700000000000001,0.075981066,-0.011018934369087227,0.044
2024-11-27 21:09:07.787,0.094,0.071655706,-0.02234429442882538,0.068
2024-11-27 21:19:08.159,0.025,0.044608273,0.019608272612094878,0.068
2024-11-27 21:29:07.184,0.06,0.054188933,-0.005811066776514051,0.078
2024-11-27 21:39:08.309,0.059,0.056079686,-0.002920314311981198,0.036
2024-11-27 21:49:06.916,0.095,0.060994036,-0.034005963504314424,0.036
2024-11-27 21:59:07.365,0.059,0.04418097,-0.014819029361009595,0.113
2024-11-27 22:09:07.986,0.034,0.06468949,0.03068948721885681,0.08700000000000001
2024-11-27 22:19:07.322,0.034,0.057627436,0.023627435773611066,0.094
2024-11-27 22:29:06.728,0.025,0.05192072,0.026920719444751738,0.025
2024-11-27 22:39:08.679,0.059,0.053220883,-0.005779116988182065,0.06
2024-11-27 22:49:07.869,0.06,0.062371325,0.0023713247478008292,0.059
2024-11-27 22:59:07.128,0.06,0.058216065,-0.0017839348316192605,0.095
2024-11-27 23:09:06.557,0.068,0.05550176,-0.012498240947723394,0.059
2024-11-27 23:39:09.791,0.105,0.054345764,-0.0506542357802391,0.034
2024-11-27 23:49:07.722,0.06,0.049389675,-0.010610324740409849,0.034
2024-11-27 23:59:08.503,0.061,0.05699985,-0.004000148981809615,0.025
2024-11-28 00:09:06.956,0.025,0.051882714,0.02688271403312683,0.059
2024-11-28 00:19:07.513,0.07100000000000001,0.053361934,-0.017638066321611412,0.06
2024-11-28 00:29:07.303,0.059,0.049349688,-0.009650312006473538,0.06
2024-11-28 00:39:07.224,0.097,0.063565455,-0.033434544622898105,0.068
2024-11-28 00:49:06.701,0.069,0.062813655,-0.0061863454580307065,0.105
2024-11-28 00:59:07.576,0.07,0.055887815,-0.014112185388803489,0.06
2024-11-28 01:09:06.454,0.025,0.06328946,0.03828946352005005,0.061
2024-11-28 01:19:08.070,0.025,0.054874063,0.02987406253814697,0.025
2024-11-28 01:29:07.194,0.069,0.05485799,-0.014142008364200598,0.07100000000000001
2024-11-28 01:39:06.724,0.025,0.052824877,0.027824877202510832,0.059
2024-11-28 01:49:10.144,0.06,0.06127854,0.0012785406410694145,0.097
2024-11-28 01:59:06.850,0.025,0.06724876,0.042248761653900145,0.069
2024-11-28 02:09:08.501,0.025,0.06060483,0.03560482934117317,0.07
2024-11-28 02:19:07.749,0.069,0.055253357,-0.013746643304824835,0.025
2024-11-28 02:29:10.903,0.069,0.058866464,-0.010133536398410803,0.025
2024-11-28 02:39:07.161,0.073,0.059335485,-0.01366451489925384,0.069
2024-11-28 02:49:12.968,0.025,0.05039892,0.025398919731378554,0.025
2024-11-28 02:59:07.844,0.025,0.053848077,0.028848076611757277,0.06
2024-11-28 03:09:09.493,0.025,0.05420885,0.029208848625421523,0.025
2024-11-28 03:19:09.556,0.06,0.054227177,-0.005772822946310041,0.025
2024-11-28 03:29:07.833,0.06,0.06380059,0.0038005882501602195,0.069
2024-11-28 03:39:06.725,0.061,0.061435584,0.000435583978891374,0.069
2024-11-28 03:49:08.438,0.026,0.058300167,0.03230016732215882,0.073
2024-11-28 03:59:06.883,0.025,0.05420885,0.029208848625421523,0.025
2024-11-28 04:09:06.665,0.043,0.054227177,0.01122717705368996,0.025
2024-11-28 04:19:09.682,0.06,0.05166246,-0.008337540030479429,0.025
2024-11-28 04:29:09.707,0.06,0.06381666,0.003816659152507784,0.06
2024-11-28 04:39:09.436,0.06,0.06379703,0.00379702687263489,0.06
2024-11-28 04:49:07.562,0.025,0.061408002,0.03640800192952156,0.061
2024-11-28 04:59:07.043,0.025,0.055091813,0.030091813206672667,0.026
2024-11-28 05:09:07.712,0.025,0.05381235,0.028812351077795027,0.025
2024-11-28 05:19:07.748,0.059,0.053790715,-0.005209285408258435,0.043
2024-11-28 05:29:07.802,0.059,0.06435959,0.005359590411186221,0.06
2024-11-28 05:39:07.492,0.068,0.06435959,-0.0036404095888137866,0.06
2024-11-28 05:49:07.571,0.033,0.05314205,0.02014204841852188,0.06
2024-11-28 05:59:06.720,0.066,0.052675545,-0.013324454784393314,0.025
2024-11-28 06:09:08.040,0.064,0.087989554,0.023989553809165953,0.025
2024-11-28 06:19:08.853,0.097,0.08482918,-0.012170818567276004,0.025
2024-11-28 06:29:09.548,0.106,0.10658969,0.0005896898508071929,0.059
2024-11-28 06:39:07.753,0.098,0.10012225,0.0021222506165504418,0.059
2024-11-28 06:49:07.158,0.07200000000000001,0.10622854,0.03422853785753249,0.068
2024-11-28 06:59:09.475,0.064,0.081978515,0.017978514790534972,0.033
2024-11-28 07:09:07.277,0.097,0.087054096,-0.00994590383768082,0.066
2024-11-28 07:19:07.085,0.096,0.10584593,0.00984592819213867,0.064
2024-11-28 07:29:06.761,0.163,0.11432242,-0.04867758351564408,0.097
2024-11-28 07:39:08.560,0.123,0.11841514,-0.004584860384464262,0.106
2024-11-28 07:49:08.005,0.113,0.13948865,0.02648865234851837,0.098
2024-11-28 07:59:07.568,0.187,0.1454438,-0.04155620288848877,0.07200000000000001
2024-11-28 08:09:08.639,0.112,0.13685168,0.024851683259010313,0.064
2024-11-28 08:19:07.120,0.145,0.14682043,0.0018204259872436623,0.097
2024-11-28 08:29:07.303,0.121,0.13562813,0.014628134012222294,0.096
2024-11-28 08:39:08.111,0.112,0.14342648,0.03142647790908813,0.163
2024-11-28 08:49:07.110,0.145,0.14951056,0.004510562419891367,0.123
2024-11-28 08:59:06.704,0.088,0.13579912,0.0477991248369217,0.113
2024-11-28 09:09:08.920,0.129,0.12547788,-0.003522119760513309,0.187
2024-11-28 09:19:07.962,0.123,0.12133762,-0.0016623775959014875,0.112
2024-11-28 09:29:07.421,0.065,0.12927449,0.06427448749542236,0.145
2024-11-28 09:39:08.563,0.097,0.10939992,0.012399922192096707,0.121
2024-11-28 09:49:07.047,0.12,0.12799068,0.007990677952766423,0.112
2024-11-28 09:59:07.358,0.11,0.14360516,0.03360515773296356,0.145
2024-11-28 10:09:06.896,0.112,0.1448282,0.032828200340270994,0.088
2024-11-28 10:19:07.610,0.144,0.14843175,0.004431748151779186,0.129
2024-11-28 10:29:07.872,0.137,0.13050312,-0.00649688196182252,0.123
2024-11-28 10:39:07.251,0.088,0.13929091,0.05129091393947602,0.065
2024-11-28 10:49:08.645,0.144,0.12390162,-0.020098379492759694,0.097
2024-11-28 10:59:07.711,0.111,0.12956621,0.018566207528114317,0.12
2024-11-28 11:09:07.722,0.143,0.14855543,0.005555427789688122,0.11
2024-11-28 11:19:07.315,0.12,0.12905778,0.009057779908180241,0.112
2024-11-28 11:29:07.085,0.112,0.14026003,0.028260025858879087,0.144
2024-11-28 11:39:07.621,0.145,0.14786603,0.0028660255670547585,0.137
2024-11-28 11:49:07.653,0.079,0.13004515,0.051045145750045776,0.088
2024-11-28 11:59:07.587,0.144,0.11937292,-0.024627080798149098,0.144
2024-11-28 12:09:06.850,0.112,0.12727459,0.015274587750434873,0.111
2024-11-28 12:19:06.785,0.079,0.13860923,0.059609230518341064,0.143
2024-11-28 12:29:08.144,0.123,0.11928825,-0.0037117491960525495,0.12
2024-11-28 12:39:07.787,0.049,0.10018372,0.051183717906475065,0.112
2024-11-28 12:49:07.948,0.115,0.089454025,-0.025545974969863897,0.145
2024-11-28 12:59:06.862,0.082,0.10012263,0.018122630596160885,0.079
2024-11-28 13:09:08.433,0.075,0.09343935,0.018439348042011264,0.144
2024-11-28 13:19:08.843,0.131,0.10622115,-0.024778853118419653,0.112
2024-11-28 13:29:07.259,0.098,0.11466569,0.016665687084197994,0.079
2024-11-28 13:39:07.510,0.098,0.12243115,0.024431151568889614,0.123
2024-11-28 13:49:08.118,0.098,0.11928028,0.021280278682708736,0.049
2024-11-28 13:59:08.452,0.106,0.12438756,0.018387562274932864,0.115
2024-11-28 14:09:06.781,0.098,0.11625929,0.018259291768074032,0.082
2024-11-28 14:19:08.717,0.106,0.11955227,0.013552269577980045,0.075
2024-11-28 14:29:07.445,0.132,0.122114114,-0.009885885536670691,0.131
2024-11-28 14:39:08.105,0.066,0.11288274,0.04688274079561233,0.098
2024-11-28 14:49:07.747,0.106,0.106239505,0.0002395051121711761,0.098
2024-11-28 14:59:07.452,0.098,0.116755776,0.018755776107311245,0.098
2024-11-28 15:09:06.922,0.065,0.1205056,0.05550560116767883,0.106
2024-11-28 15:19:07.532,0.139,0.10723054,-0.03176946336030961,0.098
2024-11-28 15:29:07.588,0.098,0.11135297,0.013352972686290737,0.106
2024-11-28 15:39:06.788,0.098,0.12498586,0.026985858798027035,0.132
2024-11-28 15:49:07.499,0.106,0.12175815,0.01575814807415009,0.066
2024-11-28 15:59:07.727,0.116,0.11730623,0.0013062324523925722,0.106
2024-11-28 16:09:08.380,0.099,0.11947475,0.020474746286869044,0.098
2024-11-28 16:19:07.113,0.098,0.11629089,0.018290889680385586,0.065
2024-11-28 16:29:08.121,0.14,0.12426403,-0.01573596835136415,0.139
2024-11-28 16:39:08.560,0.066,0.11073327,0.0447332706451416,0.098
2024-11-28 16:49:07.246,0.098,0.10605523,0.008055229902267452,0.098
2024-11-28 16:59:07.525,0.099,0.12061737,0.021617367327213283,0.106
2024-11-28 17:09:08.034,0.118,0.12057073,0.0025707266926765504,0.116
2024-11-28 17:19:07.276,0.112,0.13737765,0.025377649545669553,0.099
2024-11-28 17:29:06.770,0.12,0.13183218,0.011832182407379155,0.098
2024-11-28 17:39:08.558,0.145,0.13802595,-0.006974045634269704,0.14
2024-11-28 17:49:06.952,0.08600000000000001,0.12568459,0.03968458914756774,0.066
2024-11-28 18:09:07.488,0.113,0.12202997,0.009029967606067654,0.098
2024-11-28 18:19:06.539,0.11,0.13321142,0.023211418986320495,0.099
2024-11-28 18:29:07.668,0.112,0.14192425,0.02992424714565277,0.118
2024-11-28 18:39:06.919,0.078,0.13221627,0.05421627473831177,0.112
2024-11-28 18:49:07.448,0.144,0.11875413,-0.025245866417884816,0.12
2024-11-28 18:59:06.881,0.111,0.1263895,0.015389503479003905,0.145
2024-11-28 19:09:07.957,0.12,0.13459991,0.014599909186363225,0.08600000000000001
2024-11-28 19:19:06.770,0.08600000000000001,0.13095859,0.04495858693122863,0.113
2024-11-28 19:29:07.736,0.111,0.11664388,0.005643883287906645,0.11
2024-11-28 19:39:06.985,0.111,0.14024638,0.029246376395225523,0.112
2024-11-28 19:49:06.782,0.096,0.13942191,0.043421910047531126,0.078
2024-11-28 19:59:07.216,0.097,0.11039033,0.013390327870845792,0.144
2024-11-28 20:09:08.838,0.077,0.1130599,0.03605990070104599,0.111
2024-11-28 20:19:06.796,0.154,0.108782604,-0.04521739566326141,0.12
2024-11-28 20:29:07.010,0.119,0.11121333,-0.007786673545837397,0.08600000000000001
2024-11-28 20:39:06.510,0.111,0.121275194,0.010275193989276885,0.111
2024-11-28 20:49:06.859,0.076,0.12747402,0.051474024891853334,0.111
2024-11-28 20:59:06.676,0.121,0.10714073,-0.013859272658824917,0.096
2024-11-28 21:09:08.395,0.1,0.12383632,0.02383632361888885,0.097
2024-11-28 21:19:07.578,0.1,0.1040922,0.004092203080654139,0.077
2024-11-28 21:29:07.861,0.065,0.10129478,0.036294778287410734,0.154
2024-11-28 21:39:07.540,0.065,0.08841523,0.02341522783041,0.119
2024-11-28 21:49:07.124,0.06,0.08734072,0.027340719997882845,0.111
2024-11-28 21:59:06.690,0.058,0.06716915,0.009169152200222012,0.076
2024-11-28 22:09:07.000,0.093,0.06807716,-0.02492283809185028,0.121
2024-11-28 22:19:07.046,0.033,0.05217186,0.019171859890222548,0.1
2024-11-28 22:29:06.527,0.068,0.05826413,-0.009735871136188512,0.1
2024-11-28 22:39:06.615,0.094,0.055830836,-0.03816916370391846,0.065
2024-11-28 22:49:07.055,0.094,0.052014053,-0.041985947132110596,0.065
2024-11-28 22:59:06.556,0.059,0.043929566,-0.015070434302091595,0.06
2024-11-28 23:09:06.680,0.025,0.05926126,0.0342612586915493,0.058
2024-11-28 23:19:06.578,0.025,0.053123083,0.02812308296561241,0.093
2024-11-28 23:29:07.401,0.025,0.05324252,0.028242519497871398,0.033
2024-11-28 23:39:07.290,0.059,0.053100795,-0.005899205446243283,0.068
2024-11-28 23:49:06.814,0.059,0.062288396,0.0032883960604667695,0.094
2024-11-28 23:59:06.981,0.095,0.06792258,-0.027077422738075257,0.094
2024-11-29 00:09:07.248,0.025,0.056087796,0.03108779564499855,0.059
2024-11-29 00:19:06.770,0.059,0.054884847,-0.004115152746438977,0.025
2024-11-29 00:29:06.831,0.033,0.054545466,0.02154546585679054,0.025
2024-11-29 00:39:07.489,0.093,0.047186453,-0.04581354710459709,0.025
2024-11-29 00:49:06.479,0.025,0.050235316,0.025235316157341002,0.059
2024-11-29 00:59:06.871,0.07100000000000001,0.053488493,-0.017511507034301765,0.059
2024-11-29 01:09:07.342,0.033,0.05010788,0.017107881426811217,0.095
2024-11-29 01:19:07.325,0.067,0.052429702,-0.014570297867059712,0.025
2024-11-29 01:29:06.510,0.033,0.05802518,0.025025181293487547,0.059
2024-11-29 01:39:06.809,0.042,0.05237194,0.010371941506862638,0.033
2024-11-29 01:49:06.713,0.025,0.05110609,0.02610609158873558,0.093
2024-11-29 01:59:07.067,0.059,0.05344915,-0.005550849825143811,0.025
2024-11-29 02:09:06.846,0.058,0.064230815,0.006230814576148984,0.07100000000000001
2024-11-29 02:19:06.929,0.025,0.064333424,0.03933342397212982,0.033
2024-11-29 02:29:08.271,0.033,0.053775717,0.020775716572999953,0.067
2024-11-29 02:39:06.646,0.025,0.048013072,0.023013072460889815,0.033
2024-11-29 02:49:07.373,0.059,0.053828444,-0.005171555668115613,0.042
2024-11-29 02:59:07.189,0.058,0.0643948,0.006394801855087277,0.025
2024-11-29 03:09:06.894,0.059,0.06473991,0.005739912748336795,0.059
2024-11-29 03:19:07.268,0.025,0.06477642,0.03977642059326172,0.058
2024-11-29 03:29:06.989,0.06,0.05420885,-0.005791151374578474,0.025
2024-11-29 03:39:08.258,0.058,0.061234888,0.0032348876893520326,0.033
2024-11-29 03:49:07.119,0.06,0.06478927,0.004789272844791415,0.025
2024-11-29 03:59:07.158,0.025,0.06121325,0.03621325120329857,0.059
2024-11-29 04:09:07.328,0.059,0.05421805,-0.004781949907541272,0.058
2024-11-29 04:19:06.950,0.025,0.061261337,0.036261337250471114,0.059
2024-11-29 04:29:08.499,0.093,0.05421805,-0.038781949907541274,0.025
2024-11-29 04:39:06.698,0.024,0.053347003,0.02934700271487236,0.06
2024-11-29 04:49:07.281,0.059,0.054081965,-0.004918034762144086,0.058
2024-11-29 05:19:07.785,0.058,0.064444326,0.00644432586431503,0.06
2024-11-29 05:29:06.722,0.024,0.06370936,0.03970936334133148,0.025
2024-11-29 05:39:08.619,0.024,0.052959852,0.028959851920604705,0.059
2024-11-29 05:49:07.288,0.024,0.053420004,0.02942000350356102,0.025
2024-11-29 05:59:06.883,0.024,0.054065127,0.030065126925706863,0.093
2024-11-29 06:09:07.509,0.056,0.058116123,0.0021161230802536,0.024
2024-11-29 06:19:06.826,0.024,0.067784235,0.04378423488140106,0.059
2024-11-29 06:29:06.481,0.024,0.05631899,0.032318990886211395,0.058
2024-11-29 06:39:06.846,0.024,0.056505416,0.032505415588617324,0.024
2024-11-29 06:49:06.953,0.024,0.05655725,0.03255724927783012,0.024
2024-11-29 06:59:07.157,0.055,0.05828293,0.00328293040394783,0.024
2024-11-29 07:09:07.151,0.054,0.0715159,0.017515902876853943,0.024
2024-11-29 07:19:07.814,0.055,0.073838845,0.018838844895362854,0.056
2024-11-29 07:29:07.566,0.027,0.06769958,0.04069958138465882,0.024
2024-11-29 07:39:06.811,0.056,0.061741788,0.005741787940263747,0.024
2024-11-29 07:49:06.854,0.064,0.06805066,0.00405066019296646,0.024
2024-11-29 07:59:11.850,0.07200000000000001,0.06110758,-0.01089242038130761,0.024
2024-11-29 08:09:07.284,0.104,0.08703716,-0.01696283900737762,0.055
2024-11-29 08:19:06.967,0.039,0.08811035,0.04911035007238388,0.054
2024-11-29 08:29:06.845,0.114,0.07790943,-0.0360905676484108,0.055
2024-11-29 08:39:07.561,0.066,0.13685544,0.07085543835163116,0.027
2024-11-29 08:49:06.581,0.074,0.097769566,0.023769565880298618,0.056
2024-11-29 08:59:06.846,0.081,0.09729504,0.016295038402080533,0.064
2024-11-29 09:09:07.917,0.097,0.096533634,-0.0004663662314415007,0.07200000000000001
2024-11-29 09:19:07.472,0.128,0.12069984,-0.0073001621961593655,0.104
2024-11-29 09:29:06.967,0.096,0.10844038,0.012440376818180082,0.039
2024-11-29 09:39:07.071,0.112,0.11769439,0.005694392800331113,0.114
2024-11-29 09:49:07.266,0.108,0.13535695,0.027356947779655458,0.066
2024-11-29 09:59:06.924,0.113,0.13943495,0.02643494856357574,0.074
2024-11-29 10:09:07.285,0.153,0.13453187,-0.018468129515647885,0.081
2024-11-29 10:19:08.380,0.129,0.12756039,-0.00143960797786713,0.097
2024-11-29 10:29:08.199,0.111,0.13889138,0.02789138400554657,0.128
2024-11-29 10:39:07.334,0.08,0.14302334,0.06302334189414978,0.096
2024-11-29 10:49:08.299,0.143,0.11744136,-0.025558636367321003,0.112
2024-11-29 10:59:06.821,0.126,0.12697732,0.0009773244857788077,0.108
2024-11-29 11:09:06.538,0.136,0.16035868,0.02435868227481841,0.113
2024-11-29 11:19:07.476,0.119,0.13831636,0.019316363096237188,0.153
2024-11-29 11:29:07.519,0.088,0.13781014,0.049810140848159795,0.129
2024-11-29 11:39:06.521,0.157,0.11938882,-0.037611181259155274,0.111
2024-11-29 11:49:08.674,0.125,0.13905884,0.01405884325504303,0.08
2024-11-29 11:59:09.006,0.133,0.15931122,0.026311220049858086,0.143
2024-11-29 12:09:07.891,0.094,0.15030105,0.05630105412006378,0.126
2024-11-29 12:19:07.460,0.094,0.13995321,0.045953210949897766,0.136
2024-11-29 12:29:08.270,0.174,0.13915396,-0.03484604263305663,0.119
2024-11-29 12:39:07.504,0.116,0.12831591,0.012315910696983332,0.088
2024-11-29 12:49:08.520,0.164,0.13642366,-0.027576337695121772,0.157
2024-11-29 12:59:08.277,0.102,0.14102548,0.039025483608245856,0.125
2024-11-29 13:09:08.738,0.157,0.14416581,-0.01283418607711792,0.133
2024-11-29 13:29:06.707,0.125,0.13640703,0.011407032608985901,0.094
2024-11-29 13:39:06.904,0.181,0.1550829,-0.025917103648185724,0.094
2024-11-29 13:49:08.788,0.102,0.13978061,0.037780610799789435,0.174
2024-11-29 13:59:06.930,0.101,0.14898215,0.04798215234279632,0.116
2024-11-29 14:09:06.986,0.123,0.14769484,0.02469484102725983,0.164
2024-11-29 14:19:07.078,0.125,0.1543318,0.02933180332183838,0.102
2024-11-29 14:29:07.059,0.126,0.15521188,0.029211880803108214,0.157
2024-11-29 14:39:07.963,0.127,0.15264228,0.025642279863357542,0.125
2024-11-29 14:49:07.054,0.167,0.15001634,-0.016983662366867075,0.181
2024-11-29 14:59:06.833,0.143,0.1396485,-0.003351502895355213,0.102
2024-11-29 15:09:07.012,0.094,0.14790468,0.05390467917919159,0.101
2024-11-29 15:19:06.876,0.11,0.13829933,0.028299331068992614,0.123
2024-11-29 15:29:06.603,0.11,0.13803244,0.02803243637084961,0.125
2024-11-29 15:39:07.737,0.142,0.14065392,-0.001346076846122729,0.126
2024-11-29 15:49:07.896,0.118,0.12433856,0.0063385598063468995,0.127
2024-11-29 15:59:06.860,0.095,0.13666297,0.04166297495365143,0.167
2024-11-29 16:09:06.777,0.127,0.13896431,0.011964310288429258,0.143
2024-11-29 16:19:06.897,0.127,0.157942,0.030941997051239012,0.094
2024-11-29 16:29:07.799,0.168,0.1533815,-0.014618503332138072,0.11
2024-11-29 16:39:06.713,0.095,0.14099629,0.0459962922334671,0.11
2024-11-29 16:49:06.399,0.065,0.13671368,0.07171368360519409,0.142
2024-11-29 16:59:07.733,0.033,0.101150274,0.0681502742767334,0.118
2024-11-29 17:09:06.847,0.077,0.07100506,-0.0059949387311935415,0.095
2024-11-29 17:19:07.029,0.103,0.0880149,-0.014985099315643305,0.127
2024-11-29 17:29:06.744,0.036,0.08953707,0.053537069201469424,0.127
2024-11-29 17:39:06.880,0.07,0.08512603,0.015126027464866632,0.168
2024-11-29 17:49:07.319,0.07,0.09327846,0.02327846020460128,0.095
2024-11-29 17:59:07.040,0.068,0.093365185,0.025365184962749476,0.065
2024-11-29 18:09:07.435,0.036,0.08567016,0.04967015826702118,0.033
2024-11-29 18:19:07.230,0.036,0.0772611,0.04126109772920609,0.077
2024-11-29 18:29:06.975,0.07,0.07733876,0.0073387625813484125,0.103
2024-11-29 18:39:06.623,0.069,0.07963884,0.010638838768005365,0.036
2024-11-29 18:49:06.530,0.112,0.08563823,-0.026361767470836642,0.07
2024-11-29 18:59:06.896,0.044,0.084614314,0.040614314138889315,0.07
2024-11-29 19:09:06.684,0.053,0.07108081,0.018080811321735384,0.068
2024-11-29 19:19:07.064,0.036,0.07037948,0.03437948071956635,0.036
2024-11-29 19:29:07.096,0.069,0.070383124,0.0013831240534782352,0.036
2024-11-29 19:39:07.022,0.069,0.08027861,0.011278612673282618,0.07
2024-11-29 19:49:06.735,0.036,0.0796552,0.04365520024299622,0.069
2024-11-29 19:59:07.035,0.07100000000000001,0.07778539,0.0067853876352310105,0.112
2024-11-29 20:09:07.072,0.103,0.073135115,-0.029864884793758387,0.044
2024-11-29 20:19:06.611,0.114,0.11642304,0.0024230406284332234,0.053
2024-11-29 20:29:08.446,0.036,0.07855926,0.04255925709009171,0.036
2024-11-29 20:39:07.052,0.07200000000000001,0.070424266,-0.001575733840465554,0.069
2024-11-29 20:49:07.220,0.036,0.0760186,0.040018601655960086,0.069
2024-11-29 20:59:07.014,0.037,0.070197225,0.033197224617004396,0.036
2024-11-29 21:09:06.836,0.025,0.06875012,0.04375012069940567,0.07100000000000001
2024-11-29 21:19:09.065,0.058,0.05424018,-0.003759821683168414,0.103
2024-11-29 21:29:06.996,0.058,0.06837545,0.010375453352928159,0.114
2024-11-29 21:39:07.288,0.025,0.068408415,0.04340841472148895,0.036
2024-11-29 21:49:06.398,0.079,0.060458943,-0.018541056752204896,0.07200000000000001
2024-11-29 21:59:08.141,0.033,0.04713509,0.014135088592767714,0.036
2024-11-29 22:09:06.839,0.101,0.052576177,-0.04842382317781449,0.037
2024-11-29 22:19:06.986,0.067,0.048812114,-0.018187886297702793,0.025
2024-11-29 22:29:09.346,0.067,0.054558527,-0.012441473275423054,0.058
2024-11-29 22:39:08.134,0.033,0.054558527,0.02155852672457695,0.058
2024-11-29 22:49:07.340,0.067,0.051155224,-0.01584477555751801,0.025
2024-11-29 22:59:07.543,0.067,0.049463157,-0.017536843389272694,0.079
2024-11-29 23:09:08.532,0.033,0.054968864,0.02196886372566223,0.033
2024-11-29 23:19:08.908,0.033,0.051631898,0.018631897687911986,0.101
2024-11-29 23:29:11.520,0.033,0.051944412,0.018944412291049956,0.067
2024-11-29 23:39:06.942,0.08,0.057338953,-0.022661046981811525,0.067
2024-11-29 23:49:06.782,0.033,0.046056103,0.013056102961301802,0.033
2024-11-29 23:59:07.247,0.042,0.05197141,0.009971409469842908,0.067
2024-11-30 00:09:06.528,0.034,0.05170908,0.01770907825231552,0.067
2024-11-30 00:19:08.881,0.069,0.052177966,-0.016822034358978277,0.033
2024-11-30 00:29:06.896,0.069,0.057423078,-0.011576922476291662,0.033
2024-11-30 00:39:07.234,0.07200000000000001,0.05741414,-0.014585859447717675,0.033
2024-11-30 00:49:07.076,0.042,0.050359268,0.008359267741441724,0.08
2024-11-30 00:59:06.962,0.07,0.049259856,-0.02074014365673066,0.033
2024-11-30 01:09:06.713,0.07,0.050575357,-0.019424643069505698,0.042
2024-11-30 01:19:06.673,0.105,0.05771744,-0.04728256121277809,0.034
2024-11-30 01:29:07.104,0.034,0.05646541,0.02246540969610214,0.069
2024-11-30 01:39:10.889,0.08,0.052258883,-0.027741117328405382,0.069
2024-11-30 01:49:08.952,0.034,0.04878783,0.014787828534841535,0.07200000000000001
2024-11-30 01:59:06.740,0.106,0.052697144,-0.053302855551242825,0.042
2024-11-30 02:09:07.407,0.034,0.058968235,0.02496823480725288,0.07
2024-11-30 02:19:08.070,0.062,0.050670393,-0.01132960718870163,0.07
2024-11-30 02:29:06.519,0.025,0.06491658,0.03991658091545105,0.105
2024-11-30 02:49:08.798,0.06,0.055148635,-0.00485136494040489,0.034
2024-11-30 02:59:07.598,0.025,0.06439667,0.03939667195081711,0.08
2024-11-30 03:09:06.905,0.025,0.05561413,0.030614128708839415,0.034
2024-11-30 03:19:06.880,0.025,0.055653103,0.030653102695941924,0.106
2024-11-30 03:29:06.906,0.025,0.055576168,0.030576168000698088,0.034
2024-11-30 03:39:07.469,0.059,0.05478794,-0.004212058722972867,0.062
2024-11-30 03:49:06.817,0.025,0.06494259,0.03994259089231491,0.025
2024-11-30 03:59:08.221,0.025,0.047076713,0.022076713293790816,0.06
2024-11-30 04:09:09.582,0.025,0.047076713,0.022076713293790816,0.025
2024-11-30 04:19:09.472,0.025,0.047058385,0.022058384865522383,0.025
2024-11-30 04:29:07.025,0.068,0.04707433,-0.020925670892000203,0.025
2024-11-30 04:39:07.109,0.058,0.052696645,-0.005303354740142825,0.025
2024-11-30 04:49:07.106,0.025,0.0647581,0.03975809961557388,0.059
2024-11-30 04:59:07.333,0.024,0.047065377,0.023065377235412597,0.025
2024-11-30 05:09:07.834,0.024,0.046497744,0.02249774357676506,0.025
2024-11-30 05:19:07.323,0.033,0.046459142,0.013459142118692397,0.025
2024-11-30 05:29:07.047,0.085,0.04854128,-0.036458718627691275,0.025
2024-11-30 05:39:12.727,0.033,0.050177004,0.017177004188299178,0.068
2024-11-30 05:49:07.655,0.068,0.052628383,-0.015371616959571843,0.058
2024-11-30 05:59:06.784,0.068,0.05830391,-0.009696088761091237,0.025
2024-11-30 06:09:09.354,0.024,0.06179787,0.03779786846041679,0.024
2024-11-30 06:19:09.182,0.058,0.049030922,-0.008969077646732333,0.024
2024-11-30 06:29:07.065,0.024,0.06777272,0.04377271628379822,0.033
2024-11-30 06:39:08.702,0.091,0.049509685,-0.0414903145134449,0.085
2024-11-30 06:49:07.056,0.07200000000000001,0.05215046,-0.019849538177251824,0.033
2024-11-30 06:59:08.999,0.07,0.07806242,0.00806242257356643,0.068
2024-11-30 07:09:07.920,0.037,0.080562234,0.043562233924865724,0.068
2024-11-30 07:19:07.797,0.045,0.05742108,0.01242108076810837,0.024
2024-11-30 07:29:07.164,0.112,0.065523274,-0.04647672575712204,0.058
2024-11-30 07:39:06.711,0.079,0.08774027,0.008740272283554076,0.024
2024-11-30 07:49:07.788,0.111,0.07494679,-0.03605320906639099,0.091
2024-11-30 08:09:07.844,0.08700000000000001,0.09383136,0.0068313603401184,0.07200000000000001
2024-11-30 08:19:08.793,0.101,0.08898135,-0.012018647253513343,0.07
2024-11-30 08:29:07.123,0.078,0.086430855,0.008430855095386505,0.037
2024-11-30 08:39:07.523,0.069,0.08024211,0.011242112278938288,0.045
2024-11-30 08:49:06.968,0.1,0.0884059,-0.01159410029649735,0.112
2024-11-30 08:59:07.676,0.069,0.09616266,0.027162661910057062,0.079
2024-11-30 09:09:06.920,0.037,0.097317636,0.06031763601303101,0.111
2024-11-30 09:19:07.135,0.068,0.086239725,0.018239725351333613,0.08700000000000001
2024-11-30 09:29:07.067,0.069,0.093606174,0.024606173992156977,0.101
2024-11-30 09:39:07.286,0.099,0.09460989,-0.004390113592147832,0.078
2024-11-30 09:49:07.915,0.077,0.09789045,0.020890451550483705,0.069
2024-11-30 09:59:08.154,0.037,0.09096093,0.053960927307605745,0.1
2024-11-30 10:19:09.373,0.07,0.0849087,0.01490870147943496,0.069
2024-11-30 10:29:08.128,0.101,0.083031334,-0.017968666017055518,0.037
2024-11-30 10:39:08.185,0.037,0.08427315,0.04727315205335617,0.068
2024-11-30 10:49:07.653,0.037,0.07688706,0.03988706368207932,0.069
2024-11-30 10:59:07.073,0.101,0.08465507,-0.01634493118524552,0.099
2024-11-30 11:09:06.549,0.1,0.09116082,-0.008839181065559393,0.077
2024-11-30 11:29:07.456,0.037,0.08118131,0.04418131011724472,0.037
2024-11-30 11:39:06.827,0.037,0.077263616,0.04026361602544785,0.07
2024-11-30 11:49:07.560,0.127,0.0774648,-0.04953520339727402,0.101
2024-11-30 11:59:06.651,0.101,0.08621137,-0.01478863155841828,0.037
2024-11-30 12:09:06.912,0.109,0.08131399,-0.02768600994348526,0.037
2024-11-30 12:19:07.875,0.045,0.08780429,0.04280428767204285,0.101
2024-11-30 12:29:06.833,0.054,0.083807856,0.02980785584449768,0.1
2024-11-30 12:39:06.609,0.101,0.08496554,-0.016034458041191108,0.037
2024-11-30 12:49:06.823,0.069,0.079426005,0.01042600548267364,0.037
2024-11-30 12:59:08.556,0.101,0.08370602,-0.01729397869110108,0.127
2024-11-30 13:09:06.900,0.038,0.090866834,0.05286683392524719,0.101
2024-11-30 13:19:06.771,0.038,0.08663402,0.048634017527103425,0.109
2024-11-30 13:29:07.352,0.102,0.08319673,-0.018803270578384393,0.045
2024-11-30 13:39:07.082,0.069,0.08248632,0.013486316561698908,0.054
2024-11-30 13:49:08.135,0.119,0.083693765,-0.03530623489618301,0.101
2024-11-30 13:59:07.086,0.046,0.09510902,0.04910902315378189,0.069
2024-11-30 14:09:06.840,0.038,0.08527712,0.04727711778879166,0.101
2024-11-30 14:19:07.516,0.101,0.073777474,-0.027222525537014014,0.038
2024-11-30 14:29:06.566,0.069,0.080580644,0.011580644309520716,0.038
2024-11-30 14:39:07.826,0.102,0.08327864,-0.018721358895301812,0.102
2024-11-30 14:49:07.508,0.046,0.08216135,0.036161352038383485,0.069
2024-11-30 14:59:07.030,0.045,0.084944256,0.03994425565004349,0.119
2024-11-30 15:09:07.600,0.069,0.08171172,0.012711716949939722,0.046
2024-11-30 15:19:06.562,0.069,0.07949921,0.010499207437038416,0.038
2024-11-30 15:29:06.904,0.101,0.08370602,-0.01729397869110108,0.101
2024-11-30 15:39:07.151,0.046,0.082337745,0.036337744534015656,0.069
2024-11-30 15:49:06.753,0.046,0.08541623,0.03941622757911682,0.102
2024-11-30 15:59:06.648,0.07100000000000001,0.075149804,0.004149804353713982,0.046
2024-11-30 16:09:07.212,0.079,0.080666125,0.0016661248207092277,0.045
2024-11-30 16:19:06.681,0.069,0.07688759,0.007887592673301691,0.069
2024-11-30 16:29:06.659,0.046,0.08145513,0.03545512640476227,0.069
2024-11-30 16:39:07.740,0.111,0.08298147,-0.028018532752990724,0.101
2024-11-30 16:49:07.494,0.096,0.08520337,-0.010796628057956698,0.046
2024-11-30 16:59:06.798,0.057,0.07687029,0.019870292425155638,0.046
2024-11-30 17:09:07.006,0.058,0.07119137,0.013191370487213132,0.07100000000000001
2024-11-30 17:19:06.700,0.024,0.06102697,0.03702697178721428,0.079
2024-11-30 17:29:06.938,0.09,0.061083518,-0.028916482031345364,0.069
2024-11-30 17:39:07.596,0.057,0.05133617,-0.005663830757141115,0.046
2024-11-30 17:49:06.988,0.033,0.0781987,0.04519870114326477,0.111
2024-11-30 17:59:06.821,0.033,0.06975201,0.03675200772285461,0.096
2024-11-30 18:09:07.396,0.066,0.06717208,0.0011720802783966033,0.057
2024-11-30 18:19:07.325,0.099,0.0559792,-0.04302080029249192,0.058
2024-11-30 18:29:06.627,0.057,0.05984138,0.0028413795232772807,0.024
2024-11-30 18:39:06.739,0.057,0.06864282,0.011642817437648771,0.09
2024-11-30 18:49:08.685,0.024,0.0689032,0.04490320032835007,0.057
2024-11-30 18:59:06.708,0.057,0.056691516,-0.00030848380923271385,0.033
2024-11-30 19:09:06.925,0.057,0.062434837,0.005434837222099302,0.033
2024-11-30 19:19:07.120,0.024,0.061859213,0.037859212815761566,0.066
2024-11-30 19:29:06.823,0.058,0.053846836,-0.004153163909912112,0.099
2024-11-30 19:39:06.710,0.066,0.06317376,-0.0028262365460395844,0.057
2024-11-30 19:49:07.703,0.091,0.04981649,-0.04118351078033447,0.057
2024-11-30 19:59:07.008,0.024,0.040520452,0.016520451962947845,0.024
2024-11-30 20:09:07.024,0.033,0.053351916,0.02035191637277603,0.057
2024-11-30 20:19:08.588,0.033,0.052383248,0.01938324776291847,0.057
2024-11-30 20:29:07.480,0.066,0.051115494,-0.014884505778551105,0.024
2024-11-30 20:39:06.835,0.101,0.049458217,-0.05154178312420846,0.058
2024-11-30 20:49:11.785,0.025,0.049276106,0.024276106059551238,0.066
2024-11-30 20:59:09.595,0.059,0.05321819,-0.005781810373067853,0.091
2024-11-30 21:09:07.356,0.057,0.0589318,0.0019318014681339243,0.024
2024-11-30 21:19:07.398,0.09,0.06131693,-0.028683070242404934,0.033
2024-11-30 21:29:06.980,0.024,0.039457537,0.015457537233829498,0.033
2024-11-30 21:39:09.328,0.024,0.052028712,0.02802871188521385,0.066
2024-11-30 21:49:13.691,0.032,0.052733537,0.020733536809682845,0.101
2024-11-30 21:59:07.711,0.057,0.044375785,-0.012624215304851534,0.025
2024-11-30 22:09:08.229,0.058,0.061288033,0.0032880326807498902,0.059
2024-11-30 22:19:15.718,0.058,0.052656945,-0.005343055158853534,0.057
2024-11-30 22:29:07.005,0.091,0.054311246,-0.03668875432014465,0.09
2024-11-30 22:39:08.008,0.024,0.04067235,0.01667235067486763,0.024
2024-11-30 22:49:07.279,0.058,0.05211302,-0.0058869810700416594,0.024
2024-11-30 22:59:07.131,0.024,0.061379865,0.03737986481189728,0.032
2024-11-30 23:09:07.139,0.058,0.05211302,-0.0058869810700416594,0.057
2024-11-30 23:19:06.590,0.025,0.0613888,0.03638880178332329,0.058
2024-11-30 23:29:07.825,0.025,0.052220985,0.027220985293388365,0.058
2024-11-30 23:39:10.281,0.025,0.051695846,0.026695846021175383,0.091
2024-11-30 23:49:06.693,0.058,0.051884748,-0.006115251958370212,0.024
2024-11-30 23:59:07.163,0.091,0.062117092,-0.028882907688617704,0.058
2024-12-01 00:09:06.966,0.024,0.046051666,0.022051666140556335,0.024
2024-12-01 00:19:06.943,0.059,0.054474793,-0.004525206625461575,0.058
2024-12-01 00:29:07.202,0.058,0.06187656,0.0038765614926815004,0.025
2024-12-01 00:39:06.687,0.119,0.06443242,-0.054567580163478846,0.025
2024-12-01 00:49:07.077,0.025,0.06755745,0.042557446658611296,0.025
2024-12-01 00:59:07.021,0.059,0.05419674,-0.004803258568048474,0.058
2024-12-01 01:09:07.670,0.025,0.06506334,0.040063342452049254,0.091
2024-12-01 01:19:06.709,0.093,0.054230854,-0.03876914608478546,0.024
2024-12-01 01:29:06.832,0.025,0.05139034,0.02639033868908882,0.059
2024-12-01 01:39:06.726,0.033,0.05430359,0.021303590208292006,0.058
2024-12-01 01:49:07.936,0.025,0.05507615,0.030076148360967635,0.119
2024-12-01 01:59:06.893,0.059,0.05550653,-0.003493468850851056,0.025
2024-12-01 02:09:08.413,0.059,0.0657927,0.006792702138423923,0.059
2024-12-01 02:19:07.067,0.025,0.06579783,0.0407978281378746,0.025
2024-12-01 02:29:06.581,0.025,0.056236356,0.03123635649681091,0.093
2024-12-01 02:39:06.313,0.025,0.055281453,0.03028145283460617,0.025
2024-12-01 02:49:08.124,0.068,0.054553125,-0.013446874946355825,0.033
2024-12-01 02:59:06.810,0.025,0.052650034,0.02765003442764282,0.025
2024-12-01 03:09:08.086,0.025,0.054993186,0.029993186146020888,0.059
2024-12-01 03:19:07.418,0.025,0.054993186,0.029993186146020888,0.059
2024-12-01 03:29:06.943,0.095,0.05595921,-0.03904079020023346,0.025
2024-12-01 03:39:08.696,0.059,0.052044038,-0.006955962270498273,0.025
2024-12-01 03:49:06.782,0.061,0.06548031,0.004480306744575502,0.025
2024-12-01 03:59:06.861,0.025,0.05914597,0.0341459684073925,0.068
2024-12-01 04:09:06.515,0.06,0.05490212,-0.00509787857532501,0.025
2024-12-01 04:19:07.563,0.059,0.05912596,0.000125959873199466,0.025
2024-12-01 04:29:07.509,0.094,0.06548031,-0.0285196932554245,0.025
2024-12-01 04:39:06.820,0.025,0.05243668,0.02743667960166931,0.095
2024-12-01 04:49:06.957,0.06,0.054993186,-0.0050068138539791085,0.059
2024-12-01 04:59:07.181,0.025,0.062143866,0.03714386597275734,0.061
2024-12-01 05:09:07.075,0.097,0.054543585,-0.042456415414810184,0.025
2024-12-01 05:19:06.655,0.025,0.059176195,0.03417619541287422,0.06
2024-12-01 05:29:07.838,0.061,0.055841517,-0.005158483296632765,0.059
2024-12-01 05:39:07.121,0.025,0.060264762,0.035264762490987776,0.094
2024-12-01 05:49:06.882,0.053,0.047401417,-0.005598582953214644,0.025
2024-12-01 05:59:06.967,0.06,0.05349517,-0.006504831314086912,0.06
2024-12-01 06:09:07.218,0.025,0.06706369,0.04206368923187256,0.025
2024-12-01 06:19:08.213,0.025,0.059907123,0.03490712344646454,0.097
2024-12-01 06:29:07.632,0.06,0.057505336,-0.0024946643412113167,0.025
2024-12-01 06:39:07.607,0.025,0.06710893,0.04210892915725708,0.061
2024-12-01 06:49:08.597,0.033,0.0499126,0.016912601709365843,0.025
2024-12-01 06:59:06.930,0.025,0.053632308,0.028632307797670363,0.053
2024-12-01 07:09:11.460,0.059,0.052589074,-0.006410926222801205,0.06
2024-12-01 07:19:08.008,0.059,0.070657365,0.011657365024089816,0.025
2024-12-01 07:29:07.983,0.031,0.070657365,0.03965736502408981,0.025
2024-12-01 07:39:06.465,0.033,0.058963895,0.025963894844055174,0.06
2024-12-01 07:49:06.839,0.033,0.05889771,0.0258977113366127,0.025
2024-12-01 07:59:06.998,0.102,0.05889771,-0.04310228866338729,0.033
2024-12-01 08:09:07.134,0.067,0.06900373,0.0020037310123443564,0.025
2024-12-01 08:19:07.996,0.067,0.06706323,6.322729587554532e-05,0.059
2024-12-01 08:29:07.301,0.034,0.067450054,0.033450053989887235,0.059
2024-12-01 08:39:06.834,0.036,0.06053412,0.02453411960601807,0.031
2024-12-01 08:49:07.103,0.094,0.061250485,-0.032749514520168305,0.033
2024-12-01 08:59:06.647,0.058,0.06192482,0.003924818903207776,0.033
2024-12-01 09:09:07.647,0.093,0.07216207,-0.020837930619716644,0.102
2024-12-01 09:19:06.954,0.033,0.062723465,0.029723465263843535,0.067
2024-12-01 09:29:07.350,0.024,0.06374818,0.039748180866241455,0.067
2024-12-01 09:39:07.993,0.092,0.054027256,-0.0379727443754673,0.034
2024-12-01 09:49:08.013,0.057,0.05870848,0.001708481490612028,0.036
2024-12-01 09:59:07.439,0.057,0.07412458,0.017124582111835478,0.094
2024-12-01 10:09:06.603,0.024,0.07323141,0.04923140650987625,0.058
2024-12-01 10:19:07.168,0.024,0.06311896,0.039118956983089447,0.093
2024-12-01 10:29:06.878,0.091,0.054438893,-0.03656110724806785,0.033
2024-12-01 10:39:07.280,0.057,0.053668812,-0.0033311880826950094,0.024
2024-12-01 10:49:06.931,0.089,0.07371094,-0.015289059221744533,0.092
2024-12-01 10:59:07.184,0.024,0.055425856,0.03142585626244545,0.057
2024-12-01 11:09:08.143,0.024,0.056722756,0.03272275647521019,0.057
2024-12-01 11:19:07.007,0.098,0.05343863,-0.044561370044946674,0.024
2024-12-01 11:29:06.981,0.065,0.064973116,-2.6884078979494408e-05,0.024
2024-12-01 11:49:08.495,0.032,0.06667638,0.03467637825012207,0.057
2024-12-01 11:59:08.762,0.032,0.06278538,0.030785379588603973,0.089
2024-12-01 12:09:07.341,0.097,0.059886333,-0.03711366739869118,0.024
2024-12-01 12:19:07.614,0.032,0.06388516,0.0318851597905159,0.024
2024-12-01 12:29:08.111,0.056,0.062343735,0.006343735247850417,0.098
2024-12-01 12:39:07.504,0.056,0.07393363,0.017933631181716918,0.065
2024-12-01 12:49:07.468,0.056,0.08371692,0.027716921508312224,0.097
2024-12-01 12:59:06.675,0.056,0.07159751,0.015597509086132048,0.032
2024-12-01 13:09:09.090,0.05,0.066236064,0.016236063838005063,0.032
2024-12-01 13:19:07.408,0.056,0.06064823,0.004648228973150252,0.097
2024-12-01 13:29:07.575,0.057,0.07188387,0.014883872151374815,0.032
2024-12-01 13:39:06.861,0.057,0.0733111,0.016311097919940946,0.056
2024-12-01 13:49:07.345,0.057,0.07217001,0.015170011699199674,0.056
2024-12-01 13:59:07.457,0.024,0.0656822,0.04168220257759094,0.056
2024-12-01 14:09:07.017,0.09,0.056057453,-0.03394254684448242,0.056
2024-12-01 14:19:07.183,0.057,0.046200234,-0.010799765557050707,0.05
2024-12-01 14:29:06.680,0.065,0.06222359,-0.0027764090895652793,0.056
2024-12-01 14:39:06.609,0.066,0.052226156,-0.013773844003677371,0.057
2024-12-01 14:49:06.956,0.024,0.04919246,0.025192458391189575,0.057
2024-12-01 14:59:08.834,0.09,0.043376915,-0.04662308484315872,0.057
2024-12-01 15:09:06.924,0.083,0.05276031,-0.030239689528942112,0.024
2024-12-01 15:19:06.833,0.057,0.058323644,0.0013236441016197184,0.09
2024-12-01 15:29:06.664,0.057,0.071132965,0.014132965385913847,0.057
2024-12-01 15:39:07.394,0.024,0.06590283,0.04190282917022705,0.065
2024-12-01 15:49:07.050,0.099,0.054114826,-0.04488517397642136,0.066
2024-12-01 15:59:07.576,0.065,0.0625398,-0.002460198998451235,0.024
2024-12-01 16:09:06.865,0.065,0.06279346,-0.0022065365314483665,0.09
2024-12-01 16:19:07.275,0.058,0.067034796,0.009034795880317685,0.083
2024-12-01 16:29:06.833,0.024,0.07489996,0.050899956583976745,0.057
2024-12-01 16:39:07.659,0.091,0.054111935,-0.03688806480169296,0.057
2024-12-01 16:49:07.098,0.057,0.051914126,-0.00508587431907654,0.024
2024-12-01 16:59:07.304,0.024,0.07257434,0.04857433980703354,0.099
2024-12-01 17:09:07.500,0.058,0.053665847,-0.004334153413772586,0.065
2024-12-01 17:19:06.664,0.024,0.07396739,0.04996738976240158,0.065
2024-12-01 17:29:07.356,0.09,0.052775476,-0.037224523872137066,0.058
2024-12-01 17:39:06.623,0.057,0.051019747,-0.005980253189802172,0.024
2024-12-01 17:49:08.264,0.024,0.071939126,0.047939125657081604,0.091
2024-12-01 17:59:06.728,0.032,0.053581372,0.021581371903419494,0.057
2024-12-01 18:09:07.249,0.066,0.052442405,-0.013557594627141956,0.024
2024-12-01 18:19:07.265,0.066,0.058234338,-0.00776566228270531,0.058
2024-12-01 18:29:07.710,0.066,0.05496957,-0.011030428469181064,0.024
2024-12-01 18:39:07.636,0.098,0.057018943,-0.04098105686903,0.09
2024-12-01 18:49:06.722,0.032,0.059632983,0.027632983058691024,0.057
2024-12-01 18:59:07.295,0.024,0.056619223,0.032619223207235336,0.024
2024-12-01 19:09:08.163,0.024,0.0464754,0.022475399285554885,0.032
2024-12-01 19:19:07.094,0.066,0.04666458,-0.019335419297218326,0.066
2024-12-01 19:29:08.612,0.089,0.05011877,-0.03888122954964637,0.066
2024-12-01 19:39:06.596,0.024,0.041562393,0.01756239330768585,0.066
2024-12-01 19:49:07.044,0.056,0.055036794,-0.0009632056057453167,0.098
2024-12-01 19:59:06.732,0.024,0.064033024,0.04003302401304245,0.032
2024-12-01 20:09:07.694,0.057,0.04707381,-0.009926188707351687,0.024
2024-12-01 20:19:09.131,0.057,0.06218289,0.005182888388633726,0.024
2024-12-01 20:29:07.174,0.024,0.062239945,0.03823994493484497,0.066
2024-12-01 20:39:07.083,0.058,0.046118002,-0.011881997615098956,0.089
2024-12-01 20:49:06.964,0.058,0.05667864,-0.0013213584125041991,0.024
2024-12-01 20:59:06.847,0.099,0.062258873,-0.03674112686514855,0.056
2024-12-01 21:09:07.332,0.025,0.054487422,0.029487422108650206,0.024
2024-12-01 21:19:10.657,0.059,0.04606828,-0.012931719064712521,0.057
2024-12-01 21:29:07.342,0.025,0.062307157,0.03730715662240982,0.057
2024-12-01 21:39:07.323,0.058,0.04556308,-0.012436920583248141,0.024
2024-12-01 21:49:07.273,0.058,0.061844736,0.0038447363376617402,0.058
2024-12-01 21:59:06.759,0.025,0.061826408,0.03682640790939331,0.058
2024-12-01 22:09:08.251,0.06,0.04716243,-0.01283757150173187,0.099
2024-12-01 22:19:07.181,0.025,0.05778917,0.03278916925191879,0.025
2024-12-01 22:29:07.641,0.094,0.045569733,-0.048430267214775086,0.059
2024-12-01 22:39:07.341,0.025,0.04344239,0.018442390859127043,0.025
2024-12-01 22:49:07.168,0.06,0.04559245,-0.014407550394535062,0.058
2024-12-01 22:59:06.906,0.025,0.05829382,0.03329381942749023,0.058
2024-12-01 23:09:07.164,0.059,0.045549378,-0.013450622200965878,0.025
2024-12-01 23:19:07.161,0.059,0.061836705,0.0028367046117782624,0.06
2024-12-01 23:29:06.847,0.025,0.06174564,0.036745639890432356,0.025
2024-12-01 23:39:07.131,0.025,0.045766827,0.020766826719045638,0.094
2024-12-01 23:49:07.145,0.025,0.04551854,0.02051853984594345,0.025
2024-12-01 23:59:06.757,0.096,0.04556161,-0.050438388347625734,0.06
2024-12-02 00:09:08.783,0.029,0.049061395,0.020061395227909087,0.025
2024-12-02 00:19:07.505,0.062,0.052761,-0.009239000350236892,0.059
2024-12-02 00:29:06.825,0.025,0.058073856,0.03307385593652725,0.059
2024-12-02 00:39:06.599,0.061,0.046822987,-0.014177012503147124,0.025
2024-12-02 00:49:09.833,0.069,0.060782928,-0.008217071980237967,0.025
2024-12-02 00:59:06.625,0.025,0.050955765,0.025955764949321745,0.025
2024-12-02 01:09:06.880,0.025,0.047247753,0.022247752547264098,0.096
2024-12-02 01:19:07.456,0.025,0.0469698,0.021969801187515257,0.029
2024-12-02 01:29:06.972,0.06,0.046928413,-0.01307158678770065,0.062
2024-12-02 01:39:07.712,0.069,0.061302587,-0.007697412610054022,0.025
2024-12-02 01:49:06.848,0.062,0.051376477,-0.010623523116111755,0.061
2024-12-02 01:59:06.999,0.025,0.058508955,0.03350895494222641,0.069
2024-12-02 02:09:08.128,0.062,0.04736043,-0.014639568597078323,0.025
2024-12-02 02:19:06.925,0.06,0.058665384,-0.0013346163928508736,0.025
2024-12-02 02:29:07.325,0.062,0.06346263,0.0014626299142837529,0.025
2024-12-02 02:39:06.751,0.023,0.05873812,0.03573811990022659,0.06
2024-12-02 02:49:07.509,0.06,0.042493675,-0.01750632509589195,0.069
2024-12-02 02:59:08.024,0.023,0.06497342,0.04197342139482498,0.062
2024-12-02 03:09:07.245,0.023,0.04281611,0.019816109955310822,0.025
2024-12-02 03:19:07.479,0.023,0.042888846,0.01988884624838829,0.062
2024-12-02 03:29:07.896,0.023,0.042907175,0.019907174676656723,0.06
2024-12-02 03:39:07.355,0.023,0.042858027,0.019858026921749115,0.062
2024-12-02 03:49:07.042,0.023,0.042794473,0.019794473469257355,0.023
2024-12-02 03:59:07.334,0.023,0.04286721,0.019867209762334824,0.06
2024-12-02 04:09:07.250,0.023,0.042794473,0.019794473469257355,0.023
2024-12-02 04:19:06.625,0.023,0.042756513,0.019756512761116028,0.023
2024-12-02 04:29:06.921,0.032,0.04279209,0.010792089283466338,0.023
2024-12-02 04:39:07.260,0.023,0.04921905,0.026219049513339997,0.023
2024-12-02 04:49:06.907,0.032,0.04275413,0.010754128575325012,0.023
2024-12-02 04:59:07.432,0.032,0.03588552,0.0038855202794075006,0.023
2024-12-02 05:09:07.487,0.031,0.042223092,0.011223092168569565,0.023
2024-12-02 05:19:07.146,0.031,0.042232018,0.01123201796412468,0.023
2024-12-02 05:29:07.284,0.031,0.042223092,0.011223092168569565,0.023
2024-12-02 05:39:09.051,0.023,0.042223092,0.019223092168569565,0.032
2024-12-02 05:49:06.972,0.023,0.030978166,0.007978165566921235,0.023
2024-12-02 05:59:07.697,0.049,0.02981449,-0.019185510814189913,0.032
2024-12-02 06:09:08.127,0.022,0.03975793,0.017757929742336274,0.032
2024-12-02 06:19:06.835,0.022,0.03275307,0.010753068953752519,0.031
2024-12-02 06:29:07.049,0.03,0.03275307,0.002753068953752519,0.031
2024-12-02 06:39:06.926,0.055,0.041218802,-0.013781197667121887,0.031
2024-12-02 06:49:06.760,0.022,0.05554124,0.03354123967885971,0.023
2024-12-02 06:59:06.607,0.055,0.032460507,-0.02253949299454689,0.023
2024-12-02 07:09:07.065,0.022,0.05972546,0.037725459665060045,0.049
2024-12-02 07:19:06.895,0.063,0.036310058,-0.02668994191288948,0.022
2024-12-02 07:29:07.437,0.022,0.050854877,0.028854876637458803,0.022
2024-12-02 07:39:07.314,0.054,0.036341064,-0.01765893632173538,0.03
2024-12-02 07:49:08.083,0.022,0.06944331,0.04744330781698227,0.055
2024-12-02 07:59:07.189,0.022,0.04497523,0.022975228607654573,0.022
2024-12-02 08:09:36.009,0.03,0.049301185,0.019301184713840486,0.055
2024-12-02 08:19:07.187,0.022,0.057967205,0.03596720460057259,0.022
2024-12-02 08:29:07.268,0.067,0.049277518,-0.017722482055425648,0.063
2024-12-02 08:39:08.728,0.03,0.06102204,0.031022039502859117,0.022
2024-12-02 08:49:07.288,0.061,0.061895154,0.000895154416561128,0.054
2024-12-02 08:59:07.083,0.03,0.06649635,0.0364963498711586,0.022
2024-12-02 09:09:07.621,0.03,0.05985458,0.029854578226804734,0.022
2024-12-02 09:19:07.661,0.029,0.059827764,0.030827763587236403,0.03
2024-12-02 09:29:07.296,0.022,0.059362542,0.037362541884183885,0.022
2024-12-02 09:39:07.157,0.054,0.050856803,-0.0031431973874568933,0.067
2024-12-02 09:49:07.873,0.022,0.07082917,0.04882916796207428,0.03
2024-12-02 09:59:07.462,0.053,0.05125413,-0.00174586910009384,0.061
2024-12-02 10:09:06.738,0.03,0.070590764,0.04059076428413391,0.03
2024-12-02 10:19:07.996,0.022,0.058504418,0.036504417538642885,0.03
2024-12-02 10:29:06.965,0.022,0.0479065,0.02590649935603142,0.029
2024-12-02 10:39:07.980,0.022,0.048477724,0.026477724194526674,0.022
2024-12-02 10:49:07.328,0.054,0.050461646,-0.0035383538305759424,0.054
2024-12-02 10:59:07.158,0.03,0.06731946,0.03731946021318436,0.022
2024-12-02 11:09:07.286,0.022,0.055826824,0.0338268241584301,0.053
2024-12-02 11:19:07.729,0.022,0.046949405,0.02494940522313118,0.03
2024-12-02 11:29:06.913,0.022,0.04717953,0.025179531306028367,0.022
2024-12-02 11:39:07.303,0.054,0.047116537,-0.006883463352918624,0.022
2024-12-02 11:49:08.042,0.03,0.0698659,0.03986589729785919,0.022
2024-12-02 11:59:06.870,0.054,0.059922103,0.0059221028387546545,0.054
2024-12-02 12:09:07.619,0.022,0.06912676,0.047126762449741365,0.03
2024-12-02 12:19:09.100,0.022,0.046779018,0.02477901789546013,0.022
2024-12-02 12:29:09.215,0.054,0.046086397,-0.007913602977991104,0.022
2024-12-02 12:39:07.317,0.031,0.06887168,0.03787167692184448,0.022
2024-12-02 12:49:07.442,0.031,0.059810717,0.028810716658830643,0.054
2024-12-02 12:59:08.059,0.065,0.0575834,-0.007416600883007052,0.03
2024-12-02 13:09:06.889,0.066,0.06117058,-0.004829418271780017,0.054
2024-12-02 13:19:08.717,0.098,0.058771856,-0.03922814387083054,0.022
2024-12-02 13:29:07.382,0.065,0.06201897,-0.0029810318350791953,0.022
2024-12-02 13:39:08.417,0.057,0.060724866,0.0037248656451702097,0.054
2024-12-02 13:49:07.356,0.09,0.062102616,-0.027897384166717526,0.031
2024-12-02 13:59:07.511,0.056,0.052179772,-0.0038202275931835186,0.031
2024-12-02 14:09:07.471,0.088,0.06577543,-0.022224568307399745,0.065
2024-12-02 14:19:07.410,0.057,0.05475936,-0.0022406391501426717,0.066
2024-12-02 14:29:08.698,0.056,0.07791835,0.02191835069656372,0.098
2024-12-02 14:39:07.343,0.089,0.07802704,-0.01097296023368835,0.065
2024-12-02 14:49:07.923,0.056,0.057530615,0.0015306154787540424,0.057
2024-12-02 14:59:06.742,0.089,0.07463794,-0.01436205798387527,0.09
2024-12-02 15:09:07.999,0.056,0.056188542,0.00018854239583015325,0.056
2024-12-02 15:19:06.933,0.056,0.08186862,0.025868618726730346,0.088
2024-12-02 15:29:07.320,0.082,0.073860645,-0.00813935470581055,0.057
2024-12-02 15:39:07.811,0.056,0.05934193,0.0033419298529624927,0.056
2024-12-02 15:49:07.740,0.092,0.07342372,-0.01857627910375595,0.089
2024-12-02 15:59:07.886,0.024,0.05462438,0.03062437868118286,0.056
2024-12-02 16:09:09.323,0.091,0.06927601,-0.021723987519741056,0.089
2024-12-02 16:19:08.388,0.057,0.053526264,-0.0034737363159656545,0.056
2024-12-02 16:29:06.671,0.033,0.07210432,0.0391043199300766,0.056
2024-12-02 16:39:06.732,0.025,0.058638368,0.03363836780190468,0.082
2024-12-02 16:49:07.741,0.085,0.06197121,-0.02302879005670548,0.056
2024-12-02 16:59:07.071,0.093,0.06849482,-0.02450518089532852,0.092
2024-12-02 17:09:06.570,0.069,0.057708673,-0.011291326820850378,0.024
2024-12-02 17:19:06.666,0.07100000000000001,0.080922954,0.009922953784465782,0.091
2024-12-02 17:29:07.396,0.07,0.08230948,0.01230947703123092,0.057
2024-12-02 17:39:07.976,0.114,0.08837835,-0.025621652543544773,0.033
2024-12-02 17:49:06.772,0.07,0.09174355,0.02174355119466781,0.025
2024-12-02 17:59:06.927,0.036,0.08741175,0.05141174638271332,0.085
2024-12-02 18:09:06.786,0.036,0.077011034,0.041011033892631533,0.093
2024-12-02 18:19:07.068,0.069,0.084219284,0.015219284355640406,0.069
2024-12-02 18:29:07.361,0.104,0.09272967,-0.011270327210426326,0.07100000000000001
2024-12-02 18:39:07.629,0.07,0.081735305,0.011735305488109582,0.07
2024-12-02 18:49:07.578,0.105,0.09301173,-0.011988270580768581,0.114
2024-12-02 18:59:07.150,0.037,0.08823119,0.05123119103908539,0.07
2024-12-02 19:09:07.076,0.07200000000000001,0.07193112,-6.888371706009755e-05,0.036
2024-12-02 19:19:06.540,0.07,0.07721632,0.007216319739818566,0.036
2024-12-02 19:29:06.779,0.07,0.08124178,0.011241779029369348,0.069
2024-12-02 19:39:07.829,0.037,0.080881864,0.04388186383247376,0.104
2024-12-02 19:49:07.343,0.07100000000000001,0.07736015,0.00636015319824218,0.07
2024-12-02 19:59:07.977,0.065,0.08492944,0.019929436445236204,0.105
2024-12-02 20:09:06.836,0.08,0.06907524,-0.010924758315086366,0.037
2024-12-02 20:19:08.624,0.107,0.068108745,-0.03889125508069992,0.07200000000000001
2024-12-02 20:29:07.193,0.07200000000000001,0.07963568,0.007635679721832267,0.07
2024-12-02 20:39:07.801,0.073,0.07663905,0.0036390487551689193,0.07
2024-12-02 20:49:06.879,0.037,0.07342903,0.03642903316020966,0.037
2024-12-02 20:59:08.171,0.074,0.06998984,-0.0040101622939109766,0.07100000000000001
2024-12-02 21:09:06.918,0.06,0.07285291,0.012852909564971926,0.065
2024-12-02 21:19:07.303,0.061,0.060023114,-0.00097688591480255,0.08
2024-12-02 21:29:07.106,0.059,0.06490777,0.005907766878604892,0.107
2024-12-02 21:39:07.443,0.025,0.06638311,0.04138310849666595,0.07200000000000001
2024-12-02 21:49:07.141,0.025,0.059764862,0.034764862060546874,0.073
2024-12-02 21:59:07.252,0.025,0.053889394,0.028889393806457518,0.037
2024-12-02 22:09:06.765,0.06,0.05415763,-0.005842370390892027,0.074
2024-12-02 22:19:07.929,0.06,0.06212026,0.0021202588081359885,0.06
2024-12-02 22:29:07.098,0.107,0.059504304,-0.047495695918798445,0.061
2024-12-02 22:39:07.776,0.043,0.05898794,0.01598794159293175,0.059
2024-12-02 22:49:07.067,0.07200000000000001,0.04711327,-0.024886730432510384,0.025
2024-12-02 22:59:07.990,0.035,0.05346864,0.018468640893697735,0.025
2024-12-02 23:09:08.249,0.068,0.051356643,-0.01664335656166077,0.025
2024-12-02 23:19:06.892,0.059,0.055199176,-0.003800823926925656,0.06
2024-12-02 23:29:07.461,0.06,0.06167404,0.001674039810895922,0.06
2024-12-02 23:39:08.327,0.06,0.06481075,0.004810752868652346,0.107
2024-12-02 23:49:08.145,0.034,0.057556443,0.023556442916393278,0.043
2024-12-02 23:59:07.869,0.025,0.051764827,0.026764827221632002,0.07200000000000001
2024-12-03 00:09:08.818,0.06,0.05473122,-0.005268779993057249,0.035
2024-12-03 00:19:06.931,0.098,0.063617855,-0.03438214468955994,0.068
2024-12-03 00:29:09.767,0.061,0.057499863,-0.003500136792659758,0.059
2024-12-03 00:39:07.007,0.098,0.05747282,-0.0405271786749363,0.06
2024-12-03 00:49:06.901,0.025,0.0572194,0.032219401001930235,0.06
2024-12-03 00:59:07.658,0.062,0.053317014,-0.008682985872030258,0.034
2024-12-03 01:09:07.130,0.026,0.057699557,0.031699557393789296,0.025
2024-12-03 01:19:08.025,0.06,0.053533256,-0.006466743946075437,0.06
2024-12-03 01:29:07.300,0.06,0.06299986,0.002999859452247622,0.098
2024-12-03 01:39:07.686,0.06,0.06328457,0.003284568488597872,0.061
2024-12-03 01:49:07.064,0.06,0.067637146,0.007637145519256594,0.098
2024-12-03 01:59:07.045,0.025,0.061808683,0.03680868297815323,0.025
2024-12-03 02:09:06.888,0.025,0.05529856,0.030298559367656706,0.062
2024-12-03 02:19:12.736,0.054,0.05526673,0.0012667304873466498,0.026
2024-12-03 02:29:08.782,0.025,0.051965296,0.026965296268463133,0.06
2024-12-03 02:39:07.797,0.034,0.05391586,0.01991585826873779,0.06
2024-12-03 02:49:07.107,0.069,0.052709874,-0.01629012623429299,0.06
2024-12-03 02:59:06.618,0.069,0.05856974,-0.010430259495973593,0.06
2024-12-03 03:09:06.916,0.116,0.058507096,-0.05749290397763253,0.025
2024-12-03 03:19:07.441,0.025,0.07025929,0.04525928795337677,0.025
2024-12-03 03:29:06.835,0.062,0.05423867,-0.007761330425739288,0.054
2024-12-03 03:39:12.059,0.025,0.05847236,0.03347236141562462,0.025
2024-12-03 03:49:07.051,0.062,0.054162625,-0.007837374776601791,0.034
2024-12-03 03:59:07.590,0.025,0.058472738,0.03347273766994476,0.069
2024-12-03 04:09:07.513,0.097,0.054200962,-0.04279903781414032,0.069
2024-12-03 04:20:16.628,0.06,0.06587093,0.005870933234691622,0.116
2024-12-03 04:29:07.175,0.061,0.061122037,0.00012203747034073009,0.025
2024-12-03 04:39:07.167,0.025,0.05979038,0.03479038029909134,0.062
2024-12-03 04:49:08.542,0.061,0.05558954,-0.005410458207130431,0.025
2024-12-03 04:59:09.273,0.025,0.059733346,0.034733346104621886,0.062
2024-12-03 05:09:07.752,0.095,0.053789068,-0.04121093198657036,0.025
2024-12-03 05:19:07.529,0.068,0.051096957,-0.016903042823076253,0.097
2024-12-03 05:29:06.981,0.105,0.05841071,-0.046589288413524624,0.06
2024-12-03 05:39:07.240,0.034,0.059616804,0.025616804122924802,0.061
2024-12-03 05:49:07.381,0.061,0.052716017,-0.008283983230590819,0.025
2024-12-03 05:59:07.735,0.033,0.058112957,0.025112956583499907,0.061
2024-12-03 06:09:08.381,0.101,0.05779514,-0.04320485910773278,0.025
2024-12-03 06:19:07.303,0.094,0.06413805,-0.029861952602863312,0.095
2024-12-03 06:29:07.543,0.128,0.057200775,-0.07079922544956208,0.068
2024-12-03 06:39:07.061,0.033,0.08059943,0.047599427223205565,0.105
2024-12-03 06:49:07.833,0.066,0.05741773,-0.008582268267869952,0.034
2024-12-03 06:59:07.401,0.032,0.059047036,0.027047035872936248,0.061
2024-12-03 07:09:07.222,0.098,0.06030419,-0.037695809036493305,0.033
2024-12-03 07:19:07.067,0.065,0.06788564,0.002885637283325193,0.101
2024-12-03 07:29:07.509,0.065,0.073930494,0.008930494487285612,0.094
2024-12-03 07:39:06.909,0.048,0.07187079,0.023870788931846618,0.128
2024-12-03 07:49:07.276,0.065,0.0835688,0.01856879651546478,0.033
2024-12-03 07:59:10.436,0.054,0.09435956,0.04035956180095673,0.066
2024-12-03 08:09:08.281,0.053,0.08526554,0.03226553958654404,0.032
2024-12-03 08:19:06.771,0.162,0.08729217,-0.07470782798528672,0.098
2024-12-03 08:29:07.276,0.113,0.139812,0.02681199264526367,0.065
2024-12-03 08:39:06.720,0.176,0.15504287,-0.020957128167152395,0.065
2024-12-03 08:49:06.799,0.144,0.14238776,-0.001612237334251393,0.048
2024-12-03 08:59:07.664,0.112,0.14951982,0.037519816040992734,0.065
2024-12-03 09:09:07.393,0.112,0.14482793,0.032827932119369505,0.054
2024-12-03 09:19:06.647,0.142,0.14294194,0.0009419368505478032,0.053
2024-12-03 09:29:08.431,0.174,0.16233157,-0.011668433785438526,0.162
2024-12-03 09:39:08.191,0.142,0.15455408,0.012554083943367017,0.113
2024-12-03 09:49:07.204,0.141,0.16097495,0.01997494959831239,0.176
2024-12-03 09:59:07.462,0.12,0.16353625,0.04353625059127808,0.144
2024-12-03 10:09:07.721,0.143,0.15868908,0.01568908166885377,0.112
2024-12-03 10:19:07.270,0.143,0.1619505,0.018950498819351208,0.112
2024-12-03 10:29:08.435,0.153,0.1592855,0.006285500645637515,0.142
2024-12-03 10:39:17.777,0.152,0.15480387,0.0028038721084594764,0.174
2024-12-03 10:49:08.391,0.129,0.15402347,0.02502346849441528,0.142
2024-12-03 10:59:06.959,0.184,0.15743725,-0.026562749981880185,0.141
2024-12-03 11:09:08.053,0.151,0.14793827,-0.0030617336034774734,0.12
2024-12-03 11:19:08.420,0.144,0.153853,0.009852999210357677,0.143
2024-12-03 11:29:10.488,0.15,0.15555109,0.005551090836524969,0.143
2024-12-03 11:39:07.203,0.155,0.15474452,-0.00025547921657562145,0.153
2024-12-03 11:49:07.108,0.226,0.21156298,-0.014437023758888251,0.152
2024-12-03 11:59:09.527,0.187,0.20185348,0.01485348391532898,0.129
2024-12-03 12:09:06.923,0.196,0.21386,0.017860005140304558,0.184
2024-12-03 12:19:06.878,0.156,0.2101095,0.05410950207710266,0.151
2024-12-03 12:29:08.869,0.188,0.21037881,0.02237881076335907,0.144
2024-12-03 12:39:07.276,0.18,0.18727915,0.0072791498899459905,0.15
2024-12-03 12:49:06.858,0.181,0.18681099,0.005810985207557684,0.155
2024-12-03 12:59:07.104,0.212,0.18689261,-0.02510738623142242,0.226
2024-12-03 13:09:08.024,0.181,0.1825744,0.0015744062662124692,0.187
2024-12-03 13:19:07.157,0.176,0.18731913,0.011319129705429087,0.196
2024-12-03 13:29:07.235,0.201,0.19052498,-0.010475019574165356,0.156
2024-12-03 13:39:07.984,0.195,0.21887858,0.023878582119941705,0.188
2024-12-03 13:49:06.658,0.227,0.20912293,-0.017877074003219612,0.18
2024-12-03 13:59:07.233,0.164,0.20039125,0.036391247868537896,0.181
2024-12-03 14:09:08.219,0.188,0.21313958,0.025139578700065612,0.212
2024-12-03 14:19:07.270,0.163,0.21419,0.05119000625610351,0.181
2024-12-03 14:29:06.934,0.132,0.17543906,0.043439059734344476,0.176
2024-12-03 14:39:09.542,0.187,0.17055118,-0.016448819160461425,0.201
2024-12-03 14:49:08.229,0.148,0.15371431,0.005714314103126533,0.195
2024-12-03 14:59:07.411,0.112,0.15900573,0.04700573134422302,0.227
2024-12-03 15:09:06.992,0.173,0.15718724,-0.01581276166439055,0.164
2024-12-03 15:19:08.477,0.141,0.1482639,0.007263901472091688,0.188
2024-12-03 15:29:07.553,0.14,0.15855782,0.018557817339897142,0.163
2024-12-03 15:39:07.016,0.14,0.15621969,0.0162196910381317,0.132
2024-12-03 15:49:06.985,0.14,0.16143534,0.021435335874557482,0.187
2024-12-03 15:59:07.323,0.179,0.16147731,-0.01752268755435943,0.148
2024-12-03 16:09:07.584,0.108,0.14577478,0.037774781703948976,0.112
2024-12-03 16:19:06.934,0.17,0.15697536,-0.013024641275405896,0.173
2024-12-03 16:29:08.196,0.139,0.15162963,0.012629626750946032,0.141
2024-12-03 16:39:07.045,0.139,0.158788,0.019787995576858508,0.14
2024-12-03 16:49:07.434,0.108,0.15642327,0.04842327070236206,0.14
2024-12-03 16:59:07.175,0.125,0.15673026,0.03173026442527771,0.14
2024-12-03 17:09:07.216,0.179,0.15019752,-0.028802479147911064,0.179
2024-12-03 17:19:07.241,0.137,0.15869744,0.021697441220283498,0.108
2024-12-03 17:29:07.690,0.171,0.16956452,-0.0014354846477508676,0.17
2024-12-03 17:39:07.120,0.064,0.15951076,0.0955107614994049,0.139
2024-12-03 17:49:06.666,0.064,0.11384575,0.04984575068950653,0.139
2024-12-03 17:59:08.137,0.13,0.11099636,-0.019003641903400426,0.108
2024-12-03 18:09:07.500,0.097,0.1165875,0.019587497293949124,0.125
2024-12-03 18:19:06.888,0.131,0.12901817,-0.0019818273782730156,0.179
2024-12-03 18:29:07.256,0.064,0.11693752,0.05293751811981201,0.137
2024-12-03 18:39:07.048,0.106,0.11026205,0.00426205122470856,0.171
2024-12-03 18:49:06.907,0.096,0.12123076,0.02523075872659683,0.064
2024-12-03 18:59:07.040,0.067,0.1198574,0.052857400655746456,0.064
2024-12-03 19:09:09.195,0.107,0.1057899,-0.0012101001739501932,0.13
2024-12-03 19:19:08.203,0.049,0.118523136,0.06952313578128815,0.097
2024-12-03 19:29:08.787,0.116,0.09667297,-0.01932703292369843,0.131
2024-12-03 19:39:07.490,0.082,0.105499595,0.02349959540367126,0.064
2024-12-03 19:49:07.227,0.117,0.10350285,-0.013497152745723731,0.106
2024-12-03 19:59:07.567,0.049,0.10490074,0.055900740087032316,0.096
2024-12-03 20:09:07.403,0.049,0.095234685,0.046234684646129606,0.067
2024-12-03 20:19:07.377,0.049,0.09367013,0.044670129776000975,0.107
2024-12-03 20:29:06.685,0.091,0.09190595,0.0009059514999389673,0.049
2024-12-03 20:39:06.892,0.119,0.098594174,-0.02040582621097564,0.116
2024-12-03 20:49:06.953,0.084,0.10175535,0.01775535082817077,0.082
2024-12-03 20:59:07.565,0.085,0.09733939,0.012339391708374017,0.117
2024-12-03 21:09:11.246,0.047,0.09694469,0.04994468975067139,0.049
2024-12-03 21:19:09.486,0.039,0.06197787,0.022977870762348175,0.049
2024-12-03 21:29:07.280,0.074,0.062020738,-0.01197926232218742,0.049
2024-12-03 21:39:07.601,0.074,0.068917215,-0.0050827851295471155,0.091
2024-12-03 21:49:07.017,0.073,0.07416004,0.0011600394248962448,0.119
2024-12-03 21:59:07.085,0.038,0.07414537,0.0361453692317009,0.084
2024-12-03 22:09:07.183,0.073,0.06769838,-0.005301618158817287,0.085
2024-12-03 22:19:07.583,0.038,0.060545243,0.022545243322849275,0.047
2024-12-03 22:29:08.402,0.107,0.062100645,-0.044899354845285414,0.039
2024-12-03 22:39:06.941,0.081,0.07072338,-0.010276622831821444,0.074
2024-12-03 22:49:07.506,0.109,0.06057823,-0.048421769231557846,0.074
2024-12-03 22:59:06.927,0.038,0.071543165,0.03354316455125809,0.073
2024-12-03 23:09:07.611,0.038,0.061310582,0.023310581862926484,0.038
2024-12-03 23:19:07.405,0.047,0.062032424,0.015032423913478851,0.073
2024-12-03 23:29:07.754,0.07100000000000001,0.06179774,-0.009202258199453361,0.038
2024-12-03 23:39:07.956,0.07100000000000001,0.072575256,0.001575256228446953,0.107
2024-12-03 23:49:07.703,0.065,0.077836975,0.012836975455284116,0.081
2024-12-03 23:59:07.248,0.082,0.065767504,-0.01623249572515488,0.109
2024-12-04 00:09:06.655,0.038,0.06634148,0.028341482102870942,0.038
2024-12-04 00:19:07.037,0.107,0.06351646,-0.04348353964090347,0.038
2024-12-04 00:29:07.188,0.07200000000000001,0.07704428,0.0050442783832549964,0.047
2024-12-04 00:39:07.393,0.108,0.07522594,-0.032774058163166045,0.07100000000000001
2024-12-04 00:49:07.612,0.047,0.07754044,0.03054044234752655,0.07100000000000001
2024-12-04 00:59:06.912,0.074,0.06169299,-0.0123070096373558,0.065
2024-12-04 01:09:06.676,0.038,0.0721235,0.03412349772453308,0.082
2024-12-04 01:19:07.304,0.1,0.06357965,-0.03642035126686097,0.038
2024-12-04 01:29:06.821,0.073,0.07869121,0.005691206872463231,0.107
2024-12-04 01:39:07.698,0.082,0.07410763,-0.007892367959022525,0.07200000000000001
2024-12-04 01:49:06.841,0.038,0.069541,0.031540999829769135,0.108
2024-12-04 01:59:07.730,0.038,0.06898669,0.030986691534519197,0.047
2024-12-04 02:09:07.210,0.038,0.069331594,0.031331593811511994,0.074
2024-12-04 02:19:07.409,0.04,0.063978665,0.023978664577007293,0.038
2024-12-04 02:29:07.082,0.084,0.064161405,-0.01983859503269196,0.1
2024-12-04 02:39:06.576,0.07200000000000001,0.06350754,-0.008492457985878,0.073
2024-12-04 02:49:07.774,0.073,0.08146117,0.008461168825626378,0.082
2024-12-04 02:59:09.915,0.038,0.07227507,0.0342750723361969,0.038
2024-12-04 03:09:06.515,0.039,0.06435367,0.025353667199611664,0.038
2024-12-04 03:19:11.150,0.048,0.06433779,0.016337790012359618,0.038
2024-12-04 03:29:08.243,0.038,0.063144274,0.025144274055957795,0.04
2024-12-04 03:39:06.744,0.073,0.062914096,-0.010085904181003566,0.084
2024-12-04 03:49:06.840,0.073,0.074469484,0.0014694843888282821,0.07200000000000001
2024-12-04 03:59:09.474,0.039,0.077672236,0.038672235667705536,0.073
2024-12-04 04:09:07.148,0.038,0.06363626,0.025636258244514466,0.038
2024-12-04 04:19:07.702,0.047,0.06367923,0.016679233193397522,0.039
2024-12-04 04:29:08.617,0.07200000000000001,0.06394098,-0.008059020459651955,0.048
2024-12-04 04:39:06.921,0.073,0.072925776,-7.422375679015658e-05,0.038
2024-12-04 04:49:09.562,0.109,0.07459253,-0.034407469272613525,0.073
2024-12-04 04:59:07.180,0.073,0.08017433,0.007174326896667485,0.073
2024-12-04 05:09:07.852,0.073,0.07396965,0.0009696472883224533,0.039
2024-12-04 05:19:10.063,0.038,0.069818586,0.031818586111068727,0.038
2024-12-04 05:29:13.942,0.082,0.06259397,-0.0194060332775116,0.047
2024-12-04 05:39:07.129,0.039,0.06858757,0.029587571382522583,0.07200000000000001
2024-12-04 05:49:06.911,0.07100000000000001,0.06298529,-0.008014706432819374,0.073
2024-12-04 05:59:07.750,0.07,0.08132308,0.01132307976484298,0.109
2024-12-04 06:09:09.816,0.07,0.08549815,0.015498146712779992,0.073
2024-12-04 06:19:07.033,0.037,0.08777033,0.05077032792568207,0.073
2024-12-04 06:29:07.656,0.037,0.067630865,0.030630864679813387,0.038
2024-12-04 06:39:09.793,0.045,0.06789557,0.022895568907260896,0.082
2024-12-04 06:49:09.969,0.069,0.06763048,-0.0013695227503776608,0.039
2024-12-04 06:59:08.091,0.069,0.082111694,0.01311169391870498,0.07100000000000001
2024-12-04 07:09:08.037,0.101,0.0847638,-0.016236197412014014,0.07
2024-12-04 07:19:07.850,0.082,0.086438425,0.004438424885272976,0.07
2024-12-04 07:29:06.914,0.053,0.08469256,0.03169256013631821,0.037
2024-12-04 07:39:18.630,0.084,0.08663953,0.0026395309567451425,0.037
2024-12-04 07:49:07.770,0.093,0.08826063,-0.004739371716976165,0.045
2024-12-04 07:59:08.358,0.114,0.09416344,-0.019836559832096104,0.069
2024-12-04 08:09:08.182,0.099,0.10740087,0.008400871813297267,0.069
2024-12-04 08:19:10.126,0.098,0.12276566,0.024765660285949703,0.101
2024-12-04 08:29:08.452,0.104,0.12310887,0.019108871281147008,0.082
2024-12-04 08:39:08.047,0.098,0.1148875,0.016887498319149014,0.053
2024-12-04 08:49:09.574,0.098,0.11568963,0.017689627826213833,0.084
2024-12-04 08:59:07.771,0.097,0.11811674,0.021116736412048337,0.093
2024-12-04 09:09:08.999,0.098,0.11990477,0.021904771447181698,0.114
2024-12-04 09:19:07.041,0.128,0.123455316,-0.004544684171676638,0.099
2024-12-04 09:29:06.919,0.066,0.11847273,0.052472732603549954,0.098
2024-12-04 09:39:07.667,0.065,0.101717554,0.03671755403280258,0.104
2024-12-04 09:49:08.860,0.096,0.101341546,0.005341545581817625,0.098
2024-12-04 09:59:06.902,0.105,0.11080392,0.005803917050361637,0.098
2024-12-04 10:09:09.348,0.097,0.111397915,0.014397914588451383,0.097
2024-12-04 10:19:08.669,0.066,0.1150031,0.049003101527690884,0.098
2024-12-04 10:29:08.553,0.097,0.106757306,0.009757305562496182,0.128
2024-12-04 10:39:07.505,0.097,0.122690216,0.025690215706825253,0.066
2024-12-04 10:49:07.254,0.065,0.12002515,0.0550251504778862,0.065
2024-12-04 10:59:07.762,0.129,0.10384208,-0.02515792036056519,0.096
2024-12-04 11:09:09.887,0.106,0.11179691,0.005796908080577853,0.105
2024-12-04 11:19:08.047,0.098,0.11467562,0.016675618708133694,0.097
2024-12-04 11:29:07.144,0.066,0.11736456,0.05136456304788589,0.066
2024-12-04 11:39:06.573,0.097,0.10562326,0.008623260140419003,0.097
2024-12-04 11:49:10.110,0.132,0.12096069,-0.011039309918880469,0.097
2024-12-04 11:59:07.737,0.067,0.111095555,0.04409555512666702,0.065
2024-12-04 12:09:08.099,0.101,0.10483745,0.0038374474048614438,0.129
2024-12-04 12:19:08.774,0.129,0.1132044,-0.015795602738857273,0.106
2024-12-04 12:29:08.057,0.066,0.11093965,0.04493965172767639,0.098
2024-12-04 12:39:07.853,0.129,0.10496586,-0.02403414183855057,0.066
2024-12-04 12:49:07.188,0.098,0.10946707,0.011467066824436184,0.097
2024-12-04 12:59:09.406,0.066,0.11859431,0.05259431117773056,0.132
2024-12-04 13:09:07.961,0.098,0.10585635,0.007856351554393765,0.067
2024-12-04 13:19:10.338,0.098,0.11652352,0.01852351915836334,0.101
2024-12-04 13:29:07.366,0.132,0.11859431,-0.013405688822269446,0.129
2024-12-04 13:39:07.780,0.075,0.11008214,0.03508214205503464,0.066
2024-12-04 13:49:06.889,0.099,0.10477874,0.005778736829757686,0.129
2024-12-04 13:59:08.582,0.14,0.12272826,-0.017271741628646864,0.098
2024-12-04 14:09:09.691,0.066,0.108208515,0.04220851475000381,0.066
2024-12-04 14:19:07.630,0.13,0.10483091,-0.025169086754322056,0.098
2024-12-04 14:29:07.644,0.08,0.11026281,0.03026281118392944,0.098
2024-12-04 14:39:10.552,0.049,0.10010999,0.05110998696088791,0.132
2024-12-04 14:49:10.359,0.08,0.09574777,0.015747768878936766,0.075
2024-12-04 14:59:09.279,0.081,0.09890961,0.017909609019756315,0.099
2024-12-04 15:09:09.567,0.099,0.099419884,0.0004198843836784316,0.14
2024-12-04 15:19:06.969,0.065,0.12428026,0.05928025901317596,0.066
2024-12-04 15:29:06.853,0.099,0.10957377,0.01057376658916473,0.13
2024-12-04 15:39:08.351,0.133,0.11877933,-0.014220668554306037,0.08
2024-12-04 15:49:07.291,0.067,0.10420485,0.03720484840869903,0.049
2024-12-04 15:59:09.909,0.067,0.08953447,0.02253446894884109,0.08
2024-12-04 16:09:06.953,0.1,0.09052649,-0.009473508596420294,0.081
2024-12-04 16:19:06.910,0.1,0.11749449,0.017494493722915644,0.099
2024-12-04 16:29:07.357,0.101,0.107818164,0.006818163931369775,0.065
2024-12-04 16:39:08.402,0.067,0.10993573,0.04293573069572448,0.099
2024-12-04 16:49:12.320,0.102,0.096934125,-0.005065875172615045,0.133
2024-12-04 16:59:07.526,0.088,0.1076629,0.01966290128231049,0.067
2024-12-04 17:09:07.022,0.073,0.098171405,0.02517140549421311,0.067
2024-12-04 17:19:10.804,0.132,0.10838082,-0.02361918312311173,0.1
2024-12-04 17:29:07.529,0.099,0.11476698,0.015766977727413173,0.1
2024-12-04 17:39:06.897,0.099,0.1270716,0.028071604132652278,0.101
2024-12-04 17:49:06.844,0.065,0.11990613,0.05490612745285034,0.067
2024-12-04 17:59:06.947,0.065,0.10788355,0.04288355022668838,0.102
2024-12-04 18:09:07.156,0.142,0.10796529,-0.03403470945358275,0.088
2024-12-04 18:19:06.821,0.114,0.1095933,-0.004406697988510136,0.073
2024-12-04 18:29:06.746,0.134,0.14332172,0.009321722745895378,0.132
2024-12-04 18:39:06.752,0.065,0.112773545,0.04777354508638382,0.099
2024-12-04 18:49:07.443,0.065,0.10753898,0.042538983225822447,0.099
2024-12-04 18:59:07.522,0.098,0.10897662,0.01097661745548248,0.065
2024-12-04 19:09:07.443,0.108,0.11862806,0.010628062307834626,0.065
2024-12-04 19:19:07.764,0.134,0.117439635,-0.01656036490201951,0.142
2024-12-04 19:29:07.600,0.065,0.105856486,0.04085648566484451,0.114
2024-12-04 19:39:07.829,0.1,0.10299606,0.0029960587620735113,0.134
2024-12-04 19:49:06.819,0.129,0.11370491,-0.015295087635517124,0.065
2024-12-04 19:59:07.010,0.099,0.12214786,0.02314785814285278,0.065
2024-12-04 20:09:07.245,0.084,0.120626494,0.036626494288444514,0.098
2024-12-04 20:19:07.099,0.05,0.09383943,0.043839429318904874,0.108
2024-12-04 20:29:07.108,0.096,0.089148626,-0.006851374268531801,0.134
2024-12-04 20:39:08.091,0.084,0.09031329,0.006313293039798731,0.065
2024-12-04 20:49:07.595,0.12,0.1004978,-0.019502202868461604,0.1
2024-12-04 20:59:08.060,0.084,0.09993218,0.015932178854942317,0.129
2024-12-04 21:09:07.603,0.039,0.09672288,0.05772287851572037,0.099
2024-12-04 21:19:08.121,0.084,0.067361645,-0.016638354599475866,0.084
2024-12-04 21:29:07.966,0.074,0.061951734,-0.01204826587438583,0.05
2024-12-04 21:39:06.884,0.111,0.076202214,-0.03479778623580933,0.096
2024-12-04 21:49:07.666,0.074,0.075802624,0.0018026242256164587,0.084
2024-12-04 21:59:11.385,0.075,0.07133149,-0.003668506443500516,0.12
2024-12-04 22:09:07.193,0.048,0.07125841,0.023258410811424254,0.084
2024-12-04 22:19:06.899,0.039,0.067509234,0.028509233951568604,0.039
2024-12-04 22:29:07.504,0.074,0.061777286,-0.012222713768482205,0.084
2024-12-04 22:39:07.132,0.074,0.07171631,-0.0022836914062499963,0.074
2024-12-04 22:49:06.713,0.113,0.07404531,-0.03895469206571579,0.111
2024-12-04 22:59:07.401,0.038,0.07548392,0.03748391819000244,0.074
2024-12-04 23:09:08.094,0.083,0.06745974,-0.015540260255336766,0.075
2024-12-04 23:19:06.658,0.073,0.05541447,-0.017585528224706645,0.048
2024-12-04 23:29:07.815,0.11,0.072432294,-0.037567705512046815,0.039
2024-12-04 23:39:07.131,0.075,0.06998744,-0.005012561380863187,0.074
2024-12-04 23:49:08.558,0.074,0.06828992,-0.00571007931232452,0.074
2024-12-04 23:59:07.008,0.076,0.07133211,-0.004667888045310972,0.113
2024-12-05 00:09:06.917,0.039,0.06727688,0.028276880145072937,0.038
2024-12-05 00:19:07.417,0.039,0.068807304,0.02980730390548706,0.083
2024-12-05 00:29:07.715,0.074,0.063344084,-0.010655916273593899,0.073
2024-12-05 00:39:07.148,0.112,0.0773521,-0.03464790087938309,0.11
2024-12-05 00:49:08.286,0.075,0.08279498,0.007794979214668277,0.075
2024-12-05 00:59:08.831,0.08600000000000001,0.077215195,-0.00878480529785157,0.074
2024-12-05 01:09:07.473,0.039,0.07776339,0.0387633935213089,0.076
2024-12-05 01:19:06.974,0.068,0.06349468,-0.004505317687988286,0.039
2024-12-05 01:29:06.809,0.038,0.06304399,0.0250439892411232,0.039
2024-12-05 01:39:11.234,0.07200000000000001,0.063588224,-0.008411775648593911,0.074
2024-12-05 01:49:07.256,0.073,0.08089169,0.007891691148281102,0.112
2024-12-05 01:59:06.907,0.047,0.08110018,0.03410018074512482,0.075
2024-12-05 02:09:07.986,0.038,0.06929163,0.031291628897190095,0.08600000000000001
2024-12-05 02:19:07.655,0.038,0.06387394,0.025873939216136933,0.039
2024-12-05 02:29:06.885,0.074,0.06383954,-0.010160460114479061,0.068
2024-12-05 02:39:07.807,0.038,0.06961795,0.031617949426174165,0.038
2024-12-05 02:49:08.775,0.074,0.063967474,-0.010032526195049282,0.07200000000000001
2024-12-05 02:59:07.663,0.082,0.06959393,-0.012406071245670322,0.073
2024-12-05 03:09:09.638,0.075,0.06861458,-0.006385420262813565,0.047
2024-12-05 03:19:09.707,0.038,0.068654515,0.030654514849185945,0.038
2024-12-05 03:29:08.126,0.074,0.0629237,-0.011076300382614132,0.038
2024-12-05 03:39:07.076,0.073,0.071546294,-0.0014537062048912003,0.074
2024-12-05 03:49:07.248,0.108,0.07495304,-0.03304695802927017,0.038
2024-12-05 03:59:07.836,0.038,0.08048379,0.04248378676176071,0.074
2024-12-05 04:09:06.834,0.047,0.06350955,0.01650955367088318,0.082
2024-12-05 04:19:14.955,0.073,0.06945223,-0.0035477663874626114,0.075
2024-12-05 04:29:06.921,0.07200000000000001,0.07618644,0.004186440885066978,0.038
2024-12-05 04:39:06.668,0.038,0.076229766,0.0382297660112381,0.074
2024-12-05 04:49:07.578,0.065,0.064345345,-0.0006546550989151023,0.073
2024-12-05 04:59:06.684,0.038,0.07008976,0.032089757442474366,0.108
2024-12-05 05:09:07.173,0.08,0.06423696,-0.015763038694858553,0.038
2024-12-05 05:19:07.173,0.046,0.06992641,0.023926410913467408,0.047
2024-12-05 05:29:06.811,0.038,0.06375243,0.025752427697181703,0.073
2024-12-05 05:39:07.266,0.037,0.06430115,0.02730114805698395,0.07200000000000001
2024-12-05 05:49:06.716,0.07100000000000001,0.064440794,-0.0065592057108879165,0.038
2024-12-05 05:59:07.048,0.037,0.07486329,0.037863292276859285,0.065
2024-12-05 06:09:07.460,0.037,0.066152565,0.029152565181255342,0.038
2024-12-05 06:19:06.927,0.07,0.06747104,-0.0025289577245712347,0.08
2024-12-05 06:29:07.095,0.078,0.078149244,0.00014924418926239025,0.046
2024-12-05 06:39:07.414,0.112,0.06967846,-0.04232153695821762,0.038
2024-12-05 06:49:07.827,0.037,0.0839667,0.0469667022228241,0.037
2024-12-05 06:59:07.562,0.069,0.06630667,-0.0026933270096778927,0.07100000000000001
2024-12-05 07:09:07.865,0.068,0.08261564,0.014615636289119716,0.037
2024-12-05 07:19:07.918,0.1,0.08302869,-0.016971310973167425,0.037
2024-12-05 07:29:09.407,0.036,0.08556802,0.04956801825761795,0.07
2024-12-05 07:39:06.981,0.036,0.07256034,0.03656034016609192,0.078
2024-12-05 07:49:07.194,0.101,0.083420105,-0.017579894721508033,0.112
2024-12-05 07:59:06.592,0.094,0.09207895,-0.001921053469181061,0.037
2024-12-05 08:09:11.488,0.093,0.09738852,0.00438852083683014,0.069
2024-12-05 08:19:07.370,0.115,0.09797581,-0.017024187147617345,0.068
2024-12-05 08:29:06.834,0.084,0.11071957,0.026719569027423853,0.1
2024-12-05 08:39:08.091,0.036,0.0906056,0.05460560166835785,0.036
2024-12-05 08:49:07.701,0.067,0.07475815,0.00775814968347549,0.036
2024-12-05 08:59:07.503,0.067,0.08721813,0.020218128144741054,0.101
2024-12-05 09:09:07.124,0.101,0.093688115,-0.007311884522438056,0.094
2024-12-05 09:19:07.116,0.068,0.09722725,0.029227253019809718,0.093
2024-12-05 09:29:06.884,0.037,0.09813086,0.06113085943460465,0.115
2024-12-05 09:39:07.763,0.068,0.08614978,0.01814978194236755,0.084
2024-12-05 09:49:07.423,0.068,0.090552755,0.022552754700183864,0.036
2024-12-05 09:59:07.194,0.117,0.08930828,-0.027691723227500922,0.067
2024-12-05 10:09:08.288,0.052,0.10209385,0.05009385305643082,0.067
2024-12-05 10:19:08.304,0.052,0.09886898,0.046868981003761294,0.101
2024-12-05 10:29:11.930,0.115,0.09764113,-0.017358867228031163,0.068
2024-12-05 10:39:07.447,0.092,0.09628151,0.004281513571739198,0.037
2024-12-05 10:49:08.101,0.083,0.091369145,0.008369144618511196,0.068
2024-12-05 10:59:09.479,0.052,0.09522339,0.043223389565944674,0.068
2024-12-05 11:09:08.230,0.084,0.09627848,0.012278481185436244,0.117
2024-12-05 11:19:07.667,0.115,0.09864909,-0.016350907981395726,0.052
2024-12-05 11:29:07.058,0.052,0.09830272,0.04630272197723389,0.052
2024-12-05 11:39:07.354,0.091,0.08598598,-0.005014019072055814,0.115
2024-12-05 11:49:06.954,0.083,0.09595785,0.012957852900028224,0.092
2024-12-05 11:59:08.465,0.083,0.09464439,0.011644390046596523,0.083
2024-12-05 12:09:07.611,0.083,0.09603256,0.01303255987167358,0.052
2024-12-05 12:19:08.468,0.044,0.088985346,0.04498534625768662,0.084
2024-12-05 12:29:07.234,0.099,0.08517218,-0.01382782363891602,0.115
2024-12-05 12:39:06.926,0.067,0.09104587,0.024045871376991268,0.052
2024-12-05 12:49:07.395,0.068,0.09319602,0.02519601953029632,0.091
2024-12-05 12:59:07.706,0.067,0.09442642,0.027426423311233517,0.083
2024-12-05 13:09:08.108,0.036,0.09131708,0.0553170799612999,0.083
2024-12-05 13:19:08.051,0.077,0.08382689,0.006826892077922822,0.083
2024-12-05 13:29:07.063,0.117,0.07605499,-0.04094500970840455,0.044
2024-12-05 13:39:07.655,0.053,0.10730471,0.05430470716953278,0.099
2024-12-05 13:49:07.086,0.083,0.08936497,0.0063649682402610736,0.067
2024-12-05 13:59:07.072,0.092,0.098935515,0.006935514688491823,0.068
2024-12-05 14:09:07.173,0.052,0.08719283,0.035192833423614504,0.067
2024-12-05 14:19:07.609,0.116,0.0861464,-0.029853600621223456,0.036
2024-12-05 14:29:08.811,0.084,0.096670926,0.012670925617218012,0.077
2024-12-05 14:39:07.806,0.114,0.09723551,-0.01676449173688889,0.117
2024-12-05 14:49:07.401,0.052,0.107170664,0.05517066377401352,0.053
2024-12-05 14:59:06.944,0.052,0.09545159,0.043451593399047854,0.083
2024-12-05 15:09:08.559,0.115,0.09403584,-0.020964158475399022,0.092
2024-12-05 15:19:08.540,0.083,0.10370123,0.020701226413249965,0.052
2024-12-05 15:29:07.177,0.091,0.09797339,0.006973391413688662,0.116
2024-12-05 15:39:06.874,0.052,0.09484794,0.04284793990850449,0.084
2024-12-05 15:49:07.042,0.084,0.097678274,0.013678273916244502,0.114
2024-12-05 15:59:07.232,0.124,0.09892874,-0.02507125788927078,0.052
2024-12-05 16:09:42.423,0.052,0.09630136,0.044301361918449404,0.052
2024-12-05 16:19:07.042,0.052,0.0891989,0.037198902249336245,0.115
2024-12-05 16:29:06.891,0.085,0.09545159,0.010451593399047845,0.083
2024-12-05 16:39:07.304,0.085,0.10316324,0.018163242340087885,0.091
2024-12-05 16:49:06.939,0.093,0.10500483,0.012004832148551942,0.052
2024-12-05 16:59:07.927,0.052,0.10049888,0.04849887746572495,0.084
2024-12-05 17:09:07.872,0.126,0.09426576,-0.031734241008758546,0.124
2024-12-05 17:19:07.145,0.095,0.120809674,0.025809674263000487,0.052
2024-12-05 17:29:06.978,0.063,0.122916795,0.059916795313358306,0.052
2024-12-05 17:39:07.139,0.104,0.101573914,-0.002426085710525508,0.085
2024-12-05 17:49:07.101,0.112,0.1212434,0.00924340236186981,0.085
2024-12-05 17:59:07.848,0.143,0.14294678,-5.3220272064197216e-05,0.093
2024-12-05 18:09:07.040,0.078,0.12525181,0.04725181472301483,0.052
2024-12-05 18:19:07.015,0.078,0.122314736,0.04431473624706268,0.126
2024-12-05 18:29:07.462,0.11,0.12143093,0.011430933475494384,0.095
2024-12-05 18:39:07.333,0.118,0.1457573,0.027757302641868598,0.063
2024-12-05 18:49:11.069,0.11,0.1389982,0.02899819552898407,0.104
2024-12-05 18:59:07.373,0.078,0.14251958,0.06451957833766937,0.112
2024-12-05 19:09:09.265,0.143,0.11930436,-0.02369564104080199,0.143
2024-12-05 19:19:07.516,0.121,0.12060057,-0.0003994262814521754,0.078
2024-12-05 19:29:08.054,0.078,0.13883969,0.06083969187736511,0.078
2024-12-05 19:49:19.545,0.08,0.11818786,0.03818785965442657,0.11
2024-12-05 19:59:07.069,0.113,0.1098941,-0.0031059031486511263,0.118
2024-12-05 20:09:08.059,0.048,0.10995663,0.06195662957429886,0.11
2024-12-05 20:19:06.943,0.115,0.098157324,-0.016842676103115087,0.078
2024-12-05 20:29:07.100,0.081,0.105698325,0.02469832473993301,0.143
2024-12-05 20:39:07.945,0.048,0.10583941,0.05783940893411636,0.121
2024-12-05 20:49:06.723,0.057,0.0960817,0.039081696450710295,0.078
2024-12-05 20:59:08.531,0.081,0.0998833,0.0188833030462265,0.08
2024-12-05 21:09:07.365,0.07100000000000001,0.10352278,0.03252277755737304,0.113
2024-12-05 21:19:07.924,0.038,0.07831835,0.04031835001707077,0.048
2024-12-05 21:29:16.002,0.073,0.06794774,-0.00505226212739944,0.115
2024-12-05 21:39:07.052,0.07100000000000001,0.07157857,0.0005785697102546616,0.081
2024-12-05 21:49:06.677,0.113,0.07865361,-0.034346388757228855,0.048
2024-12-05 21:59:07.920,0.037,0.069102414,0.03210241395235062,0.057
2024-12-05 22:09:06.988,0.037,0.06361971,0.0266197105050087,0.081
2024-12-05 22:19:07.700,0.07100000000000001,0.062305804,-0.008694195657968529,0.07100000000000001
2024-12-05 22:29:07.200,0.07100000000000001,0.07316293,0.0021629282236099168,0.038
2024-12-05 22:39:07.483,0.038,0.072824195,0.03482419502735138,0.073
2024-12-05 22:49:07.595,0.046,0.062443145,0.016443144619464875,0.07100000000000001
2024-12-05 22:59:06.730,0.107,0.06771255,-0.03928744715452194,0.113
2024-12-05 23:09:06.758,0.07200000000000001,0.07086804,-0.001131962358951577,0.037
2024-12-05 23:19:08.425,0.076,0.072461195,-0.0035388047099113445,0.037
2024-12-05 23:29:07.498,0.038,0.0657955,0.027795503556728364,0.07100000000000001
2024-12-05 23:39:07.186,0.107,0.062003825,-0.04499617514014244,0.07100000000000001
2024-12-05 23:49:06.898,0.07200000000000001,0.070689015,-0.0013109849095344628,0.038
2024-12-05 23:59:07.660,0.047,0.07115137,0.02415136831998825,0.046
2024-12-06 00:09:08.271,0.038,0.0631515,0.02515150111913681,0.107
2024-12-06 00:19:07.672,0.07200000000000001,0.0689306,-0.0030693964362144555,0.07200000000000001
2024-12-06 00:29:07.213,0.099,0.08085387,-0.018146127998828893,0.076
2024-12-06 00:39:06.787,0.038,0.07745072,0.039450722455978394,0.038
2024-12-06 00:49:06.930,0.074,0.06364316,-0.01035684251785278,0.107
2024-12-06 00:59:07.177,0.073,0.069036454,-0.003963546037673946,0.07200000000000001
2024-12-06 01:09:07.761,0.117,0.07743347,-0.03956653308868409,0.047
2024-12-06 01:19:08.441,0.038,0.077880956,0.03988095623254776,0.038
2024-12-06 01:29:07.744,0.074,0.06359762,-0.010402380466461178,0.07200000000000001
2024-12-06 01:39:07.212,0.038,0.069146335,0.031146335124969483,0.099
2024-12-06 01:49:06.933,0.073,0.06350897,-0.009491027474403377,0.038
2024-12-06 01:59:06.848,0.038,0.07541511,0.03741511207818985,0.074
2024-12-06 02:09:07.419,0.038,0.063951746,0.02595174562931061,0.073
2024-12-06 02:19:06.967,0.038,0.06945841,0.031458410143852235,0.117
2024-12-06 02:29:06.987,0.082,0.069384314,-0.012615685880184177,0.038
2024-12-06 02:39:07.413,0.075,0.07528941,0.0002894133329391507,0.074
2024-12-06 02:49:08.020,0.038,0.069643706,0.03164370608329773,0.038
2024-12-06 02:59:07.324,0.075,0.063917644,-0.01108235567808151,0.073
2024-12-06 03:09:06.622,0.073,0.07005037,-0.0029496263265609696,0.038
2024-12-06 03:19:07.055,0.074,0.07493472,0.0009347209930419959,0.038
2024-12-06 03:29:10.534,0.038,0.07108028,0.033080282330513,0.038
2024-12-06 03:39:44.555,0.042,0.062914096,0.020914095818996427,0.082
2024-12-06 03:40:24.390,0.102,0.064175904,-0.037824096202850335,0.075
2024-12-06 03:49:07.690,0.082,0.07262227,-0.009377730607986454,0.038
2024-12-06 03:59:07.755,0.047,0.06951758,0.022517582654953003,0.075
2024-12-06 04:09:06.964,0.038,0.064073265,0.026073264598846436,0.073
2024-12-06 04:19:08.264,0.07200000000000001,0.06951657,-0.002483430624008187,0.074
2024-12-06 04:29:07.221,0.038,0.076025456,0.038025456190109254,0.038
2024-12-06 04:39:08.493,0.038,0.06293581,0.024935806810855866,0.042
2024-12-06 04:49:07.312,0.038,0.06435424,0.026354240894317628,0.102
2024-12-06 04:59:07.949,0.07200000000000001,0.06975154,-0.0022484616637230004,0.082
2024-12-06 05:09:07.307,0.038,0.08141168,0.043411682069301606,0.047
2024-12-06 05:19:06.816,0.047,0.063371174,0.016371174037456512,0.038
2024-12-06 05:29:07.805,0.074,0.06379924,-0.010200760304927822,0.07200000000000001
2024-12-06 05:39:06.855,0.07100000000000001,0.06376436,-0.007235636472702034,0.038
2024-12-06 05:49:07.796,0.07100000000000001,0.07450938,0.003509382247924797,0.038
2024-12-06 05:59:10.011,0.037,0.074599765,0.03759976524114609,0.038
2024-12-06 06:09:07.285,0.037,0.05271439,0.015714388817548754,0.07200000000000001
2024-12-06 06:19:08.192,0.037,0.052741796,0.015741795778274538,0.038
2024-12-06 06:29:08.135,0.102,0.05275072,-0.04924927842617034,0.047
2024-12-06 06:39:07.035,0.037,0.077009976,0.04000997591018677,0.074
2024-12-06 06:49:07.400,0.07,0.053855136,-0.016144863963127143,0.07100000000000001
2024-12-06 06:59:08.306,0.037,0.08017256,0.04317256110906601,0.07100000000000001
2024-12-06 07:09:07.415,0.111,0.05561906,-0.05538093900680542,0.037
2024-12-06 07:19:08.021,0.077,0.09034112,0.013341120958328248,0.037
2024-12-06 07:29:06.893,0.068,0.07395669,0.005956690728664393,0.037
2024-12-06 07:39:07.944,0.116,0.08578098,-0.03021902179718018,0.102
2024-12-06 07:49:12.786,0.084,0.10266368,0.018663680911064143,0.037
2024-12-06 07:59:06.794,0.11,0.09388048,-0.016119517982006074,0.07
2024-12-06 08:09:07.371,0.13,0.11421458,-0.015785423219203953,0.037
2024-12-06 08:19:08.162,0.128,0.109327234,-0.01867276567220688,0.111
2024-12-06 08:33:52.262,0.097,0.11560796,0.01860796201229095,0.077
2024-12-06 08:39:07.632,0.097,0.12266701,0.025667007148265836,0.068
2024-12-06 08:49:09.565,0.065,0.11969376,0.05469376355409622,0.116
2024-12-06 08:59:08.706,0.129,0.08588159,-0.04311840915679932,0.084
2024-12-06 09:09:07.622,0.097,0.11750083,0.020500826716423032,0.11
2024-12-06 09:19:08.241,0.065,0.12345538,0.058455382883548734,0.13
2024-12-06 09:29:07.877,0.106,0.087041676,-0.018958323955535886,0.128
2024-12-06 09:39:06.998,0.097,0.11734968,0.020349676787853238,0.097
2024-12-06 09:49:07.381,0.128,0.12350705,-0.004492947340011599,0.097
2024-12-06 09:59:06.924,0.065,0.11850117,0.05350117146968841,0.065
2024-12-06 10:09:07.461,0.065,0.086928,0.021928002536296842,0.129
2024-12-06 10:19:08.006,0.104,0.08854608,-0.015453917622566218,0.097
2024-12-06 10:29:06.603,0.066,0.114116274,0.048116273820400235,0.065
2024-12-06 10:39:07.350,0.13,0.10480393,-0.025196072757244115,0.106
2024-12-06 10:49:07.150,0.097,0.111805916,0.014805915832519528,0.097
2024-12-06 10:59:08.973,0.097,0.123437926,0.02643792617321014,0.128
2024-12-06 11:09:07.160,0.128,0.121844344,-0.0061556561589241054,0.065
2024-12-06 11:19:07.164,0.074,0.11366381,0.039663807511329655,0.065
2024-12-06 11:29:07.063,0.116,0.104381055,-0.011618945360183722,0.104
2024-12-06 11:39:09.083,0.084,0.104205154,0.020205153882503504,0.066
2024-12-06 11:49:07.956,0.053,0.09950067,0.04650067102909088,0.13
2024-12-06 11:59:07.448,0.084,0.08099712,-0.0030028831362724356,0.097
2024-12-06 12:09:06.836,0.094,0.09487278,0.0008727801442146299,0.097
2024-12-06 12:19:07.563,0.085,0.099576674,0.014576674401760095,0.128
2024-12-06 12:29:06.969,0.03,0.1010446,0.07104460269212723,0.074
2024-12-06 12:39:08.701,0.03,0.066067606,0.03606760621070862,0.116
2024-12-06 12:49:06.575,0.038,0.06459167,0.0265916685461998,0.084
2024-12-06 12:59:07.776,0.038,0.06557295,0.027572947263717652,0.053
2024-12-06 13:09:06.610,0.03,0.059469756,0.02946975573897362,0.084
2024-12-06 13:19:10.319,0.03,0.062146883,0.032146883457899095,0.094
2024-12-06 13:29:06.638,0.03,0.064342976,0.03434297561645508,0.085
2024-12-06 13:39:07.192,0.03,0.054439083,0.024439082741737367,0.03
2024-12-06 13:49:07.953,0.047,0.054690752,0.007690752178430557,0.03
2024-12-06 13:59:08.155,0.055,0.05938889,0.0043888908624649045,0.038
2024-12-06 14:09:07.315,0.124,0.06430748,-0.059692518949508666,0.038
2024-12-06 14:29:09.154,0.054,0.1408717,0.08687170362472535,0.03
2024-12-06 14:39:07.099,0.046,0.05662902,0.010629020720720292,0.03
2024-12-06 14:49:08.368,0.046,0.050900776,0.004900775939226151,0.03
2024-12-06 14:59:07.033,0.03,0.050886754,0.02088675394654274,0.03
2024-12-06 15:09:07.326,0.047,0.045010153,-0.001989846795797348,0.047
2024-12-06 15:19:13.617,0.046,0.05466434,0.008664339870214463,0.055
2024-12-06 15:29:06.840,0.046,0.06779638,0.02179637932777405,0.124
2024-12-06 15:39:06.794,0.046,0.06719962,0.021199617624282838,0.054
2024-12-06 15:49:06.735,0.054,0.06674613,0.012746130585670472,0.046
2024-12-06 15:59:06.575,0.046,0.065005206,0.01900520557165146,0.046
2024-12-06 16:09:06.896,0.054,0.058194086,0.004194085955619813,0.03
2024-12-06 16:19:06.901,0.046,0.066730216,0.020730216145515443,0.047
2024-12-06 16:29:07.178,0.054,0.049915913,-0.004084086507558822,0.046
2024-12-06 16:39:07.073,0.046,0.05548312,0.009483121424913407,0.046
2024-12-06 16:49:06.688,0.033,0.049110215,0.01611021515727043,0.046
2024-12-06 16:59:07.745,0.033,0.041618254,0.008618254035711287,0.054
2024-12-06 17:09:11.638,0.036,0.042268842,0.006268842458724978,0.046
2024-12-06 17:19:06.939,0.028,0.050079595,0.022079595297574996,0.054
2024-12-06 17:29:07.709,0.028,0.051116955,0.023116954535245895,0.046
2024-12-06 17:39:08.089,0.037,0.048694033,0.011694033175706865,0.054
2024-12-06 17:49:07.684,0.028,0.05148309,0.023483090966939926,0.046
2024-12-06 17:59:07.148,0.029,0.04869935,0.019699349164962767,0.033
2024-12-06 18:09:07.516,0.028,0.046748046,0.018748045831918716,0.033
2024-12-06 18:19:07.459,0.028,0.048064165,0.02006416481733322,0.036
2024-12-06 18:29:06.730,0.037,0.04645797,0.009457968652248384,0.028
2024-12-06 18:39:06.650,0.029,0.047554497,0.01855449667572975,0.028
2024-12-06 18:49:07.410,0.029,0.046685975,0.017685975044965743,0.037
2024-12-06 18:59:07.575,0.029,0.046476297,0.017476297080516814,0.028
2024-12-06 19:09:07.128,0.029,0.04198646,0.012986461728811263,0.029
2024-12-06 19:19:07.500,0.029,0.042552084,0.01355208373069763,0.028
2024-12-06 19:29:06.909,0.029,0.040973887,0.011973886847496031,0.028
2024-12-06 19:39:06.873,0.037,0.040884707,0.003884707123041155,0.037
2024-12-06 19:49:07.339,0.029,0.042164933,0.013164932936429976,0.029
2024-12-06 19:59:07.207,0.029,0.04086638,0.011866378694772719,0.029
2024-12-06 20:09:07.028,0.029,0.039835483,0.010835482835769652,0.029
2024-12-06 20:19:07.499,0.029,0.039826557,0.010826557040214537,0.029
2024-12-06 20:29:07.139,0.029,0.039882526,0.010882525801658629,0.029
2024-12-06 20:39:07.762,0.029,0.039644133,0.010644133299589156,0.029
2024-12-06 20:49:08.332,0.029,0.040287737,0.011287736803293227,0.037
2024-12-06 20:59:07.602,0.037,0.040096387,0.0030963872671127338,0.029
2024-12-06 21:09:08.286,0.017,0.041566502,0.024566502302885054,0.029
2024-12-06 21:19:06.960,0.017,0.028098393,0.011098393231630324,0.029
2024-12-06 21:29:12.437,0.017,0.026965376,0.00996537598967552,0.029
2024-12-06 21:39:07.977,0.017,0.025568306,0.008568306446075438,0.029
2024-12-06 21:49:07.915,0.017,0.024907857,0.007907857179641722,0.029
2024-12-06 21:59:06.620,0.017,0.02494582,0.007945819750428199,0.029
2024-12-06 22:09:07.332,0.017,0.025132857,0.008132857263088225,0.037
2024-12-06 22:19:07.220,0.026,0.024949541,-0.0010504586845636356,0.017
2024-12-06 22:29:07.024,0.017,0.025028326,0.008028325617313384,0.017
2024-12-06 22:39:06.961,0.017,0.023035008,0.006035008460283278,0.017
2024-12-06 22:49:07.857,0.017,0.022834748,0.005834748029708861,0.017
2024-12-06 22:59:08.886,0.017,0.017661488,0.0006614876836538303,0.017
2024-12-06 23:09:07.520,0.017,0.015009707,-0.001990293160080911,0.017
2024-12-06 23:19:07.386,0.017,0.013930378,-0.003069622449576856,0.017
2024-12-06 23:29:06.958,0.026,0.016293213,-0.009706787228584288,0.026
2024-12-06 23:39:08.744,0.026,0.018866576,-0.0071334237456321704,0.017
2024-12-06 23:49:07.112,0.017,0.01638548,-0.0006145192384719861,0.017
2024-12-06 23:59:07.845,0.017,0.014251431,-0.0027485685497522366,0.017
2024-12-07 00:09:08.841,0.017,0.015973352,-0.0010266481041908276,0.017
2024-12-07 00:19:06.517,0.017,0.016040223,-0.000959777280688287,0.017
2024-12-07 00:29:08.125,0.017,0.015226411,-0.001773589298129083,0.017
2024-12-07 00:39:06.614,0.017,0.017607564,0.0006075641065835941,0.026
2024-12-07 00:49:06.811,0.017,0.021871623,0.004871622651815413,0.026
2024-12-07 00:59:07.077,0.017,0.021865066,0.00486506614089012,0.017
2024-12-07 01:09:08.101,0.026,0.02094207,-0.0050579304099082935,0.017
2024-12-07 01:19:06.996,0.017,0.019430235,0.0024302350282669055,0.017
2024-12-07 01:29:06.747,0.017,0.01932556,0.0023255599588155734,0.017
2024-12-07 01:39:06.885,0.017,0.016091356,-0.0009086439460515988,0.017
2024-12-07 01:49:06.894,0.017,0.015377163,-0.00162283704429865,0.017
2024-12-07 01:59:07.357,0.017,0.015665464,-0.001334535896778108,0.017
2024-12-07 02:09:06.649,0.017,0.015774777,-0.0012252228409051907,0.017
2024-12-07 02:19:06.955,0.017,0.018555697,0.001555697053670882,0.026
2024-12-07 02:29:07.632,0.017,0.01832896,0.0013289591223001468,0.017
2024-12-07 02:39:07.559,0.026,0.018131066,-0.007868933886289595,0.017
2024-12-07 02:49:07.163,0.026,0.019090896,-0.006909103527665137,0.017
2024-12-07 02:59:08.000,0.017,0.017025532,2.5532200932501525e-05,0.017
2024-12-07 03:09:07.844,0.017,0.016851056,-0.00014894363284111145,0.017
2024-12-07 03:19:06.892,0.017,0.016091049,-0.0009089512825012219,0.017
2024-12-07 03:29:07.162,0.017,0.016320342,-0.0006796578019857419,0.017
2024-12-07 03:39:08.371,0.017,0.016307268,-0.000692731708288194,0.017
2024-12-07 03:49:06.797,0.017,0.018480074,0.001480073660612105,0.026
2024-12-07 03:59:11.090,0.017,0.02302587,0.006025870323181151,0.026
2024-12-07 04:09:09.504,0.017,0.022921037,0.005921036928892134,0.017
2024-12-07 04:19:07.516,0.017,0.021707712,0.004707711741328238,0.017
2024-12-07 04:29:07.293,0.026,0.019893926,-0.006106074362993239,0.017
2024-12-07 04:39:07.908,0.026,0.022679344,-0.0033206561803817737,0.017
2024-12-07 04:49:06.569,0.017,0.016949905,-5.009491741657379e-05,0.017
2024-12-07 04:59:07.686,0.017,0.016079273,-0.00092072692513466,0.017
2024-12-07 05:09:08.457,0.017,0.01574038,-0.0012596203088760388,0.017
2024-12-07 05:19:07.174,0.017,0.015714187,-0.0012858128249645245,0.017
2024-12-07 05:29:08.979,0.017,0.015702415,-0.0012975847423076642,0.017
2024-12-07 05:39:07.753,0.017,0.018065255,0.001065255135297774,0.026
2024-12-07 05:49:07.713,0.017,0.022334518,0.0053345179110765445,0.026
2024-12-07 05:59:07.411,0.017,0.022334518,0.0053345179110765445,0.017
2024-12-07 06:09:09.152,0.017,0.023840189,0.006840188980102538,0.017
2024-12-07 06:19:06.903,0.017,0.02203296,0.005032959386706351,0.017
2024-12-07 06:29:07.813,0.048,0.022656756,-0.0253432444781065,0.017
2024-12-07 06:39:07.778,0.025,0.031512927,0.006512927263975142,0.017
2024-12-07 06:49:08.705,0.025,0.018569985,-0.0064300145953893675,0.017
2024-12-07 06:59:08.500,0.017,0.018990677,0.001990676850080489,0.017
2024-12-07 07:09:06.937,0.017,0.021469971,0.004469971165060996,0.017
2024-12-07 07:19:08.786,0.017,0.021476528,0.004476527675986289,0.017
2024-12-07 07:29:07.697,0.017,0.021488298,0.004488297730684279,0.017
2024-12-07 07:39:07.121,0.017,0.042894706,0.02589470613002777,0.048
2024-12-07 07:49:08.903,0.017,0.042934764,0.02593476417660713,0.025
2024-12-07 07:59:08.137,0.017,0.042984646,0.025984645813703536,0.025
2024-12-07 08:09:07.199,0.017,0.04465741,0.02765740919113159,0.017
2024-12-07 08:19:07.255,0.017,0.044845402,0.027845402240753173,0.017
2024-12-07 08:29:07.044,0.017,0.041948088,0.024948087513446807,0.017
2024-12-07 08:39:09.044,0.017,0.026004156,0.009004156097769736,0.017
2024-12-07 08:49:06.807,0.025,0.024111968,-0.0008880324661731734,0.017
2024-12-07 08:59:07.082,0.024,0.026523096,0.0025230964869260783,0.017
2024-12-07 09:09:08.310,0.017,0.02296016,0.005960159927606581,0.017
2024-12-07 09:19:07.103,0.017,0.023063427,0.006063426837325095,0.017
2024-12-07 09:29:07.047,0.017,0.023707988,0.006707987740635871,0.017
2024-12-07 09:39:07.842,0.017,0.023714544,0.006714544251561164,0.017
2024-12-07 09:49:07.247,0.019,0.023689661,0.004689661175012589,0.017
2024-12-07 09:59:07.864,0.019,0.026037307,0.00703730745613575,0.025
2024-12-07 10:09:08.294,0.019,0.027561413,0.008561413124203682,0.024
2024-12-07 10:19:07.835,0.019,0.02756797,0.008567969635128975,0.017
2024-12-07 10:29:07.132,0.033,0.026519785,-0.006480215296149255,0.017
2024-12-07 10:39:07.026,0.027,0.0321231,0.0051231000125408176,0.017
2024-12-07 10:49:10.110,0.027,0.027323876,0.000323875576257706,0.017
2024-12-07 10:59:07.250,0.032,0.024308441,-0.007691558793187142,0.019
2024-12-07 11:09:08.518,0.019,0.032109182,0.013109182327985764,0.019
2024-12-07 11:19:06.787,0.019,0.026118584,0.007118583977222443,0.019
2024-12-07 11:29:06.821,0.019,0.027188955,0.008188954874873162,0.019
2024-12-07 11:39:07.106,0.017,0.032066707,0.0150667065680027,0.033
2024-12-07 11:49:06.728,0.017,0.0329237,0.015923698425292968,0.027
2024-12-07 12:09:09.680,0.017,0.03215274,0.015152738422155379,0.027
2024-12-07 12:19:11.006,0.025,0.033483133,0.00848313271999359,0.032
2024-12-07 12:29:08.328,0.017,0.035263754,0.018263754427433013,0.019
2024-12-07 12:39:08.945,0.017,0.033394385,0.016394385129213332,0.019
2024-12-07 12:49:07.814,0.017,0.031156017,0.014156016513705252,0.019
2024-12-07 12:59:07.278,0.017,0.031219205,0.014219204887747763,0.017
2024-12-07 13:09:07.152,0.017,0.027868591,0.010868591248989104,0.017
2024-12-07 13:19:08.211,0.017,0.021776158,0.004776158362627028,0.017
2024-12-07 13:29:07.204,0.025,0.02462392,-0.0003760807216167464,0.025
2024-12-07 13:39:10.109,0.017,0.026169568,0.009169568300247191,0.017
2024-12-07 13:49:08.844,0.017,0.023671696,0.006671695962548255,0.017
2024-12-07 13:59:06.818,0.017,0.022937234,0.005937234491109847,0.017
2024-12-07 14:09:06.999,0.026,0.021876927,-0.004123072534799575,0.017
2024-12-07 14:19:08.054,0.017,0.024936207,0.007936206638813018,0.017
2024-12-07 14:29:09.540,0.017,0.021327889,0.004327888593077658,0.017
2024-12-07 14:39:08.307,0.017,0.02368416,0.006684160783886908,0.025
2024-12-07 14:49:08.421,0.025,0.024788372,-0.0002116277813911452,0.017
2024-12-07 14:59:08.400,0.017,0.023801332,0.006801332339644431,0.017
2024-12-07 15:09:06.968,0.017,0.022956256,0.005956255823373793,0.017
2024-12-07 15:19:08.805,0.017,0.026899358,0.009899358257651328,0.026
2024-12-07 15:29:07.375,0.025,0.02691838,0.0019183795899152742,0.017
2024-12-07 15:39:07.488,0.017,0.023801332,0.006801332339644431,0.017
2024-12-07 15:49:07.153,0.017,0.021876927,0.004876927465200423,0.017
2024-12-07 15:59:07.569,0.017,0.028016035,0.011016034513711928,0.025
2024-12-07 16:09:08.006,0.025,0.026708715,0.00170871466398239,0.017
2024-12-07 16:19:09.173,0.017,0.023783006,0.0067830057740211475,0.017
2024-12-07 16:29:08.754,0.017,0.021667263,0.004667262539267539,0.017
2024-12-07 16:39:08.381,0.017,0.024627656,0.007627655744552611,0.025
2024-12-07 16:49:07.014,0.026,0.024195194,-0.0018048057556152332,0.017
2024-12-07 16:59:07.128,0.017,0.023350544,0.006350544273853301,0.017
2024-12-07 17:09:06.969,0.017,0.022031289,0.005031288594007491,0.017
2024-12-07 17:19:07.314,0.017,0.02367625,0.006676250129938124,0.025
2024-12-07 17:29:07.068,0.017,0.02344826,0.006448260501027106,0.017
2024-12-07 17:39:06.980,0.026,0.022739312,-0.003260688319802283,0.017
2024-12-07 17:49:06.833,0.017,0.020930683,0.003930683240294455,0.017
2024-12-07 17:59:07.510,0.017,0.025706837,0.008706836953759192,0.026
2024-12-07 18:09:07.832,0.017,0.023511572,0.006511571809649466,0.017
2024-12-07 18:19:21.301,0.017,0.020493573,0.003493572577834128,0.017
2024-12-07 18:29:07.190,0.017,0.01866149,0.0016614897102117526,0.017
2024-12-07 18:39:08.567,0.017,0.018679816,0.001679816275835036,0.017
2024-12-07 18:49:07.048,0.026,0.023739561,-0.002260438561439513,0.026
2024-12-07 18:59:07.162,0.017,0.020585861,0.0035858610570430743,0.017
2024-12-07 19:09:08.864,0.018,0.016897125,-0.0011028748303651796,0.017
2024-12-07 19:19:07.256,0.017,0.01506501,-0.0019349902942776692,0.017
2024-12-07 19:29:08.583,0.017,0.014855346,-0.002144654288887979,0.017
2024-12-07 19:39:07.537,0.017,0.015131882,-0.0018681176081299794,0.017
2024-12-07 19:49:06.648,0.017,0.014324628,-0.0026753721833229077,0.017
2024-12-07 19:59:07.357,0.026,0.016963996,-0.00903600400686264,0.026
2024-12-07 20:09:07.141,0.017,0.016409278,-0.0005907220840454114,0.017
2024-12-07 20:19:07.014,0.017,0.01638388,-0.0006161192506551755,0.018
2024-12-07 20:29:08.770,0.017,0.014466566,-0.0025334339663386357,0.017
2024-12-07 20:39:07.057,0.017,0.014256904,-0.002743096098303796,0.017
2024-12-07 20:49:08.305,0.018,0.014256904,-0.0037430960983037935,0.017
2024-12-07 20:59:07.654,0.018,0.013954176,-0.004045824363827704,0.017
2024-12-07 21:09:07.269,0.026,0.017463204,-0.00853679648041725,0.026
2024-12-07 21:19:07.154,0.017,0.016390951,-0.0006090486496686948,0.017
2024-12-07 21:29:07.382,0.017,0.016107345,-0.0008926550000906003,0.017
2024-12-07 21:39:06.916,0.017,0.014533439,-0.002466561280190946,0.017
2024-12-07 21:49:08.031,0.017,0.014275231,-0.002724768601357938,0.017
2024-12-07 21:59:06.690,0.017,0.014256904,-0.002743096098303796,0.018
2024-12-07 22:09:07.108,0.017,0.0137124825,-0.003287517473101617,0.018
2024-12-07 22:19:07.510,0.017,0.016075317,-0.0009246831834316266,0.026
2024-12-07 22:29:08.268,0.026,0.016284982,-0.00971501825749874,0.017
2024-12-07 22:39:10.947,0.017,0.01637725,-0.0006227502673864377,0.017
2024-12-07 22:49:06.774,0.017,0.014519735,-0.002480264760553838,0.017
2024-12-07 22:59:07.652,0.017,0.014261528,-0.0027384720817208302,0.017
2024-12-07 23:09:07.468,0.017,0.014452863,-0.002547137446701528,0.017
2024-12-07 23:19:06.961,0.017,0.0137124825,-0.003287517473101617,0.017
2024-12-07 23:29:07.740,0.017,0.0137124825,-0.003287517473101617,0.017
2024-12-07 23:39:06.623,0.017,0.016284982,-0.0007150182574987424,0.026
2024-12-07 23:49:07.394,0.026,0.016351853,-0.0096481474339962,0.017
2024-12-07 23:59:07.255,0.017,0.016339287,-0.0006607128381729138,0.017
2024-12-08 00:09:07.791,0.017,0.015992375,-0.0010076249092817319,0.017
2024-12-08 00:19:08.327,0.017,0.01578271,-0.001217289835214616,0.017
2024-12-08 00:29:07.234,0.017,0.015801033,-0.0011989669948816312,0.017
2024-12-08 00:39:07.321,0.018,0.015528522,-0.0024714775681495653,0.017
2024-12-08 00:49:07.229,0.017,0.015270314,-0.0017296858206391347,0.017
2024-12-08 00:59:07.774,0.017,0.017614815,0.0006148153841495502,0.026
2024-12-08 01:09:07.931,0.017,0.018189698,0.0011896984577178943,0.017
2024-12-08 01:19:07.146,0.017,0.01774,0.0007400000393390643,0.017
2024-12-08 01:29:06.982,0.025,0.016202742,-0.008797257766127588,0.017
2024-12-08 01:39:07.449,0.025,0.016171865,-0.00882813483476639,0.017
2024-12-08 01:49:07.011,0.017,0.016190192,-0.0008098082691431058,0.018
2024-12-08 01:59:06.845,0.017,0.015339202,-0.001660797752439977,0.017
2024-12-08 02:09:07.033,0.017,0.015928153,-0.001071847051382066,0.017
2024-12-08 02:19:06.957,0.017,0.015718486,-0.0012815138399600995,0.017
2024-12-08 02:29:06.894,0.017,0.015736815,-0.0012631854116916669,0.017
2024-12-08 02:39:06.990,0.017,0.018376194,0.0013761939406394946,0.025
2024-12-08 02:49:07.798,0.017,0.02004811,0.0030481098145246494,0.025
2024-12-08 02:59:08.053,0.017,0.020257773,0.0032577728778123843,0.017
2024-12-08 03:09:10.740,0.017,0.01957037,0.0025703692734241473,0.017
2024-12-08 03:19:07.967,0.017,0.017546939,0.0005469387322664249,0.017
2024-12-08 03:29:09.011,0.026,0.017528612,-0.008471387833356856,0.017
2024-12-08 03:39:07.718,0.026,0.016911944,-0.009088055625557898,0.017
2024-12-08 03:49:08.538,0.017,0.016381232,-0.0006187679320573819,0.017
2024-12-08 03:59:07.050,0.017,0.016097605,-0.000902394771575929,0.017
2024-12-08 04:09:07.263,0.017,0.016307268,-0.000692731708288194,0.017
2024-12-08 04:19:07.058,0.017,0.01613556,-0.0008644396513700497,0.017
2024-12-08 04:29:06.884,0.017,0.016079273,-0.00092072692513466,0.017
2024-12-08 04:39:06.915,0.017,0.018460438,0.0014604376554489124,0.026
2024-12-08 04:49:08.134,0.017,0.022736257,0.005736256942152976,0.026
2024-12-08 04:59:07.065,0.017,0.02301279,0.006012790828943251,0.017
2024-12-08 05:09:06.934,0.017,0.021569427,0.004569427102804183,0.017
2024-12-08 05:19:07.188,0.017,0.01968877,0.0026887701749801624,0.017
2024-12-08 05:29:09.208,0.017,0.01946078,0.002460780546069144,0.017
2024-12-08 05:39:07.358,0.017,0.016251458,-0.0007485421448946011,0.017
2024-12-08 05:49:09.391,0.017,0.015978947,-0.0010210527181625378,0.017
2024-12-08 05:59:07.438,0.026,0.015997274,-0.010002726152539252,0.017
2024-12-08 06:09:07.161,0.025,0.020997748,-0.004002252221107484,0.017
2024-12-08 06:19:07.150,0.025,0.018489415,-0.006510585173964502,0.017
2024-12-08 06:29:07.789,0.017,0.018507741,0.0015077413916587817,0.017
2024-12-08 06:39:07.365,0.017,0.018397156,0.0013971561491489398,0.017
2024-12-08 06:49:07.242,0.017,0.018397156,0.0013971561491489398,0.017
2024-12-08 06:59:07.294,0.017,0.018482354,0.0014823535382747638,0.017
2024-12-08 07:09:08.936,0.017,0.023128431,0.006128431290388106,0.026
2024-12-08 07:19:08.366,0.017,0.027680809,0.010680808678269385,0.025
2024-12-08 07:29:07.066,0.017,0.03178719,0.014787190586328505,0.025
2024-12-08 07:39:07.025,0.017,0.03180552,0.014805519014596938,0.017
2024-12-08 07:49:33.404,0.017,0.030967008,0.01396700832247734,0.017
2024-12-08 07:59:07.888,0.017,0.02895867,0.011958670794963835,0.017
2024-12-08 08:09:06.979,0.017,0.024120005,0.007120004847645758,0.017
2024-12-08 08:19:07.918,0.017,0.023201397,0.00620139668881893,0.017
2024-12-08 08:29:07.659,0.017,0.023727765,0.006727765306830405,0.017
2024-12-08 08:39:07.166,0.017,0.02312147,0.00612147058546543,0.017
2024-12-08 08:49:06.763,0.017,0.02312147,0.00612147058546543,0.017
2024-12-08 08:59:07.253,0.017,0.023103144,0.006103144019842147,0.017
2024-12-08 09:09:07.773,0.025,0.022676926,-0.002323073893785478,0.017
2024-12-08 09:19:07.477,0.025,0.025295883,0.0002958834171295152,0.017
2024-12-08 09:29:06.821,0.025,0.022769215,-0.002230785414576532,0.017
2024-12-08 09:39:07.084,0.017,0.022787541,0.005787541151046752,0.017
2024-12-08 09:49:08.016,0.017,0.022676926,0.005676926106214522,0.017
2024-12-08 09:59:07.883,0.017,0.022676926,0.005676926106214522,0.017
2024-12-08 10:09:07.080,0.017,0.022331627,0.005331627085804938,0.017
2024-12-08 10:19:06.664,0.017,0.024678983,0.007678982794284819,0.025
2024-12-08 10:29:09.339,0.017,0.026642926,0.009642926037311553,0.025
2024-12-08 10:39:08.303,0.017,0.030777387,0.01377738732099533,0.025
2024-12-08 10:49:09.666,0.017,0.03075451,0.013754510313272475,0.017
2024-12-08 10:59:07.092,0.017,0.029804146,0.012804145917296408,0.017
2024-12-08 11:09:07.280,0.017,0.027845189,0.010845188975334166,0.017
2024-12-08 11:19:07.921,0.017,0.023731058,0.006731058463454245,0.017
2024-12-08 11:29:08.848,0.017,0.022779379,0.005779379040002822,0.017
2024-12-08 11:39:10.315,0.025,0.022263411,-0.0027365885674953475,0.017
2024-12-08 11:49:07.399,0.025,0.024882369,-0.00011763125658035417,0.017
2024-12-08 11:59:06.616,0.025,0.022374026,-0.002625973522663118,0.017
2024-12-08 12:09:07.049,0.017,0.021744514,0.0047445138841867435,0.017
2024-12-08 12:19:07.354,0.017,0.021619154,0.004619154140353202,0.017
2024-12-08 12:29:07.315,0.017,0.021925071,0.0049250712543725955,0.017
2024-12-08 12:39:06.715,0.017,0.022214528,0.0052145281732082355,0.017
2024-12-08 12:49:07.618,0.017,0.024626544,0.00762654374539852,0.025
2024-12-08 12:59:07.576,0.017,0.02659334,0.009593340560793875,0.025
2024-12-08 13:09:07.358,0.017,0.030725809,0.013725808814167975,0.025
2024-12-08 13:19:08.113,0.017,0.030999927,0.013999926850199698,0.017
2024-12-08 13:29:06.926,0.017,0.029124659,0.012124658554792403,0.017
2024-12-08 13:39:08.537,0.025,0.02783147,0.00283147059381008,0.017
2024-12-08 13:49:06.937,0.017,0.023805324,0.006805323988199233,0.017
2024-12-08 13:59:07.302,0.017,0.022455784,0.005455783560872077,0.017
2024-12-08 14:09:06.771,0.017,0.022249693,0.005249693050980567,0.017
2024-12-08 14:19:09.476,0.025,0.02170142,-0.003298580273985864,0.017
2024-12-08 14:29:08.409,0.017,0.024219785,0.0072197848856449115,0.017
2024-12-08 14:39:07.709,0.017,0.02255616,0.005556159645318984,0.017
2024-12-08 14:49:10.126,0.025,0.024073593,-0.0009264066815376296,0.025
2024-12-08 14:59:08.196,0.017,0.026615689,0.009615688577294348,0.017
2024-12-08 15:09:07.110,0.017,0.024015054,0.00701505410671234,0.017
2024-12-08 15:19:06.730,0.025,0.022164611,-0.002835388854146005,0.017
2024-12-08 15:29:07.545,0.017,0.025063919,0.008063918903470038,0.025
2024-12-08 15:39:07.785,0.017,0.025025276,0.008025276467204093,0.017
2024-12-08 15:49:07.876,0.025,0.024088338,-0.0009116619825363173,0.017
2024-12-08 15:59:07.908,0.017,0.025007628,0.00800762790441513,0.025
2024-12-08 16:09:06.944,0.017,0.02491534,0.007915339425206183,0.017
2024-12-08 16:19:09.420,0.025,0.024933666,-6.633400917053361e-05,0.017
2024-12-08 16:29:07.577,0.017,0.0275343,0.010534300461411475,0.025
2024-12-08 16:39:07.337,0.017,0.024933666,0.007933665990829467,0.017
2024-12-08 16:49:07.060,0.017,0.024607362,0.00760736222565174,0.017
2024-12-08 16:59:06.738,0.025,0.02471875,-0.0002812497317790999,0.025
2024-12-08 17:09:07.416,0.017,0.026663821,0.009663821190595626,0.017
2024-12-08 17:19:07.605,0.017,0.024051562,0.007051561951637267,0.017
2024-12-08 17:29:07.316,0.017,0.024051562,0.007051561951637267,0.025
2024-12-08 17:39:07.619,0.017,0.024051562,0.007051561951637267,0.017
2024-12-08 17:49:08.927,0.017,0.024049569,0.00704956892132759,0.017
2024-12-08 17:59:07.209,0.025,0.02131916,-0.003680839762091638,0.017
2024-12-08 18:09:07.670,0.017,0.021966914,0.00496691371500492,0.025
2024-12-08 18:19:07.516,0.017,0.021874625,0.0048746252357959735,0.017
2024-12-08 18:29:06.567,0.017,0.020956013,0.003956013351678847,0.017
2024-12-08 18:39:06.888,0.017,0.01911938,0.0021193800419569003,0.017
2024-12-08 18:49:07.067,0.017,0.01911938,0.0021193800419569003,0.017
2024-12-08 18:59:07.306,0.017,0.019142257,0.002142257049679755,0.017
2024-12-08 19:09:07.801,0.025,0.01737789,-0.007622109353542329,0.025
2024-12-08 19:19:08.503,0.017,0.017451838,0.0004518376588821399,0.017
2024-12-08 19:29:07.255,0.017,0.017357571,0.0003575710505247104,0.017
2024-12-08 19:39:08.514,0.017,0.015527447,-0.0014725532457232487,0.017
2024-12-08 19:49:07.926,0.017,0.015543781,-0.0014562187790870679,0.017
2024-12-08 19:59:07.200,0.017,0.015545774,-0.0014542257487773907,0.017
2024-12-08 20:09:06.991,0.017,0.014396292,-0.0026037078425288213,0.017
2024-12-08 20:19:09.021,0.025,0.016761975,-0.008238024637103082,0.025
2024-12-08 20:29:08.760,0.017,0.016854249,-0.0001457510590553296,0.017
2024-12-08 20:39:07.240,0.017,0.016761975,-0.00023802463710308197,0.017
2024-12-08 20:49:08.538,0.017,0.014929869,-0.002070130787789823,0.017
2024-12-08 20:59:07.441,0.017,0.014929869,-0.002070130787789823,0.017
2024-12-08 21:09:07.939,0.017,0.014929869,-0.002070130787789823,0.017
2024-12-08 21:19:06.978,0.017,0.014399151,-0.0026008486822247517,0.017
2024-12-08 21:29:07.217,0.017,0.016780302,-0.00021969807147979858,0.025
2024-12-08 21:39:07.644,0.025,0.016761975,-0.008238024637103082,0.017
2024-12-08 21:49:07.696,0.017,0.016872576,-0.0001274244934320462,0.017
2024-12-08 21:59:06.788,0.017,0.014929869,-0.002070130787789823,0.017
2024-12-08 22:09:06.803,0.017,0.014916166,-0.002083834268152715,0.017
2024-12-08 22:19:07.885,0.017,0.014916166,-0.002083834268152715,0.017
2024-12-08 22:29:06.748,0.017,0.014385448,-0.002614552162587644,0.017
2024-12-08 22:39:07.328,0.017,0.014403775,-0.002596224665641786,0.017
2024-12-08 22:49:08.015,0.017,0.016315822,-0.0006841784417629254,0.025
2024-12-08 22:59:07.960,0.026,0.016334148,-0.00966585187613964,0.017
2024-12-08 23:09:07.178,0.025,0.018916434,-0.006083566322922708,0.017
2024-12-08 23:19:07.689,0.017,0.014563468,-0.0024365317150950444,0.017
2024-12-08 23:29:16.283,0.017,0.014483704,-0.0025162957683205617,0.017
2024-12-08 23:39:06.902,0.017,0.014502032,-0.0024979682713747037,0.017
2024-12-08 23:49:07.307,0.017,0.013761652,-0.003238348297774793,0.017
2024-12-08 23:59:07.230,0.017,0.013884184,-0.0031158160492777837,0.017
2024-12-09 00:09:08.015,0.017,0.017576853,0.000576852813363074,0.026
2024-12-09 00:19:06.926,0.017,0.022062343,0.005062342613935469,0.025
2024-12-09 00:29:06.795,0.017,0.022132417,0.005132417187094687,0.017
2024-12-09 00:39:07.382,0.025,0.020804498,-0.004195501655340196,0.017
2024-12-09 00:49:07.299,0.017,0.019292664,0.0022926637828350055,0.017
2024-12-09 00:59:07.243,0.017,0.019182049,0.002182048738002776,0.017
2024-12-09 01:09:07.621,0.017,0.015888242,-0.0011117579489946378,0.017
2024-12-09 01:19:06.764,0.017,0.015567193,-0.001432807192206384,0.017
2024-12-09 01:29:06.639,0.017,0.015548865,-0.001451134689152242,0.017
2024-12-09 01:39:08.444,0.017,0.015339202,-0.001660797752439977,0.017
2024-12-09 01:49:08.899,0.017,0.017702037,0.0007020374685525882,0.025
2024-12-09 01:59:09.155,0.017,0.017930027,0.0009300270974636066,0.017
2024-12-09 02:09:07.571,0.017,0.01809966,0.001099660053849219,0.017
2024-12-09 02:19:07.163,0.026,0.0164772,-0.009522800728678702,0.017
2024-12-09 02:29:06.970,0.025,0.01905949,-0.005940509587526323,0.017
2024-12-09 02:39:06.841,0.017,0.016569503,-0.00043049734830856445,0.017
2024-12-09 02:49:34.800,0.017,0.015946483,-0.0010535167604684842,0.017
2024-12-09 02:59:07.547,0.017,0.015736815,-0.0012631854116916669,0.017
2024-12-09 03:09:06.981,0.017,0.016288942,-0.0007110582739114774,0.017
2024-12-09 03:19:06.820,0.017,0.01637414,-0.0006258608847856534,0.017
2024-12-09 03:29:07.905,0.017,0.018442111,0.001442111089825629,0.026
2024-12-09 03:39:07.307,0.017,0.022927593,0.005927593439817427,0.025
2024-12-09 03:49:09.354,0.017,0.02271793,0.005717930376529692,0.017
2024-12-09 03:59:07.978,0.017,0.021879412,0.004879412233829497,0.017
2024-12-09 04:09:07.499,0.017,0.019837637,0.002837636500596999,0.017
2024-12-09 04:19:07.880,0.026,0.02011417,-0.005885829612612723,0.017
2024-12-09 04:29:09.359,0.025,0.019420264,-0.005579735711216928,0.017
2024-12-09 04:39:07.904,0.025,0.016381232,-0.008618767932057382,0.017
2024-12-09 04:49:07.452,0.017,0.016381232,-0.0006187679320573819,0.017
2024-12-09 04:59:06.572,0.017,0.016079273,-0.00092072692513466,0.017
2024-12-09 05:09:08.139,0.017,0.015912076,-0.0010879235416650784,0.017
2024-12-09 05:19:07.151,0.017,0.015963824,-0.001036175534129144,0.017
2024-12-09 05:29:09.476,0.017,0.018343719,0.001343718722462653,0.026
2024-12-09 05:39:06.886,0.017,0.022619538,0.005619538009166716,0.025
2024-12-09 05:59:11.752,0.017,0.027002484,0.0100024836063385,0.025
2024-12-09 06:09:07.671,0.017,0.029936006,0.012936006292700766,0.017
2024-12-09 06:19:08.070,0.017,0.028887825,0.011887825086712836,0.017
2024-12-09 06:29:08.263,0.016,0.027055709,0.011055708691477775,0.017
2024-12-09 06:39:08.345,0.016,0.020438636,0.004438635721802711,0.017
2024-12-09 06:49:06.981,0.016,0.019553566,0.0035535663515329358,0.017
2024-12-09 06:59:06.981,0.016,0.019091599,0.0030915986895561215,0.017
2024-12-09 07:09:06.842,0.032,0.021749964,-0.010250036016106606,0.017
2024-12-09 07:19:07.722,0.032,0.029312776,-0.002687223598361016,0.017
2024-12-09 07:29:08.160,0.04,0.02937657,-0.010623429864645005,0.017
2024-12-09 07:39:06.866,0.04,0.035454698,-0.004545302093029023,0.016
2024-12-09 07:49:07.354,0.04,0.036016986,-0.003983014225959779,0.016
2024-12-09 07:59:08.284,0.055,0.033671428,-0.02132857248187065,0.016
2024-12-09 08:09:07.310,0.046,0.04381346,-0.00218654042482376,0.016
2024-12-09 08:19:07.608,0.046,0.04102371,-0.004976291120052337,0.032
2024-12-09 08:29:08.184,0.046,0.048403695,0.002403695225715638,0.032
2024-12-09 08:39:07.404,0.054,0.048668236,-0.005331764459609985,0.04
2024-12-09 08:49:11.554,0.046,0.057040796,0.01104079568386078,0.04
2024-12-09 08:59:10.221,0.046,0.04808592,0.00208592051267624,0.04
2024-12-09 09:09:16.533,0.046,0.04973333,0.003733329564332963,0.055
2024-12-09 09:19:06.943,0.062,0.047834728,-0.014165272086858749,0.046
2024-12-09 09:29:07.271,0.068,0.06412961,-0.0038703866600990344,0.046
2024-12-09 09:39:10.048,0.06,0.06715016,0.007150160670280459,0.046
2024-12-09 09:49:10.350,0.046,0.066330075,0.02033007526397705,0.054
2024-12-09 09:59:08.738,0.046,0.048445933,0.002445932567119599,0.046
2024-12-09 10:09:09.401,0.046,0.04793975,0.0019397512972354897,0.046
2024-12-09 10:19:07.980,0.046,0.04729519,0.001295190393924714,0.046
2024-12-09 10:29:08.403,0.046,0.050680783,0.004680782645940781,0.062
2024-12-09 10:39:07.642,0.046,0.05128264,0.005282640546560288,0.068
2024-12-09 10:49:09.367,0.054,0.05095334,-0.0030466602146625513,0.06
2024-12-09 10:59:07.563,0.054,0.057926606,0.003926606386899949,0.046
2024-12-09 11:09:09.533,0.046,0.05516644,0.009166438221931458,0.046
2024-12-09 11:19:07.836,0.046,0.04882569,0.0028256886601448067,0.046
2024-12-09 11:29:09.344,0.046,0.04882569,0.0028256886601448067,0.046
2024-12-09 11:39:07.220,0.046,0.04904889,0.0030488894283771523,0.046
2024-12-09 11:49:08.491,0.054,0.04949708,-0.004502920895814895,0.046
2024-12-09 11:59:08.978,0.046,0.059691917,0.013691917151212693,0.054
2024-12-09 12:09:08.347,0.046,0.050268102,0.0042681024372577675,0.054
2024-12-09 12:19:09.035,0.046,0.047000185,0.001000184655189515,0.046
2024-12-09 12:29:07.406,0.055,0.047161076,-0.007838923782110215,0.046
2024-12-09 12:39:11.868,0.047,0.055677656,0.008677656084299087,0.046
2024-12-09 12:49:15.148,0.047,0.046885315,-0.00011468467116355907,0.046
2024-12-09 12:59:07.203,0.047,0.048952192,0.0019521920680999755,0.054
2024-12-09 13:09:08.893,0.047,0.047161076,0.00016107621788978566,0.046
2024-12-09 13:19:07.914,0.046,0.04707192,0.0010719188451766976,0.046
2024-12-09 13:29:09.420,0.046,0.04707192,0.0010719188451766976,0.046
2024-12-09 13:39:07.049,0.054,0.049137913,-0.0048620873093605035,0.055
2024-12-09 13:49:11.981,0.046,0.05320876,0.007208760917186738,0.047
2024-12-09 13:59:07.712,0.046,0.046974428,0.0009744279980659493,0.047
2024-12-09 14:09:06.883,0.046,0.047090247,0.0010902472734451302,0.047
2024-12-09 14:19:08.220,0.054,0.04723931,-0.006760688960552215,0.047
2024-12-09 14:29:07.574,0.046,0.053332068,0.007332068026065827,0.046
2024-12-09 14:39:08.860,0.046,0.04723931,0.0012393110394477852,0.046
2024-12-09 14:49:09.364,0.046,0.049137913,0.0031379126906394966,0.054
2024-12-09 14:59:07.960,0.046,0.04723931,0.0012393110394477852,0.046
2024-12-09 15:09:08.628,0.054,0.04723931,-0.006760688960552215,0.046
2024-12-09 15:19:09.291,0.046,0.055695985,0.009695984512567521,0.046
2024-12-09 15:29:07.634,0.046,0.049119584,0.003119584262371064,0.054
2024-12-09 15:39:07.219,0.054,0.04725764,-0.006742360532283782,0.046
2024-12-09 15:49:07.221,0.046,0.053235505,0.007235504776239396,0.046
2024-12-09 15:59:07.698,0.046,0.047045257,0.0010452569425106056,0.046
2024-12-09 16:09:10.616,0.046,0.04696944,0.0009694398343563088,0.046
2024-12-09 16:19:07.462,0.046,0.048230246,0.0022302457094192513,0.054
2024-12-09 16:29:07.645,0.047,0.04696944,-3.056016564369213e-05,0.046
2024-12-09 16:39:07.277,0.047,0.046146493,-0.0008535065948963166,0.046
2024-12-09 16:49:07.055,0.033,0.045023303,0.012023303478956221,0.054
2024-12-09 16:59:06.878,0.041,0.0400033,-0.000996700286865236,0.046
2024-12-09 17:09:07.383,0.043,0.04305194,5.1939457654956445e-05,0.046
2024-12-09 17:19:07.304,0.043,0.058481343,0.015481343090534214,0.046
2024-12-09 17:29:07.109,0.052,0.05903801,0.007038009494543078,0.046
2024-12-09 17:39:06.665,0.044,0.06552261,0.021522611141204837,0.047
2024-12-09 17:49:06.954,0.043,0.058984704,0.015984704315662387,0.047
2024-12-09 17:59:07.286,0.043,0.058318973,0.015318972587585453,0.033
2024-12-09 18:09:07.006,0.052,0.05851011,0.0065101097822189355,0.041
2024-12-09 18:19:08.192,0.044,0.063914776,0.019914775848388674,0.043
2024-12-09 18:29:07.196,0.043,0.058476754,0.015476753532886509,0.043
2024-12-09 18:39:07.705,0.043,0.058458425,0.015458425104618076,0.052
2024-12-09 18:49:06.648,0.044,0.058689114,0.014689113706350329,0.044
2024-12-09 18:59:08.166,0.052,0.058707442,0.0067074421346187615,0.043
2024-12-09 19:09:07.581,0.044,0.05970203,0.01570203131437302,0.043
2024-12-09 19:19:08.113,0.043,0.05458171,0.011581709206104282,0.052
2024-12-09 19:29:06.801,0.043,0.05562061,0.012620610713958744,0.044
2024-12-09 19:39:08.675,0.043,0.05456338,0.01156338077783585,0.043
2024-12-09 19:49:07.835,0.043,0.05529669,0.012296689271926883,0.043
2024-12-09 19:59:08.915,0.044,0.05451484,0.01051484024524689,0.044
2024-12-09 20:09:07.108,0.028,0.05376021,0.025760208189487457,0.052
2024-12-09 20:19:07.392,0.028,0.039425924,0.01142592442035675,0.044
2024-12-09 20:29:07.531,0.028,0.03965393,0.011653930813074111,0.043
2024-12-09 20:39:08.044,0.028,0.039444253,0.011444252848625183,0.043
2024-12-09 20:49:07.321,0.036,0.039221466,0.0032214655876159695,0.043
2024-12-09 20:59:07.255,0.036,0.040234268,0.004234267711639407,0.043
2024-12-09 21:09:07.176,0.017,0.040952764,0.023952764451503752,0.044
2024-12-09 21:19:06.916,0.017,0.02648244,0.009482440531253813,0.028
2024-12-09 21:29:07.948,0.017,0.026292413,0.009292413473129271,0.028
2024-12-09 21:39:06.884,0.017,0.026520403,0.00952040310204029,0.028
2024-12-09 21:49:08.346,0.017,0.026520403,0.00952040310204029,0.028
2024-12-09 21:59:06.930,0.018,0.026520403,0.008520403102040292,0.036
2024-12-09 22:09:07.716,0.018,0.026506701,0.00850670148432255,0.036
2024-12-09 22:19:06.684,0.026,0.026290242,0.00029024162888527036,0.017
2024-12-09 22:29:07.120,0.017,0.027425362,0.010425361797213553,0.017
2024-12-09 22:39:06.911,0.018,0.024240736,0.006240735918283464,0.017
2024-12-09 22:49:07.538,0.018,0.025612468,0.007612467899918558,0.017
2024-12-09 22:59:08.690,0.018,0.018894468,0.0008944675028324141,0.017
2024-12-09 23:09:06.977,0.017,0.015594753,-0.0014052465632557881,0.018
2024-12-09 23:19:06.979,0.017,0.015117783,-0.0018822169005870831,0.018
2024-12-09 23:29:08.953,0.017,0.017498914,0.0004989141523838031,0.026
2024-12-09 23:39:09.017,0.017,0.016474478,-0.000525522053241731,0.017
2024-12-09 23:49:08.744,0.017,0.016216272,-0.0007837275117635739,0.018
2024-12-09 23:59:07.145,0.025,0.01462467,-0.010375329852104188,0.018
2024-12-10 00:09:06.746,0.025,0.016547251,-0.008452748507261278,0.018
2024-12-10 00:19:07.049,0.017,0.016114797,-0.0008852025568485272,0.017
2024-12-10 00:29:06.665,0.017,0.015473471,-0.0015265289768576634,0.017
2024-12-10 00:39:07.258,0.017,0.015473471,-0.0015265289768576634,0.017
2024-12-10 00:49:07.533,0.017,0.015422996,-0.0015770038664340985,0.017
2024-12-10 00:59:09.637,0.017,0.015422996,-0.0015770038664340985,0.017
2024-12-10 01:09:07.823,0.017,0.017739305,0.0007393052726984012,0.025
2024-12-10 01:19:07.827,0.017,0.019706087,0.0027060871869325626,0.025
2024-12-10 01:29:06.809,0.017,0.019859461,0.002859461113810538,0.017
2024-12-10 01:39:06.851,0.017,0.018638963,0.0016389628797769534,0.017
2024-12-10 01:49:08.150,0.017,0.016788527,-0.00021147263050079468,0.017
2024-12-10 01:59:07.040,0.017,0.016806854,-0.0001931460648775113,0.017
2024-12-10 02:09:07.535,0.017,0.016546,-0.00045400020480156067,0.017
2024-12-10 02:19:08.258,0.017,0.016015284,-0.0009847162365913403,0.017
2024-12-10 02:29:07.407,0.025,0.016631717,-0.008368283137679101,0.017
2024-12-10 02:39:09.932,0.025,0.019610327,-0.00538967326283455,0.017
2024-12-10 02:49:06.915,0.024,0.019610327,-0.0043896732628345494,0.017
2024-12-10 02:59:09.209,0.024,0.016899887,-0.007100112527608872,0.017
2024-12-10 03:09:07.490,0.024,0.017260673,-0.006739327475428582,0.017
2024-12-10 03:19:07.912,0.024,0.017260673,-0.006739327475428582,0.017
2024-12-10 03:29:07.390,0.024,0.017279,-0.006721000909805298,0.017
2024-12-10 03:39:07.524,0.024,0.019641802,-0.004358198285102845,0.025
2024-12-10 03:49:06.975,0.024,0.022026675,-0.0019733251780271535,0.025
2024-12-10 03:59:06.916,0.024,0.025722736,0.0017227364927530284,0.024
2024-12-10 04:09:07.667,0.025,0.02830059,0.0033005908131599412,0.024
2024-12-10 04:19:07.002,0.024,0.030992718,0.006992718413472175,0.024
2024-12-10 04:29:06.851,0.025,0.030794188,0.005794188380241393,0.024
2024-12-10 04:39:07.290,0.016,0.030992718,0.014992718413472175,0.024
2024-12-10 04:49:07.838,0.016,0.028321393,0.012321392834186554,0.024
2024-12-10 04:59:07.634,0.016,0.028321393,0.012321392834186554,0.024
2024-12-10 05:09:07.420,0.016,0.027944537,0.011944536879658699,0.024
2024-12-10 05:19:08.037,0.016,0.02792621,0.011926210314035415,0.025
2024-12-10 05:29:07.011,0.016,0.02792552,0.01192551927268505,0.024
2024-12-10 05:39:07.536,0.016,0.027892448,0.011892448008060455,0.025
2024-12-10 05:49:07.399,0.016,0.027758123,0.011758123353123665,0.016
2024-12-10 06:09:08.955,0.016,0.0293784,0.01337839925289154,0.016
2024-12-10 06:19:07.774,0.016,0.02421379,0.008213790893554687,0.016
2024-12-10 06:29:06.952,0.016,0.020533161,0.004533161237835884,0.016
2024-12-10 06:39:09.437,0.016,0.019696161,0.0036961611509323117,0.016
2024-12-10 06:49:07.141,0.017,0.020016482,0.0030164820998907077,0.016
2024-12-10 06:59:07.635,0.016,0.020244576,0.004244576036930084,0.016
2024-12-10 07:09:07.361,0.016,0.022020962,0.006020962089300155,0.016
2024-12-10 07:19:07.505,0.016,0.023177763,0.007177763447165489,0.016
2024-12-10 07:29:07.559,0.041,0.022293804,-0.018706195786595346,0.016
2024-12-10 07:39:11.435,0.04,0.03469466,-0.005305339545011521,0.016
2024-12-10 07:49:07.291,0.04,0.036016986,-0.003983014225959779,0.016
2024-12-10 07:59:07.756,0.047,0.036032468,-0.01096753191947937,0.017
2024-12-10 08:09:07.273,0.054,0.03759771,-0.01640229159593582,0.016
2024-12-10 08:19:08.393,0.03,0.046327457,0.01632745683193207,0.016
2024-12-10 08:29:06.832,0.037,0.03188874,-0.005111261725425718,0.016
2024-12-10 08:39:08.530,0.03,0.04043744,0.01043744131922722,0.041
2024-12-10 08:49:06.917,0.038,0.05000872,0.01200872164964676,0.04
2024-12-10 08:59:07.113,0.049,0.055395346,0.006395346134901045,0.04
2024-12-10 09:09:07.471,0.046,0.058183823,0.01218382278084755,0.047
2024-12-10 09:19:08.924,0.054,0.059125207,0.005125207364559174,0.054
2024-12-10 09:29:07.271,0.046,0.05507341,0.009073410272598267,0.03
2024-12-10 09:39:07.969,0.046,0.04955637,0.003556370824575425,0.037
2024-12-10 09:49:08.149,0.046,0.049498204,0.0034982041418552406,0.03
2024-12-10 09:59:07.367,0.054,0.049484182,-0.00451581785082817,0.038
2024-12-10 10:09:08.019,0.046,0.056098077,0.010098077446222306,0.049
2024-12-10 10:19:07.291,0.032,0.049552497,0.017552496522665023,0.046
2024-12-10 10:29:07.791,0.04,0.04532749,0.005327488332986831,0.054
2024-12-10 10:39:07.854,0.032,0.049111843,0.01711184310913086,0.046
2024-12-10 10:49:07.425,0.032,0.044100046,0.012100046157836913,0.046
2024-12-10 10:59:09.881,0.032,0.044085305,0.0120853051841259,0.046
2024-12-10 11:09:07.752,0.04,0.046226718,0.00622671753168106,0.054
2024-12-10 11:19:07.184,0.032,0.046466194,0.014466194093227386,0.046
2024-12-10 11:29:07.563,0.033,0.044843506,0.011843506067991255,0.032
2024-12-10 11:39:08.659,0.033,0.0443798,0.011379800558090208,0.04
2024-12-10 11:49:07.076,0.041,0.04415552,0.0031555194556713087,0.032
2024-12-10 11:59:08.247,0.033,0.049547482,0.016547482281923293,0.032
2024-12-10 12:09:07.496,0.033,0.043036178,0.010036177754402159,0.032
2024-12-10 12:19:07.732,0.015,0.043566227,0.028566226959228516,0.04
2024-12-10 12:29:07.328,0.007,0.037511677,0.0305116765499115,0.032
2024-12-10 12:39:09.690,0.0,0.029774055,0.029774054884910583,0.033
2024-12-10 12:49:08.654,0.016,0.027937999,0.011937998995184898,0.033
2024-12-10 12:59:07.688,0.015,0.038015865,0.023015864789485932,0.041
2024-12-10 13:09:07.179,0.015,0.038127244,0.023127243518829346,0.033
2024-12-10 13:19:07.350,0.015,0.037462942,0.02246294230222702,0.033
2024-12-10 13:29:07.746,0.023,0.03816436,0.015164358586072922,0.015
2024-12-10 13:39:07.041,0.015,0.047554478,0.03255447804927826,0.007
2024-12-10 13:49:08.928,0.015,0.044447064,0.02944706439971924,0.0
2024-12-10 13:59:08.240,0.015,0.03620842,0.021208420991897584,0.016
2024-12-10 14:09:07.857,0.0,0.030458823,0.03045882284641266,0.015
2024-12-10 14:19:09.096,0.0,0.019382784,0.019382784143090248,0.015
2024-12-10 14:29:06.951,0.007,0.018028297,0.011028296530246735,0.015
2024-12-10 14:39:07.611,0.017,0.016612448,-0.0003875522017478955,0.023
2024-12-10 14:49:06.980,0.015,0.025872026,0.010872025638818741,0.015
2024-12-10 14:59:07.576,0.015,0.025582071,0.010582071393728257,0.015
2024-12-10 15:09:07.483,0.023,0.024635116,0.0016351156383752827,0.015
2024-12-10 15:19:07.040,0.015,0.023076441,0.008076441138982773,0.0
2024-12-10 15:29:10.084,0.015,0.025388619,0.010388618931174279,0.0
2024-12-10 15:39:06.880,0.023,0.024373611,0.0013736114352941517,0.007
2024-12-10 15:49:10.146,0.015,0.025018064,0.010018064305186272,0.017
2024-12-10 15:59:07.376,0.015,0.024446972,0.009446971714496613,0.015
2024-12-10 16:09:07.240,0.023,0.023929823,0.0009298231899738316,0.015
2024-12-10 16:19:07.144,0.015,0.02526159,0.010261590257287026,0.023
2024-12-10 16:29:07.250,0.015,0.023914224,0.008914223536849022,0.015
2024-12-10 16:39:07.522,0.015,0.024019437,0.009019436910748482,0.015
2024-12-10 16:49:08.103,0.015,0.024364201,0.009364201352000237,0.023
2024-12-10 16:59:08.524,0.015,0.023824176,0.008824175819754601,0.015
2024-12-10 17:09:06.843,0.025,0.02379097,-0.0012090295553207411,0.015
2024-12-10 17:19:06.640,0.01,0.035192307,0.02519230708479881,0.023
2024-12-10 17:29:07.660,0.018,0.026191201,0.008191201061010362,0.015
2024-12-10 17:39:07.743,0.01,0.024251971,0.014251971393823623,0.015
2024-12-10 17:49:07.524,0.01,0.026191201,0.01619120106101036,0.015
2024-12-10 17:59:06.752,0.01,0.026731227,0.016731226593255995,0.015
2024-12-10 18:09:07.215,0.01,0.024638314,0.014638313800096512,0.015
2024-12-10 18:19:07.613,0.01,0.027135413,0.017135413140058516,0.025
2024-12-10 18:29:07.117,0.01,0.023781043,0.013781042546033859,0.01
2024-12-10 18:39:08.897,0.01,0.023692993,0.013692993447184562,0.018
2024-12-10 18:49:09.346,0.01,0.02401426,0.014014260619878769,0.01
2024-12-10 18:59:06.857,0.019,0.023659639,0.004659639060497284,0.01
2024-12-10 19:09:07.964,0.019,0.020348158,0.0013481577336788182,0.01
2024-12-10 19:19:07.774,0.019,0.017561078,-0.0014389219284057612,0.01
2024-12-10 19:29:07.326,0.01,0.017360827,0.007360826954245567,0.01
2024-12-10 19:39:06.839,0.01,0.018229771,0.00822977140545845,0.01
2024-12-10 19:49:08.579,0.01,0.01884608,0.00884607970714569,0.01
2024-12-10 19:59:07.029,0.056,0.019916365,-0.036083635076880456,0.01
2024-12-10 20:10:21.553,0.011,0.050113093,0.03911309310793877,0.019
2024-12-10 20:19:07.556,0.011,0.019427247,0.008427247345447541,0.019
2024-12-10 20:30:07.073,0.011,0.02016036,0.009160360261797906,0.019
2024-12-10 20:39:07.695,0.011,0.019306926,0.008306926056742669,0.01
2024-12-10 20:49:06.527,0.011,0.018218314,0.007218314275145531,0.01
2024-12-10 20:59:07.053,0.011,0.018218314,0.007218314275145531,0.01
2024-12-10 21:09:08.453,0.0,0.034436,0.034435998648405075,0.056
2024-12-10 21:19:07.852,0.0,0.022906717,0.022906716912984848,0.011
2024-12-10 21:29:07.978,0.0,0.022390451,0.022390451282262802,0.011
2024-12-10 21:39:07.403,0.0,0.019841205,0.019841205328702927,0.011
2024-12-10 21:49:06.633,0.0,0.018415065,0.018415065482258797,0.011
2024-12-10 21:59:06.671,0.0,0.01820145,0.018201449885964394,0.011
2024-12-10 22:09:08.252,0.0,0.0068050865,0.006805086508393288,0.011
2024-12-10 22:19:06.825,0.0,0.0063464222,0.0063464222475886345,0.0
2024-12-10 22:29:07.005,0.0,0.006541717,0.006541716866195202,0.0
2024-12-10 22:39:07.320,0.0,0.006541717,0.006541716866195202,0.0
2024-12-10 22:49:07.678,0.0,0.0078356275,0.007835627533495426,0.0
2024-12-10 22:59:07.481,0.0,0.008049244,0.008049244061112404,0.0
2024-12-10 23:09:08.414,0.0,0.006328095,0.006328095216304064,0.0
2024-12-10 23:19:07.499,0.0,0.0076120044,0.0076120044104754925,0.0
2024-12-10 23:29:07.328,0.0,0.0063464222,0.0063464222475886345,0.0
2024-12-10 23:39:07.394,0.0,0.0067695864,0.006769586354494095,0.0
2024-12-10 23:49:07.282,0.0,0.006328095,0.006328095216304064,0.0
2024-12-10 23:59:06.882,0.0,0.006328095,0.006328095216304064,0.0
2024-12-11 00:09:08.115,0.0,0.0072977976,0.007297797594219446,0.0
2024-12-11 00:19:06.999,0.0,0.0075114192,0.007511419244110584,0.0
2024-12-11 00:29:07.168,0.0,0.0075114192,0.007511419244110584,0.0
2024-12-11 00:39:07.312,0.0,0.0075114192,0.007511419244110584,0.0
2024-12-11 00:49:08.347,0.0,0.010222307,0.010222307406365871,0.0
2024-12-11 00:59:07.460,0.0,0.0075618937,0.007561893668025732,0.0
2024-12-11 01:09:07.705,0.0,0.007764327,0.007764326874166727,0.0
2024-12-11 01:19:07.499,0.0,0.0076382994,0.007638299372047186,0.0
2024-12-11 01:29:07.509,0.0,0.008589694,0.008589694276452065,0.0
2024-12-11 01:39:06.746,0.0,0.0072813174,0.007281317375600338,0.0
2024-12-11 01:49:07.018,0.008,0.007494939,-0.0005050609745085241,0.0
2024-12-11 01:59:06.853,0.008,0.010011877,0.002011876933276653,0.0
2024-12-11 02:09:08.460,0.0,0.010433166,0.010433166287839413,0.0
2024-12-11 02:19:07.192,0.0,0.010521818,0.010521817952394485,0.0
2024-12-11 02:29:07.066,0.0,0.0076560923,0.007656092289835215,0.0
2024-12-11 02:39:06.844,0.0,0.0076377653,0.007637765258550644,0.0
2024-12-11 02:49:07.744,0.0,0.01050349,0.010503490455448627,0.0
2024-12-11 02:59:08.658,0.0,0.0076377653,0.007637765258550644,0.008
2024-12-11 03:09:07.145,0.0,0.007762829,0.007762828841805458,0.008
2024-12-11 03:19:07.220,0.0,0.0075858585,0.0075858584605157375,0.0
2024-12-11 03:29:07.628,0.008,0.0075858585,-0.00041414153948426263,0.0
2024-12-11 03:39:08.095,0.0,0.010316419,0.010316419415175915,0.0
2024-12-11 03:49:06.563,0.0,0.0075675314,0.007567531429231167,0.0
2024-12-11 03:59:07.445,0.0,0.007762829,0.007762828841805458,0.0
2024-12-11 04:09:07.447,0.0,0.007762829,0.007762828841805458,0.0
2024-12-11 04:19:07.595,0.0,0.0075675314,0.007567531429231167,0.0
2024-12-11 04:29:07.288,0.0,0.0075858585,0.0075858584605157375,0.0
2024-12-11 04:39:06.789,0.0,0.0075858585,0.0075858584605157375,0.008
2024-12-11 04:49:07.253,0.008,0.007762829,-0.0002371711581945421,0.0
2024-12-11 04:59:07.552,0.0,0.0075838114,0.007583811413496733,0.0
2024-12-11 05:09:07.006,0.0,0.007259058,0.007259057834744453,0.0
2024-12-11 05:19:07.390,0.0,0.010143111,0.01014311145991087,0.0
2024-12-11 05:29:09.865,0.0,0.007277385,0.007277384866029024,0.0
2024-12-11 05:39:07.564,0.0,0.0111415675,0.01114156749099493,0.0
2024-12-11 05:49:07.172,0.007,0.0070820902,8.20902474224566e-05,0.0
2024-12-11 05:59:08.476,0.0,0.009881454,0.009881453588604927,0.008
2024-12-11 06:09:06.697,0.0,0.010111972,0.010111971758306026,0.0
2024-12-11 06:19:07.497,0.0,0.012996013,0.012996013276278973,0.0
2024-12-11 06:29:07.734,0.0,0.012977686,0.012977685779333115,0.0
2024-12-11 06:39:08.248,0.0,0.010130299,0.010130299255251884,0.0
2024-12-11 06:49:07.083,0.007,0.012996013,0.0059960132762789725,0.0
2024-12-11 06:59:07.471,0.0,0.009951283,0.009951283223927021,0.007
2024-12-11 07:09:07.961,0.0,0.012707027,0.012707026675343513,0.0
2024-12-11 07:19:08.168,0.0,0.012870967,0.012870967388153076,0.0
2024-12-11 07:29:08.560,0.0,0.012870967,0.012870967388153076,0.0
2024-12-11 07:39:07.122,0.015,0.012909318,-0.0020906816795468325,0.0
2024-12-11 07:49:08.828,0.013,0.02231585,0.009315850481390954,0.0
2024-12-11 07:59:07.466,0.03,0.023110954,-0.006889045909047126,0.007
2024-12-11 08:09:09.510,0.027,0.033396043,0.006396042883396149,0.0
2024-12-11 08:19:07.022,0.07200000000000001,0.041583482,-0.030416517823934563,0.0
2024-12-11 08:29:07.136,0.07100000000000001,0.071021065,2.1065115928642353e-05,0.0
2024-12-11 08:39:07.508,0.094,0.07091347,-0.023086528718471527,0.0
2024-12-11 08:49:07.484,0.08600000000000001,0.093797944,0.007797944486141198,0.015
2024-12-11 08:59:07.855,0.08700000000000001,0.08336814,-0.0036318625211715777,0.013
2024-12-11 09:09:09.120,0.093,0.085897975,-0.00710202533006668,0.03
2024-12-11 09:19:09.486,0.089,0.12232351,0.033323513031005864,0.027
2024-12-11 09:29:07.330,0.08700000000000001,0.117935665,0.030935664951801292,0.07200000000000001
2024-12-11 09:39:08.154,0.08700000000000001,0.11358024,0.026580241799354545,0.07100000000000001
2024-12-11 09:49:07.730,0.08,0.123153046,0.04315304577350616,0.094
2024-12-11 09:59:07.082,0.07100000000000001,0.116582274,0.045582274436950676,0.08600000000000001
2024-12-11 10:09:07.932,0.089,0.11172284,0.022722841858863835,0.08700000000000001
2024-12-11 10:19:07.768,0.088,0.112811886,0.024811885774135595,0.093
2024-12-11 10:29:07.081,0.08700000000000001,0.11274119,0.02574118721485137,0.089
2024-12-11 10:39:07.406,0.11,0.11336326,0.00336325854063034,0.08700000000000001
2024-12-11 10:49:08.427,0.104,0.14610705,0.042107047796249394,0.08700000000000001
2024-12-11 10:59:09.100,0.104,0.13989162,0.0358916244506836,0.08
2024-12-11 11:09:07.167,0.131,0.1379877,0.006987703084945673,0.07100000000000001
2024-12-11 11:19:08.929,0.152,0.15066934,-0.0013306636810302697,0.089
2024-12-11 11:29:08.689,0.149,0.15793118,0.008931178808212287,0.088
2024-12-11 11:39:10.218,0.189,0.1520028,-0.03699720346927643,0.08700000000000001
2024-12-11 11:49:08.061,0.152,0.18840024,0.036400238752365116,0.11
2024-12-11 11:59:08.048,0.133,0.16002154,0.02702154350280761,0.104
2024-12-11 12:09:06.921,0.113,0.15630774,0.043307741999626156,0.104
2024-12-11 12:19:09.321,0.113,0.152256,0.03925599706172943,0.131
2024-12-11 12:29:10.353,0.081,0.152256,0.07125599706172943,0.152
2024-12-11 12:39:08.538,0.07,0.11521854,0.04521854251623153,0.149
2024-12-11 12:49:08.221,0.088,0.112412654,0.02441265386343003,0.189
2024-12-11 12:59:07.737,0.08700000000000001,0.12863396,0.041633961081504814,0.152
2024-12-11 13:09:08.121,0.08600000000000001,0.12869915,0.0426991536617279,0.133
2024-12-11 13:19:09.181,0.08600000000000001,0.124809645,0.038809645116329186,0.113
2024-12-11 13:29:11.813,0.094,0.12546635,0.031466346740722656,0.113
2024-12-11 13:39:06.818,0.084,0.13502394,0.051023936629295344,0.081
2024-12-11 13:49:08.045,0.084,0.102422066,0.0184220660328865,0.07
2024-12-11 13:59:08.183,0.079,0.10114464,0.022144641637802123,0.088
2024-12-11 14:09:08.077,0.158,0.09455672,-0.06344328093528748,0.08700000000000001
2024-12-11 14:19:07.086,0.159,0.1814267,0.02242670392990112,0.08600000000000001
2024-12-11 14:29:07.031,0.172,0.1785249,0.006524896502494826,0.08600000000000001
2024-12-11 14:39:08.633,0.165,0.1806563,0.015656298995017998,0.094
2024-12-11 14:49:07.200,0.162,0.17928079,0.017280787706375117,0.084
2024-12-11 14:59:07.707,0.151,0.1815192,0.03051919543743134,0.084
2024-12-11 15:09:08.170,0.144,0.1559698,0.0119697985649109,0.079
2024-12-11 15:19:07.427,0.143,0.16904405,0.026044047594070446,0.158
2024-12-11 15:29:08.742,0.143,0.1577561,0.014756105065345776,0.159
2024-12-11 15:39:08.651,0.141,0.1579822,0.016982200384140028,0.172
2024-12-11 15:49:07.667,0.149,0.15793663,0.008936632633209235,0.165
2024-12-11 15:59:07.399,0.142,0.15985179,0.017851789474487317,0.162
2024-12-11 16:09:06.747,0.141,0.15709358,0.016093584537506117,0.151
2024-12-11 16:19:07.021,0.14,0.15709358,0.01709358453750609,0.144
2024-12-11 16:29:07.760,0.079,0.1593008,0.08030080413818359,0.143
2024-12-11 16:39:07.223,0.065,0.09360635,0.028606352806091306,0.143
2024-12-11 16:49:07.242,0.066,0.081788726,0.01578872615098953,0.141
2024-12-11 16:59:07.639,0.03,0.080750905,0.050750904977321626,0.149
2024-12-11 17:09:07.558,0.04,0.059980564,0.019980563819408416,0.142
2024-12-11 17:19:08.639,0.041,0.075735204,0.03473520392179489,0.141
2024-12-11 17:29:11.297,0.041,0.075250305,0.03425030523538589,0.14
2024-12-11 17:39:07.973,0.041,0.077894166,0.036894166111946104,0.079
2024-12-11 17:49:06.907,0.041,0.07496722,0.03396722042560577,0.065
2024-12-11 17:59:08.930,0.011,0.066907234,0.05590723448991776,0.066
2024-12-11 18:09:06.884,0.01,0.0469036,0.03690359905362129,0.03
2024-12-11 18:19:06.986,0.019,0.04579783,0.02679782858490944,0.04
2024-12-11 18:29:06.451,0.019,0.04642083,0.027420831233263016,0.041
2024-12-11 18:39:06.750,0.019,0.04402356,0.025023558497428895,0.041
2024-12-11 18:49:06.820,0.019,0.04361527,0.024615270406007767,0.041
2024-12-11 18:59:07.513,0.011,0.03652937,0.02552936965227127,0.041
2024-12-11 19:09:07.657,0.011,0.04210843,0.031108431458473206,0.011
2024-12-11 19:19:06.733,0.011,0.0410649,0.030064899414777756,0.01
2024-12-11 19:29:07.936,0.011,0.038143367,0.02714336657524109,0.019
2024-12-11 19:39:07.215,0.011,0.038143367,0.02714336657524109,0.019
2024-12-11 19:49:07.719,0.011,0.029923622,0.01892362156510353,0.019
2024-12-11 19:59:06.887,0.011,0.024925573,0.01392557279765606,0.019
2024-12-11 20:09:06.714,0.011,0.022051563,0.011051563486456872,0.011
2024-12-11 20:19:07.412,0.011,0.020981278,0.009981278270483018,0.011
2024-12-11 20:29:07.152,0.011,0.02001569,0.009015690475702286,0.011
2024-12-11 20:39:06.762,0.011,0.020687835,0.009687835291028023,0.011
2024-12-11 20:49:06.777,0.011,0.019581042,0.008581042230129243,0.011
2024-12-11 20:59:09.531,0.011,0.019477192,0.00847719231247902,0.011
2024-12-11 21:09:06.947,0.0,0.018970856,0.018970856443047523,0.011
2024-12-11 21:19:06.832,0.0,0.0096358135,0.009635813534259796,0.011
2024-12-11 21:29:06.889,0.0,0.008771021,0.008771020919084549,0.011
2024-12-11 21:39:07.316,0.0,0.008178233,0.008178233169019222,0.011
2024-12-11 21:49:07.648,0.0,0.006695085,0.00669508520513773,0.011
2024-12-11 21:59:06.979,0.0,0.0065541225,0.006554122548550367,0.011
2024-12-11 22:09:06.829,0.0,0.00656766,0.006567659787833691,0.011
2024-12-11 22:19:07.169,0.0,0.006090666,0.00609066616743803,0.0
2024-12-11 22:29:06.895,0.0,0.0071609537,0.007160953711718321,0.0
2024-12-11 22:39:07.534,0.0,0.006090666,0.00609066616743803,0.0
2024-12-11 22:49:07.224,0.0,0.006090666,0.00609066616743803,0.0
2024-12-11 22:59:08.007,0.0,0.006072339,0.0060723391361534595,0.0
2024-12-11 23:09:06.950,0.0,0.006072339,0.0060723391361534595,0.0
2024-12-11 23:19:11.632,0.0,0.006090666,0.00609066616743803,0.0
2024-12-11 23:29:06.707,0.0,0.006090666,0.00609066616743803,0.0
2024-12-11 23:39:06.794,0.0,0.0071609537,0.007160953711718321,0.0
2024-12-11 23:49:07.818,0.0,0.006072339,0.0060723391361534595,0.0
2024-12-11 23:59:07.521,0.0,0.006090666,0.00609066616743803,0.0
2024-12-12 00:09:09.362,0.0,0.0070603685,0.007060368545353413,0.0
2024-12-12 00:19:07.277,0.0,0.008103381,0.008103380911052227,0.0
2024-12-12 00:29:06.545,0.0,0.0070603685,0.007060368545353413,0.0
2024-12-12 00:39:06.731,0.0,0.0070603685,0.007060368545353413,0.0
2024-12-12 00:49:08.878,0.0,0.0070603685,0.007060368545353413,0.0
2024-12-12 00:59:06.759,0.0,0.0070420415,0.007042041514068842,0.0
2024-12-12 01:09:07.012,0.0,0.0071672197,0.007167219650000334,0.0
2024-12-12 01:19:07.764,0.0,0.0071855467,0.0071855466812849045,0.0
2024-12-12 01:29:06.650,0.0,0.008228556,0.008228556253015995,0.0
2024-12-12 01:39:06.746,0.0,0.0071855467,0.0071855466812849045,0.0
2024-12-12 01:49:07.668,0.0,0.0071855467,0.0071855466812849045,0.0
2024-12-12 01:59:06.958,0.0,0.0071672197,0.007167219650000334,0.0
2024-12-12 02:09:07.868,0.0,0.0073467,0.007346699945628643,0.0
2024-12-12 02:19:08.842,0.0,0.007328373,0.007328372914344072,0.0
2024-12-12 02:29:06.912,0.0,0.0073467,0.007346699945628643,0.0
2024-12-12 02:39:07.596,0.0,0.0073467,0.007346699945628643,0.0
2024-12-12 02:49:07.363,0.0,0.007328373,0.007328372914344072,0.0
2024-12-12 02:59:07.194,0.0,0.007328373,0.007328372914344072,0.0
2024-12-12 03:09:07.353,0.0,0.0074534337,0.007453433703631163,0.0
2024-12-12 03:19:07.200,0.0,0.0074717607,0.007471760734915733,0.0
2024-12-12 03:29:06.874,0.0,0.0074534337,0.007453433703631163,0.0
2024-12-12 03:39:07.123,0.0,0.0074717607,0.007471760734915733,0.0
2024-12-12 03:49:07.274,0.0,0.0074717607,0.007471760734915733,0.0
2024-12-12 03:59:07.499,0.0,0.0074717607,0.007471760734915733,0.0
2024-12-12 04:09:07.869,0.0,0.0074534337,0.007453433703631163,0.0
2024-12-12 04:19:06.776,0.0,0.0074717607,0.007471760734915733,0.0
2024-12-12 04:29:06.817,0.0,0.0074717607,0.007471760734915733,0.0
2024-12-12 04:39:07.939,0.0,0.00850148,0.008501480333507061,0.0
2024-12-12 04:49:08.273,0.0,0.0074534337,0.007453433703631163,0.0
2024-12-12 04:59:15.250,0.0,0.007522235,0.007522235158830881,0.0
2024-12-12 05:09:07.194,0.0,0.007036794,0.007036793977022171,0.0
2024-12-12 05:19:07.988,0.0,0.007036794,0.007036793977022171,0.0
2024-12-12 05:29:07.425,0.0,0.007018467,0.0070184669457376,0.0
2024-12-12 05:39:06.854,0.0,0.007036794,0.007036793977022171,0.0
2024-12-12 05:49:08.409,0.0,0.007018467,0.0070184669457376,0.0
2024-12-12 05:59:08.193,0.0,0.007036794,0.007036793977022171,0.0
2024-12-12 06:09:08.357,0.0,0.00980258,0.009802579879760742,0.0
2024-12-12 06:19:07.308,0.008,0.00980258,0.001802579879760742,0.0
2024-12-12 06:29:10.427,0.008,0.012792548,0.0047925481647253035,0.0
2024-12-12 06:39:07.105,0.008,0.009951283,0.0019512832239270209,0.0
2024-12-12 06:49:06.962,0.0,0.013086483,0.013086482882499695,0.0
2024-12-12 06:59:07.690,0.0,0.010000027,0.010000026784837246,0.0
2024-12-12 07:09:06.657,0.0,0.012590532,0.012590532191097736,0.0
2024-12-12 07:19:08.322,0.0,0.012724555,0.012724555097520351,0.0
2024-12-12 07:29:06.991,0.0,0.013737753,0.013737753033638,0.008
2024-12-12 07:39:07.570,0.017,0.012581598,-0.004418401986360551,0.008
2024-12-12 07:49:07.506,0.015,0.02417136,0.009171359837055207,0.008
2024-12-12 07:59:07.285,0.015,0.023881406,0.008881405591964722,0.0
2024-12-12 08:09:07.402,0.015,0.02628446,0.011284459978342057,0.0
2024-12-12 08:19:07.187,0.015,0.026280155,0.011280155405402184,0.0
2024-12-12 08:29:10.238,0.015,0.024539769,0.0095397686958313,0.0
2024-12-12 08:39:07.088,0.0,0.025554048,0.025554047897458076,0.0
2024-12-12 08:49:12.460,0.016,0.014430141,-0.0015698589235544208,0.017
2024-12-12 08:59:07.813,0.015,0.025795585,0.010795584544539452,0.015
2024-12-12 09:09:09.423,0.015,0.026751094,0.011751093566417695,0.015
2024-12-12 09:19:08.247,0.015,0.02450208,0.00950207993388176,0.015
2024-12-12 09:29:07.130,0.023,0.024500264,0.0015002638548612598,0.015
2024-12-12 09:39:07.305,0.023,0.027209977,0.004209976688027382,0.015
2024-12-12 09:49:07.196,0.015,0.02520617,0.010206169113516808,0.0
2024-12-12 09:59:07.464,0.015,0.02658831,0.011588309556245804,0.016
2024-12-12 10:09:07.334,0.015,0.025754625,0.010754624977707863,0.015
2024-12-12 10:19:07.344,0.015,0.024413873,0.009413872510194779,0.015
